FID	IID	sex	ancestry
HG00096	HG00096	M	EUR
HG00097	HG00097	F	EUR
HG00098	HG00098	M	EUR
HG00099	HG00099	F	EUR
HG00100	HG00100	F	EUR
HG00101	HG00101	M	EUR
HG00102	HG00102	F	EUR
HG00103	HG00103	M	EUR
HG00104	HG00104	F	EUR
HG00105	HG00105	M	EUR
HG00106	HG00106	F	EUR
HG00107	HG00107	M	EUR
HG00108	HG00108	M	EUR
HG00109	HG00109	M	EUR
HG00110	HG00110	F	EUR
HG00111	HG00111	F	EUR
HG00112	HG00112	M	EUR
HG00113	HG00113	M	EUR
HG00114	HG00114	M	EUR
HG00115	HG00115	M	EUR
HG00116	HG00116	M	EUR
HG00117	HG00117	M	EUR
HG00118	HG00118	F	EUR
HG00119	HG00119	M	EUR
HG00120	HG00120	F	EUR
HG00121	HG00121	F	EUR
HG00122	HG00122	F	EUR
HG00123	HG00123	F	EUR
HG00124	HG00124	F	EUR
HG00125	HG00125	F	EUR
HG00126	HG00126	M	EUR
HG00127	HG00127	F	EUR
HG00128	HG00128	F	EUR
HG00129	HG00129	M	EUR
HG00130	HG00130	F	EUR
HG00131	HG00131	M	EUR
HG00132	HG00132	F	EUR
HG00133	HG00133	F	EUR
HG00134	HG00134	F	EUR
HG00135	HG00135	F	EUR
HG00136	HG00136	M	EUR
HG00137	HG00137	F	EUR
HG00138	HG00138	M	EUR
HG00139	HG00139	M	EUR
HG00140	HG00140	M	EUR
HG00141	HG00141	M	EUR
HG00142	HG00142	M	EUR
HG00143	HG00143	M	EUR
HG00144	HG00144	F	EUR
HG00145	HG00145	M	EUR
HG00146	HG00146	F	EUR
HG00147	HG00147	F	EUR
HG00148	HG00148	M	EUR
HG00149	HG00149	M	EUR
HG00150	HG00150	F	EUR
HG00151	HG00151	M	EUR
HG00152	HG00152	M	EUR
HG00153	HG00153	F	EUR
HG00154	HG00154	F	EUR
HG00155	HG00155	M	EUR
HG00156	HG00156	M	EUR
HG00157	HG00157	M	EUR
HG00158	HG00158	F	EUR
HG00159	HG00159	M	EUR
HG00160	HG00160	M	EUR
HG00171	HG00171	F	EUR
HG00173	HG00173	F	EUR
HG00174	HG00174	F	EUR
HG00176	HG00176	F	EUR
HG00177	HG00177	F	EUR
HG00178	HG00178	F	EUR
HG00179	HG00179	F	EUR
HG00180	HG00180	F	EUR
HG00181	HG00181	M	EUR
HG00182	HG00182	M	EUR
HG00183	HG00183	M	EUR
HG00185	HG00185	M	EUR
HG00186	HG00186	M	EUR
HG00187	HG00187	M	EUR
HG00188	HG00188	M	EUR
HG00189	HG00189	M	EUR
HG00190	HG00190	M	EUR
HG00231	HG00231	F	EUR
HG00232	HG00232	F	EUR
HG00233	HG00233	F	EUR
HG00234	HG00234	M	EUR
HG00235	HG00235	F	EUR
HG00236	HG00236	F	EUR
HG00237	HG00237	F	EUR
HG00238	HG00238	F	EUR
HG00239	HG00239	F	EUR
HG00240	HG00240	F	EUR
HG00242	HG00242	M	EUR
HG00243	HG00243	M	EUR
HG00244	HG00244	M	EUR
HG00245	HG00245	F	EUR
HG00246	HG00246	M	EUR
HG00247	HG00247	F	EUR
HG00248	HG00248	F	EUR
HG00249	HG00249	F	EUR
HG00250	HG00250	F	EUR
HG00251	HG00251	M	EUR
HG00252	HG00252	M	EUR
HG00253	HG00253	F	EUR
HG00254	HG00254	F	EUR
HG00255	HG00255	F	EUR
HG00256	HG00256	M	EUR
HG00257	HG00257	F	EUR
HG00258	HG00258	F	EUR
HG00259	HG00259	F	EUR
HG00260	HG00260	M	EUR
HG00261	HG00261	F	EUR
HG00262	HG00262	F	EUR
HG00263	HG00263	F	EUR
HG00264	HG00264	M	EUR
HG00265	HG00265	M	EUR
HG00266	HG00266	F	EUR
HG00267	HG00267	M	EUR
HG00268	HG00268	F	EUR
HG00269	HG00269	F	EUR
HG00270	HG00270	F	EUR
HG00271	HG00271	M	EUR
HG00272	HG00272	F	EUR
HG00273	HG00273	M	EUR
HG00274	HG00274	F	EUR
HG00275	HG00275	F	EUR
HG00276	HG00276	F	EUR
HG00277	HG00277	M	EUR
HG00278	HG00278	M	EUR
HG00280	HG00280	M	EUR
HG00281	HG00281	F	EUR
HG00282	HG00282	F	EUR
HG00284	HG00284	M	EUR
HG00285	HG00285	F	EUR
HG00288	HG00288	F	EUR
HG00290	HG00290	M	EUR
HG00302	HG00302	F	EUR
HG00303	HG00303	M	EUR
HG00304	HG00304	F	EUR
HG00306	HG00306	F	EUR
HG00308	HG00308	M	EUR
HG00309	HG00309	F	EUR
HG00310	HG00310	M	EUR
HG00311	HG00311	M	EUR
HG00312	HG00312	M	EUR
HG00313	HG00313	F	EUR
HG00315	HG00315	F	EUR
HG00318	HG00318	F	EUR
HG00319	HG00319	F	EUR
HG00320	HG00320	F	EUR
HG00321	HG00321	M	EUR
HG00323	HG00323	F	EUR
HG00324	HG00324	F	EUR
HG00325	HG00325	M	EUR
HG00326	HG00326	F	EUR
HG00327	HG00327	F	EUR
HG00328	HG00328	F	EUR
HG00329	HG00329	M	EUR
HG00330	HG00330	F	EUR
HG00331	HG00331	F	EUR
HG00332	HG00332	F	EUR
HG00334	HG00334	F	EUR
HG00335	HG00335	M	EUR
HG00336	HG00336	M	EUR
HG00337	HG00337	F	EUR
HG00338	HG00338	M	EUR
HG00339	HG00339	F	EUR
HG00341	HG00341	M	EUR
HG00342	HG00342	M	EUR
HG00343	HG00343	F	EUR
HG00344	HG00344	F	EUR
HG00345	HG00345	M	EUR
HG00346	HG00346	F	EUR
HG00349	HG00349	F	EUR
HG00350	HG00350	F	EUR
HG00351	HG00351	M	EUR
HG00353	HG00353	F	EUR
HG00355	HG00355	F	EUR
HG00356	HG00356	F	EUR
HG00357	HG00357	F	EUR
HG00358	HG00358	M	EUR
HG00359	HG00359	F	EUR
HG00360	HG00360	M	EUR
HG00361	HG00361	F	EUR
HG00362	HG00362	F	EUR
HG00364	HG00364	F	EUR
HG00365	HG00365	F	EUR
HG00366	HG00366	M	EUR
HG00367	HG00367	F	EUR
HG00368	HG00368	F	EUR
HG00369	HG00369	M	EUR
HG00371	HG00371	M	EUR
HG00372	HG00372	M	EUR
HG00373	HG00373	F	EUR
HG00375	HG00375	M	EUR
HG00376	HG00376	F	EUR
HG00377	HG00377	F	EUR
HG00378	HG00378	F	EUR
HG00379	HG00379	F	EUR
HG00380	HG00380	F	EUR
HG00381	HG00381	F	EUR
HG00382	HG00382	M	EUR
HG00383	HG00383	F	EUR
HG00384	HG00384	F	EUR
HG00403	HG00403	M	EAS
HG00404	HG00404	F	EAS
HG00405	HG00405	F	EAS
HG00406	HG00406	M	EAS
HG00407	HG00407	F	EAS
HG00408	HG00408	F	EAS
HG00409	HG00409	M	EAS
HG00410	HG00410	F	EAS
HG00411	HG00411	M	EAS
HG00418	HG00418	M	EAS
HG00419	HG00419	F	EAS
HG00420	HG00420	M	EAS
HG00421	HG00421	M	EAS
HG00422	HG00422	F	EAS
HG00423	HG00423	F	EAS
HG00427	HG00427	M	EAS
HG00428	HG00428	F	EAS
HG00429	HG00429	M	EAS
HG00436	HG00436	M	EAS
HG00437	HG00437	F	EAS
HG00438	HG00438	F	EAS
HG00442	HG00442	M	EAS
HG00443	HG00443	F	EAS
HG00444	HG00444	M	EAS
HG00445	HG00445	M	EAS
HG00446	HG00446	F	EAS
HG00447	HG00447	F	EAS
HG00448	HG00448	M	EAS
HG00449	HG00449	F	EAS
HG00450	HG00450	F	EAS
HG00451	HG00451	M	EAS
HG00452	HG00452	F	EAS
HG00453	HG00453	F	EAS
HG00457	HG00457	M	EAS
HG00458	HG00458	F	EAS
HG00459	HG00459	M	EAS
HG00463	HG00463	M	EAS
HG00464	HG00464	F	EAS
HG00465	HG00465	M	EAS
HG00472	HG00472	M	EAS
HG00473	HG00473	F	EAS
HG00474	HG00474	M	EAS
HG00475	HG00475	M	EAS
HG00476	HG00476	F	EAS
HG00477	HG00477	M	EAS
HG00478	HG00478	M	EAS
HG00479	HG00479	F	EAS
HG00480	HG00480	M	EAS
HG00500	HG00500	M	EAS
HG00501	HG00501	F	EAS
HG00502	HG00502	M	EAS
HG00512	HG00512	M	EAS
HG00513	HG00513	F	EAS
HG00514	HG00514	F	EAS
HG00524	HG00524	M	EAS
HG00525	HG00525	F	EAS
HG00526	HG00526	M	EAS
HG00530	HG00530	M	EAS
HG00531	HG00531	F	EAS
HG00532	HG00532	M	EAS
HG00533	HG00533	M	EAS
HG00534	HG00534	F	EAS
HG00535	HG00535	M	EAS
HG00536	HG00536	M	EAS
HG00537	HG00537	F	EAS
HG00538	HG00538	M	EAS
HG00542	HG00542	M	EAS
HG00543	HG00543	F	EAS
HG00544	HG00544	F	EAS
HG00551	HG00551	F	AMR
HG00552	HG00552	M	AMR
HG00553	HG00553	M	AMR
HG00554	HG00554	F	AMR
HG00555	HG00555	F	AMR
HG00556	HG00556	M	EAS
HG00557	HG00557	F	EAS
HG00558	HG00558	F	EAS
HG00559	HG00559	M	EAS
HG00560	HG00560	F	EAS
HG00561	HG00561	F	EAS
HG00565	HG00565	M	EAS
HG00566	HG00566	F	EAS
HG00567	HG00567	M	EAS
HG00577	HG00577	M	EAS
HG00578	HG00578	F	EAS
HG00579	HG00579	F	EAS
HG00580	HG00580	M	EAS
HG00581	HG00581	F	EAS
HG00582	HG00582	F	EAS
HG00583	HG00583	M	EAS
HG00584	HG00584	F	EAS
HG00585	HG00585	F	EAS
HG00589	HG00589	M	EAS
HG00590	HG00590	F	EAS
HG00591	HG00591	M	EAS
HG00592	HG00592	M	EAS
HG00593	HG00593	F	EAS
HG00594	HG00594	M	EAS
HG00595	HG00595	M	EAS
HG00596	HG00596	F	EAS
HG00597	HG00597	F	EAS
HG00598	HG00598	M	EAS
HG00599	HG00599	F	EAS
HG00600	HG00600	F	EAS
HG00607	HG00607	M	EAS
HG00608	HG00608	F	EAS
HG00609	HG00609	M	EAS
HG00610	HG00610	M	EAS
HG00611	HG00611	F	EAS
HG00612	HG00612	F	EAS
HG00613	HG00613	M	EAS
HG00614	HG00614	F	EAS
HG00615	HG00615	F	EAS
HG00619	HG00619	M	EAS
HG00620	HG00620	F	EAS
HG00621	HG00621	M	EAS
HG00622	HG00622	M	EAS
HG00623	HG00623	F	EAS
HG00624	HG00624	M	EAS
HG00625	HG00625	M	EAS
HG00626	HG00626	F	EAS
HG00627	HG00627	M	EAS
HG00628	HG00628	M	EAS
HG00629	HG00629	F	EAS
HG00630	HG00630	M	EAS
HG00631	HG00631	M	EAS
HG00632	HG00632	F	EAS
HG00633	HG00633	M	EAS
HG00634	HG00634	M	EAS
HG00635	HG00635	F	EAS
HG00636	HG00636	M	EAS
HG00637	HG00637	M	AMR
HG00638	HG00638	F	AMR
HG00639	HG00639	F	AMR
HG00640	HG00640	M	AMR
HG00641	HG00641	F	AMR
HG00642	HG00642	M	AMR
HG00650	HG00650	M	EAS
HG00651	HG00651	F	EAS
HG00652	HG00652	F	EAS
HG00653	HG00653	M	EAS
HG00654	HG00654	F	EAS
HG00655	HG00655	F	EAS
HG00656	HG00656	M	EAS
HG00657	HG00657	F	EAS
HG00658	HG00658	M	EAS
HG00662	HG00662	M	EAS
HG00663	HG00663	F	EAS
HG00664	HG00664	M	EAS
HG00671	HG00671	M	EAS
HG00672	HG00672	F	EAS
HG00673	HG00673	M	EAS
HG00674	HG00674	M	EAS
HG00675	HG00675	F	EAS
HG00676	HG00676	M	EAS
HG00683	HG00683	M	EAS
HG00684	HG00684	F	EAS
HG00685	HG00685	M	EAS
HG00689	HG00689	M	EAS
HG00690	HG00690	F	EAS
HG00691	HG00691	M	EAS
HG00692	HG00692	M	EAS
HG00693	HG00693	F	EAS
HG00694	HG00694	M	EAS
HG00698	HG00698	M	EAS
HG00699	HG00699	F	EAS
HG00700	HG00700	F	EAS
HG00701	HG00701	M	EAS
HG00702	HG00702	F	EAS
HG00703	HG00703	M	EAS
HG00704	HG00704	M	EAS
HG00705	HG00705	F	EAS
HG00706	HG00706	M	EAS
HG00707	HG00707	M	EAS
HG00708	HG00708	F	EAS
HG00709	HG00709	M	EAS
HG00716	HG00716	M	EAS
HG00717	HG00717	F	EAS
HG00718	HG00718	M	EAS
HG00728	HG00728	M	EAS
HG00729	HG00729	F	EAS
HG00730	HG00730	F	EAS
HG00731	HG00731	M	AMR
HG00732	HG00732	F	AMR
HG00733	HG00733	F	AMR
HG00734	HG00734	F	AMR
HG00735	HG00735	F	AMR
HG00736	HG00736	M	AMR
HG00737	HG00737	F	AMR
HG00738	HG00738	M	AMR
HG00739	HG00739	M	AMR
HG00740	HG00740	F	AMR
HG00741	HG00741	F	AMR
HG00742	HG00742	M	AMR
HG00743	HG00743	F	AMR
HG00759	HG00759	F	EAS
HG00766	HG00766	F	EAS
HG00844	HG00844	M	EAS
HG00851	HG00851	F	EAS
HG00864	HG00864	F	EAS
HG00866	HG00866	M	EAS
HG00867	HG00867	F	EAS
HG00879	HG00879	F	EAS
HG00881	HG00881	M	EAS
HG00956	HG00956	F	EAS
HG00978	HG00978	F	EAS
HG00982	HG00982	M	EAS
HG00983	HG00983	M	EAS
HG01028	HG01028	M	EAS
HG01029	HG01029	F	EAS
HG01031	HG01031	M	EAS
HG01046	HG01046	F	EAS
HG01047	HG01047	M	AMR
HG01048	HG01048	M	AMR
HG01049	HG01049	F	AMR
HG01050	HG01050	F	AMR
HG01051	HG01051	M	AMR
HG01052	HG01052	F	AMR
HG01053	HG01053	F	AMR
HG01054	HG01054	M	AMR
HG01055	HG01055	F	AMR
HG01056	HG01056	M	AMR
HG01058	HG01058	F	AMR
HG01060	HG01060	M	AMR
HG01061	HG01061	F	AMR
HG01062	HG01062	F	AMR
HG01063	HG01063	M	AMR
HG01064	HG01064	F	AMR
HG01066	HG01066	M	AMR
HG01067	HG01067	F	AMR
HG01068	HG01068	F	AMR
HG01069	HG01069	M	AMR
HG01070	HG01070	F	AMR
HG01071	HG01071	F	AMR
HG01072	HG01072	M	AMR
HG01073	HG01073	F	AMR
HG01074	HG01074	M	AMR
HG01075	HG01075	M	AMR
HG01077	HG01077	F	AMR
HG01079	HG01079	M	AMR
HG01080	HG01080	F	AMR
HG01081	HG01081	F	AMR
HG01082	HG01082	M	AMR
HG01083	HG01083	F	AMR
HG01084	HG01084	F	AMR
HG01085	HG01085	M	AMR
HG01086	HG01086	F	AMR
HG01087	HG01087	F	AMR
HG01088	HG01088	M	AMR
HG01089	HG01089	F	AMR
HG01090	HG01090	M	AMR
HG01092	HG01092	F	AMR
HG01094	HG01094	M	AMR
HG01095	HG01095	F	AMR
HG01096	HG01096	M	AMR
HG01097	HG01097	M	AMR
HG01098	HG01098	F	AMR
HG01099	HG01099	M	AMR
HG01100	HG01100	F	AMR
HG01101	HG01101	M	AMR
HG01102	HG01102	F	AMR
HG01103	HG01103	F	AMR
HG01104	HG01104	M	AMR
HG01105	HG01105	F	AMR
HG01106	HG01106	M	AMR
HG01107	HG01107	M	AMR
HG01108	HG01108	F	AMR
HG01109	HG01109	M	AMR
HG01110	HG01110	M	AMR
HG01111	HG01111	F	AMR
HG01112	HG01112	M	AMR
HG01113	HG01113	F	AMR
HG01114	HG01114	F	AMR
HG01119	HG01119	F	AMR
HG01121	HG01121	M	AMR
HG01122	HG01122	F	AMR
HG01123	HG01123	F	AMR
HG01124	HG01124	M	AMR
HG01125	HG01125	F	AMR
HG01126	HG01126	M	AMR
HG01130	HG01130	M	AMR
HG01131	HG01131	F	AMR
HG01133	HG01133	M	AMR
HG01134	HG01134	F	AMR
HG01135	HG01135	M	AMR
HG01136	HG01136	M	AMR
HG01137	HG01137	F	AMR
HG01138	HG01138	M	AMR
HG01139	HG01139	M	AMR
HG01140	HG01140	F	AMR
HG01141	HG01141	F	AMR
HG01142	HG01142	M	AMR
HG01148	HG01148	M	AMR
HG01149	HG01149	F	AMR
HG01150	HG01150	F	AMR
HG01161	HG01161	M	AMR
HG01162	HG01162	F	AMR
HG01164	HG01164	M	AMR
HG01167	HG01167	M	AMR
HG01168	HG01168	F	AMR
HG01169	HG01169	F	AMR
HG01170	HG01170	M	AMR
HG01171	HG01171	F	AMR
HG01172	HG01172	M	AMR
HG01173	HG01173	M	AMR
HG01174	HG01174	F	AMR
HG01175	HG01175	F	AMR
HG01176	HG01176	M	AMR
HG01177	HG01177	F	AMR
HG01178	HG01178	M	AMR
HG01182	HG01182	M	AMR
HG01183	HG01183	F	AMR
HG01184	HG01184	F	AMR
HG01187	HG01187	M	AMR
HG01188	HG01188	F	AMR
HG01189	HG01189	M	AMR
HG01190	HG01190	M	AMR
HG01191	HG01191	F	AMR
HG01192	HG01192	M	AMR
HG01195	HG01195	F	AMR
HG01197	HG01197	M	AMR
HG01198	HG01198	F	AMR
HG01199	HG01199	M	AMR
HG01200	HG01200	M	AMR
HG01204	HG01204	M	AMR
HG01205	HG01205	F	AMR
HG01206	HG01206	M	AMR
HG01241	HG01241	M	AMR
HG01242	HG01242	F	AMR
HG01243	HG01243	M	AMR
HG01247	HG01247	M	AMR
HG01248	HG01248	F	AMR
HG01249	HG01249	F	AMR
HG01250	HG01250	M	AMR
HG01251	HG01251	F	AMR
HG01252	HG01252	M	AMR
HG01253	HG01253	M	AMR
HG01254	HG01254	F	AMR
HG01255	HG01255	M	AMR
HG01256	HG01256	M	AMR
HG01257	HG01257	F	AMR
HG01258	HG01258	M	AMR
HG01259	HG01259	M	AMR
HG01260	HG01260	F	AMR
HG01261	HG01261	M	AMR
HG01269	HG01269	F	AMR
HG01271	HG01271	M	AMR
HG01272	HG01272	F	AMR
HG01273	HG01273	M	AMR
HG01274	HG01274	M	AMR
HG01275	HG01275	F	AMR
HG01276	HG01276	F	AMR
HG01277	HG01277	M	AMR
HG01278	HG01278	F	AMR
HG01279	HG01279	F	AMR
HG01280	HG01280	M	AMR
HG01281	HG01281	F	AMR
HG01284	HG01284	F	AMR
HG01286	HG01286	M	AMR
HG01301	HG01301	F	AMR
HG01302	HG01302	M	AMR
HG01303	HG01303	F	AMR
HG01305	HG01305	M	AMR
HG01308	HG01308	M	AMR
HG01311	HG01311	M	AMR
HG01312	HG01312	F	AMR
HG01322	HG01322	M	AMR
HG01323	HG01323	F	AMR
HG01324	HG01324	F	AMR
HG01325	HG01325	M	AMR
HG01326	HG01326	F	AMR
HG01327	HG01327	M	AMR
HG01334	HG01334	M	EUR
HG01341	HG01341	M	AMR
HG01342	HG01342	F	AMR
HG01343	HG01343	F	AMR
HG01344	HG01344	M	AMR
HG01345	HG01345	F	AMR
HG01346	HG01346	F	AMR
HG01347	HG01347	M	AMR
HG01348	HG01348	F	AMR
HG01349	HG01349	F	AMR
HG01350	HG01350	M	AMR
HG01351	HG01351	F	AMR
HG01352	HG01352	F	AMR
HG01353	HG01353	M	AMR
HG01354	HG01354	F	AMR
HG01355	HG01355	F	AMR
HG01356	HG01356	M	AMR
HG01357	HG01357	F	AMR
HG01358	HG01358	M	AMR
HG01359	HG01359	M	AMR
HG01360	HG01360	F	AMR
HG01361	HG01361	F	AMR
HG01362	HG01362	M	AMR
HG01363	HG01363	F	AMR
HG01364	HG01364	F	AMR
HG01365	HG01365	M	AMR
HG01366	HG01366	F	AMR
HG01367	HG01367	F	AMR
HG01369	HG01369	F	AMR
HG01372	HG01372	F	AMR
HG01374	HG01374	M	AMR
HG01375	HG01375	F	AMR
HG01376	HG01376	F	AMR
HG01377	HG01377	M	AMR
HG01378	HG01378	F	AMR
HG01379	HG01379	F	AMR
HG01383	HG01383	M	AMR
HG01384	HG01384	F	AMR
HG01385	HG01385	F	AMR
HG01389	HG01389	M	AMR
HG01390	HG01390	F	AMR
HG01391	HG01391	F	AMR
HG01392	HG01392	M	AMR
HG01393	HG01393	F	AMR
HG01394	HG01394	F	AMR
HG01395	HG01395	M	AMR
HG01396	HG01396	F	AMR
HG01397	HG01397	F	AMR
HG01398	HG01398	M	AMR
HG01402	HG01402	M	AMR
HG01403	HG01403	F	AMR
HG01404	HG01404	F	AMR
HG01405	HG01405	M	AMR
HG01411	HG01411	M	AMR
HG01412	HG01412	M	AMR
HG01413	HG01413	M	AMR
HG01414	HG01414	F	AMR
HG01415	HG01415	F	AMR
HG01431	HG01431	M	AMR
HG01432	HG01432	F	AMR
HG01433	HG01433	M	AMR
HG01435	HG01435	F	AMR
HG01437	HG01437	M	AMR
HG01438	HG01438	F	AMR
HG01439	HG01439	F	AMR
HG01440	HG01440	M	AMR
HG01441	HG01441	F	AMR
HG01442	HG01442	M	AMR
HG01443	HG01443	M	AMR
HG01444	HG01444	F	AMR
HG01445	HG01445	M	AMR
HG01447	HG01447	F	AMR
HG01452	HG01452	M	AMR
HG01453	HG01453	F	AMR
HG01454	HG01454	F	AMR
HG01455	HG01455	M	AMR
HG01456	HG01456	F	AMR
HG01457	HG01457	M	AMR
HG01459	HG01459	F	AMR
HG01461	HG01461	M	AMR
HG01462	HG01462	F	AMR
HG01463	HG01463	F	AMR
HG01464	HG01464	M	AMR
HG01465	HG01465	F	AMR
HG01466	HG01466	F	AMR
HG01468	HG01468	F	AMR
HG01471	HG01471	F	AMR
HG01473	HG01473	M	AMR
HG01474	HG01474	F	AMR
HG01477	HG01477	F	AMR
HG01479	HG01479	M	AMR
HG01480	HG01480	F	AMR
HG01481	HG01481	F	AMR
HG01482	HG01482	M	AMR
HG01483	HG01483	F	AMR
HG01484	HG01484	F	AMR
HG01485	HG01485	M	AMR
HG01486	HG01486	F	AMR
HG01487	HG01487	F	AMR
HG01488	HG01488	M	AMR
HG01489	HG01489	F	AMR
HG01490	HG01490	F	AMR
HG01491	HG01491	M	AMR
HG01492	HG01492	F	AMR
HG01493	HG01493	F	AMR
HG01494	HG01494	M	AMR
HG01495	HG01495	F	AMR
HG01496	HG01496	F	AMR
HG01497	HG01497	M	AMR
HG01498	HG01498	F	AMR
HG01499	HG01499	M	AMR
HG01500	HG01500	M	EUR
HG01501	HG01501	F	EUR
HG01502	HG01502	M	EUR
HG01503	HG01503	M	EUR
HG01504	HG01504	F	EUR
HG01505	HG01505	M	EUR
HG01506	HG01506	M	EUR
HG01507	HG01507	F	EUR
HG01508	HG01508	M	EUR
HG01509	HG01509	M	EUR
HG01510	HG01510	F	EUR
HG01511	HG01511	F	EUR
HG01512	HG01512	M	EUR
HG01513	HG01513	F	EUR
HG01514	HG01514	F	EUR
HG01515	HG01515	M	EUR
HG01516	HG01516	F	EUR
HG01517	HG01517	F	EUR
HG01518	HG01518	M	EUR
HG01519	HG01519	F	EUR
HG01520	HG01520	F	EUR
HG01521	HG01521	M	EUR
HG01522	HG01522	F	EUR
HG01523	HG01523	M	EUR
HG01524	HG01524	M	EUR
HG01525	HG01525	F	EUR
HG01526	HG01526	M	EUR
HG01527	HG01527	M	EUR
HG01528	HG01528	F	EUR
HG01529	HG01529	M	EUR
HG01530	HG01530	M	EUR
HG01531	HG01531	F	EUR
HG01532	HG01532	M	EUR
HG01536	HG01536	M	EUR
HG01537	HG01537	F	EUR
HG01538	HG01538	F	EUR
HG01550	HG01550	M	AMR
HG01551	HG01551	F	AMR
HG01552	HG01552	M	AMR
HG01556	HG01556	M	AMR
HG01565	HG01565	M	AMR
HG01566	HG01566	F	AMR
HG01567	HG01567	F	AMR
HG01571	HG01571	M	AMR
HG01572	HG01572	F	AMR
HG01573	HG01573	F	AMR
HG01577	HG01577	M	AMR
HG01578	HG01578	F	AMR
HG01579	HG01579	M	AMR
HG01583	HG01583	M	SAS
HG01586	HG01586	M	SAS
HG01589	HG01589	M	SAS
HG01590	HG01590	F	SAS
HG01593	HG01593	F	SAS
HG01594	HG01594	M	SAS
HG01595	HG01595	F	EAS
HG01596	HG01596	M	EAS
HG01597	HG01597	F	EAS
HG01598	HG01598	F	EAS
HG01599	HG01599	F	EAS
HG01600	HG01600	F	EAS
HG01601	HG01601	M	EUR
HG01602	HG01602	F	EUR
HG01603	HG01603	M	EUR
HG01604	HG01604	F	EUR
HG01605	HG01605	F	EUR
HG01606	HG01606	M	EUR
HG01607	HG01607	F	EUR
HG01608	HG01608	M	EUR
HG01609	HG01609	M	EUR
HG01610	HG01610	M	EUR
HG01611	HG01611	M	EUR
HG01612	HG01612	F	EUR
HG01613	HG01613	F	EUR
HG01614	HG01614	F	EUR
HG01615	HG01615	M	EUR
HG01616	HG01616	F	EUR
HG01617	HG01617	M	EUR
HG01618	HG01618	F	EUR
HG01619	HG01619	M	EUR
HG01620	HG01620	F	EUR
HG01621	HG01621	M	EUR
HG01622	HG01622	F	EUR
HG01623	HG01623	F	EUR
HG01624	HG01624	M	EUR
HG01625	HG01625	M	EUR
HG01626	HG01626	F	EUR
HG01627	HG01627	M	EUR
HG01628	HG01628	F	EUR
HG01629	HG01629	M	EUR
HG01630	HG01630	M	EUR
HG01631	HG01631	M	EUR
HG01632	HG01632	F	EUR
HG01633	HG01633	M	EUR
HG01667	HG01667	M	EUR
HG01668	HG01668	F	EUR
HG01669	HG01669	M	EUR
HG01670	HG01670	F	EUR
HG01671	HG01671	M	EUR
HG01672	HG01672	M	EUR
HG01673	HG01673	F	EUR
HG01674	HG01674	M	EUR
HG01675	HG01675	M	EUR
HG01676	HG01676	F	EUR
HG01677	HG01677	F	EUR
HG01678	HG01678	M	EUR
HG01679	HG01679	F	EUR
HG01680	HG01680	M	EUR
HG01681	HG01681	F	EUR
HG01682	HG01682	M	EUR
HG01683	HG01683	M	EUR
HG01684	HG01684	F	EUR
HG01685	HG01685	F	EUR
HG01686	HG01686	M	EUR
HG01687	HG01687	F	EUR
HG01694	HG01694	M	EUR
HG01695	HG01695	F	EUR
HG01696	HG01696	M	EUR
HG01697	HG01697	F	EUR
HG01698	HG01698	M	EUR
HG01699	HG01699	M	EUR
HG01700	HG01700	M	EUR
HG01701	HG01701	M	EUR
HG01702	HG01702	F	EUR
HG01703	HG01703	M	EUR
HG01704	HG01704	F	EUR
HG01705	HG01705	M	EUR
HG01706	HG01706	F	EUR
HG01707	HG01707	F	EUR
HG01708	HG01708	M	EUR
HG01709	HG01709	M	EUR
HG01710	HG01710	F	EUR
HG01711	HG01711	F	EUR
HG01746	HG01746	F	EUR
HG01747	HG01747	M	EUR
HG01748	HG01748	M	EUR
HG01755	HG01755	F	EUR
HG01756	HG01756	M	EUR
HG01757	HG01757	F	EUR
HG01761	HG01761	M	EUR
HG01762	HG01762	F	EUR
HG01763	HG01763	F	EUR
HG01764	HG01764	F	EUR
HG01765	HG01765	M	EUR
HG01766	HG01766	F	EUR
HG01767	HG01767	M	EUR
HG01768	HG01768	F	EUR
HG01769	HG01769	F	EUR
HG01770	HG01770	F	EUR
HG01771	HG01771	M	EUR
HG01772	HG01772	F	EUR
HG01773	HG01773	F	EUR
HG01774	HG01774	M	EUR
HG01775	HG01775	M	EUR
HG01776	HG01776	F	EUR
HG01777	HG01777	M	EUR
HG01778	HG01778	M	EUR
HG01779	HG01779	F	EUR
HG01780	HG01780	M	EUR
HG01781	HG01781	M	EUR
HG01782	HG01782	F	EUR
HG01783	HG01783	M	NA
HG01784	HG01784	F	EUR
HG01785	HG01785	M	EUR
HG01786	HG01786	F	EUR
HG01787	HG01787	F	EUR
HG01789	HG01789	M	EUR
HG01790	HG01790	F	EUR
HG01791	HG01791	M	EUR
HG01794	HG01794	F	EAS
HG01795	HG01795	F	EAS
HG01796	HG01796	F	EAS
HG01797	HG01797	F	EAS
HG01798	HG01798	F	EAS
HG01799	HG01799	F	EAS
HG01800	HG01800	F	EAS
HG01801	HG01801	F	EAS
HG01802	HG01802	F	EAS
HG01804	HG01804	F	EAS
HG01805	HG01805	F	EAS
HG01806	HG01806	F	EAS
HG01807	HG01807	F	EAS
HG01808	HG01808	F	EAS
HG01809	HG01809	F	EAS
HG01810	HG01810	M	EAS
HG01811	HG01811	M	EAS
HG01812	HG01812	F	EAS
HG01813	HG01813	F	EAS
HG01815	HG01815	F	EAS
HG01816	HG01816	M	EAS
HG01817	HG01817	F	EAS
HG01840	HG01840	M	EAS
HG01841	HG01841	F	EAS
HG01842	HG01842	M	EAS
HG01843	HG01843	F	EAS
HG01844	HG01844	M	EAS
HG01845	HG01845	F	EAS
HG01846	HG01846	M	EAS
HG01847	HG01847	F	EAS
HG01848	HG01848	F	EAS
HG01849	HG01849	M	EAS
HG01850	HG01850	F	EAS
HG01851	HG01851	F	EAS
HG01852	HG01852	M	EAS
HG01853	HG01853	F	EAS
HG01855	HG01855	F	EAS
HG01857	HG01857	F	EAS
HG01858	HG01858	F	EAS
HG01859	HG01859	F	EAS
HG01860	HG01860	M	EAS
HG01861	HG01861	M	EAS
HG01862	HG01862	F	EAS
HG01863	HG01863	F	EAS
HG01864	HG01864	M	EAS
HG01865	HG01865	M	EAS
HG01866	HG01866	M	EAS
HG01867	HG01867	M	EAS
HG01868	HG01868	F	EAS
HG01869	HG01869	F	EAS
HG01870	HG01870	F	EAS
HG01871	HG01871	F	EAS
HG01872	HG01872	M	EAS
HG01873	HG01873	M	EAS
HG01874	HG01874	F	EAS
HG01878	HG01878	F	EAS
HG01879	HG01879	M	AFR
HG01880	HG01880	F	AFR
HG01881	HG01881	F	AFR
HG01882	HG01882	M	AFR
HG01883	HG01883	F	AFR
HG01884	HG01884	F	AFR
HG01885	HG01885	M	AFR
HG01886	HG01886	F	AFR
HG01887	HG01887	M	AFR
HG01888	HG01888	M	AFR
HG01889	HG01889	F	AFR
HG01890	HG01890	M	AFR
HG01891	HG01891	F	AFR
HG01892	HG01892	M	AMR
HG01893	HG01893	F	AMR
HG01894	HG01894	F	AFR
HG01895	HG01895	M	AFR
HG01896	HG01896	F	AFR
HG01897	HG01897	M	AFR
HG01898	HG01898	F	AMR
HG01912	HG01912	M	AFR
HG01914	HG01914	M	AFR
HG01915	HG01915	F	AFR
HG01916	HG01916	F	AFR
HG01917	HG01917	M	AMR
HG01918	HG01918	F	AMR
HG01919	HG01919	F	AMR
HG01920	HG01920	M	AMR
HG01921	HG01921	F	AMR
HG01922	HG01922	F	AMR
HG01923	HG01923	M	AMR
HG01924	HG01924	F	AMR
HG01925	HG01925	F	AMR
HG01926	HG01926	M	AMR
HG01927	HG01927	F	AMR
HG01928	HG01928	M	AMR
HG01932	HG01932	M	AMR
HG01933	HG01933	F	AMR
HG01934	HG01934	M	AMR
HG01935	HG01935	M	AMR
HG01936	HG01936	F	AMR
HG01937	HG01937	M	AMR
HG01938	HG01938	M	AMR
HG01939	HG01939	F	AMR
HG01940	HG01940	F	AMR
HG01941	HG01941	M	AMR
HG01942	HG01942	F	AMR
HG01943	HG01943	M	AMR
HG01944	HG01944	M	AMR
HG01945	HG01945	F	AMR
HG01946	HG01946	M	AMR
HG01947	HG01947	M	AMR
HG01948	HG01948	F	AMR
HG01949	HG01949	F	AMR
HG01950	HG01950	M	AMR
HG01951	HG01951	F	AMR
HG01952	HG01952	M	AMR
HG01953	HG01953	M	AMR
HG01954	HG01954	F	AMR
HG01955	HG01955	F	AMR
HG01956	HG01956	F	AFR
HG01958	HG01958	F	AFR
HG01959	HG01959	F	AFR
HG01960	HG01960	F	AFR
HG01961	HG01961	M	AMR
HG01965	HG01965	F	AMR
HG01967	HG01967	M	AMR
HG01968	HG01968	F	AMR
HG01969	HG01969	F	AMR
HG01970	HG01970	M	AMR
HG01971	HG01971	F	AMR
HG01972	HG01972	F	AMR
HG01973	HG01973	F	AMR
HG01974	HG01974	M	AMR
HG01975	HG01975	F	AMR
HG01976	HG01976	F	AMR
HG01977	HG01977	M	AMR
HG01978	HG01978	F	AMR
HG01979	HG01979	M	AMR
HG01980	HG01980	F	AMR
HG01981	HG01981	F	AMR
HG01982	HG01982	M	AMR
HG01983	HG01983	F	AMR
HG01984	HG01984	M	AMR
HG01985	HG01985	F	AFR
HG01986	HG01986	M	AFR
HG01987	HG01987	M	AFR
HG01988	HG01988	M	AFR
HG01989	HG01989	F	AFR
HG01990	HG01990	M	AFR
HG01991	HG01991	M	AMR
HG01992	HG01992	F	AMR
HG01993	HG01993	F	AMR
HG01995	HG01995	F	AMR
HG01997	HG01997	F	AMR
HG01998	HG01998	M	AMR
HG02002	HG02002	M	AMR
HG02003	HG02003	F	AMR
HG02004	HG02004	F	AMR
HG02006	HG02006	F	AMR
HG02008	HG02008	M	AMR
HG02009	HG02009	M	AFR
HG02010	HG02010	F	AFR
HG02011	HG02011	M	AFR
HG02012	HG02012	F	AFR
HG02013	HG02013	M	AFR
HG02014	HG02014	M	AFR
HG02015	HG02015	M	EAS
HG02016	HG02016	F	EAS
HG02017	HG02017	M	EAS
HG02018	HG02018	F	EAS
HG02019	HG02019	F	EAS
HG02020	HG02020	M	EAS
HG02021	HG02021	M	EAS
HG02023	HG02023	M	EAS
HG02024	HG02024	F	EAS
HG02025	HG02025	F	EAS
HG02026	HG02026	M	EAS
HG02027	HG02027	M	EAS
HG02028	HG02028	F	EAS
HG02029	HG02029	M	EAS
HG02030	HG02030	M	EAS
HG02031	HG02031	F	EAS
HG02032	HG02032	M	EAS
HG02035	HG02035	M	EAS
HG02040	HG02040	M	EAS
HG02046	HG02046	F	EAS
HG02047	HG02047	M	EAS
HG02048	HG02048	F	EAS
HG02049	HG02049	F	EAS
HG02050	HG02050	M	EAS
HG02051	HG02051	M	AFR
HG02052	HG02052	F	AFR
HG02053	HG02053	M	AFR
HG02054	HG02054	F	AFR
HG02055	HG02055	M	AFR
HG02056	HG02056	M	EAS
HG02057	HG02057	F	EAS
HG02058	HG02058	M	EAS
HG02059	HG02059	F	EAS
HG02060	HG02060	F	EAS
HG02061	HG02061	M	EAS
HG02064	HG02064	M	EAS
HG02067	HG02067	M	EAS
HG02068	HG02068	F	EAS
HG02069	HG02069	F	EAS
HG02070	HG02070	M	EAS
HG02071	HG02071	M	EAS
HG02072	HG02072	F	EAS
HG02073	HG02073	M	EAS
HG02074	HG02074	M	EAS
HG02075	HG02075	F	EAS
HG02076	HG02076	M	EAS
HG02077	HG02077	M	EAS
HG02078	HG02078	F	EAS
HG02079	HG02079	M	EAS
HG02080	HG02080	F	EAS
HG02081	HG02081	F	EAS
HG02082	HG02082	M	EAS
HG02083	HG02083	M	EAS
HG02084	HG02084	F	EAS
HG02085	HG02085	M	EAS
HG02086	HG02086	F	EAS
HG02087	HG02087	F	EAS
HG02088	HG02088	M	EAS
HG02089	HG02089	F	AMR
HG02090	HG02090	M	AMR
HG02091	HG02091	F	AMR
HG02095	HG02095	F	AFR
HG02102	HG02102	F	AMR
HG02104	HG02104	M	AMR
HG02105	HG02105	F	AMR
HG02106	HG02106	F	AMR
HG02107	HG02107	M	AFR
HG02108	HG02108	F	AFR
HG02111	HG02111	F	AFR
HG02113	HG02113	F	EAS
HG02116	HG02116	M	EAS
HG02120	HG02120	M	EAS
HG02121	HG02121	F	EAS
HG02122	HG02122	M	EAS
HG02126	HG02126	F	EAS
HG02127	HG02127	F	EAS
HG02128	HG02128	M	EAS
HG02129	HG02129	M	EAS
HG02130	HG02130	F	EAS
HG02131	HG02131	M	EAS
HG02132	HG02132	M	EAS
HG02133	HG02133	F	EAS
HG02134	HG02134	M	EAS
HG02135	HG02135	M	EAS
HG02136	HG02136	F	EAS
HG02137	HG02137	M	EAS
HG02138	HG02138	M	EAS
HG02139	HG02139	F	EAS
HG02140	HG02140	F	EAS
HG02141	HG02141	M	EAS
HG02142	HG02142	F	EAS
HG02143	HG02143	M	AFR
HG02144	HG02144	F	AFR
HG02145	HG02145	M	AFR
HG02146	HG02146	M	AMR
HG02147	HG02147	F	AMR
HG02148	HG02148	F	AMR
HG02150	HG02150	M	AMR
HG02151	HG02151	F	EAS
HG02152	HG02152	F	EAS
HG02153	HG02153	F	EAS
HG02154	HG02154	F	EAS
HG02155	HG02155	F	EAS
HG02156	HG02156	F	EAS
HG02164	HG02164	F	EAS
HG02165	HG02165	F	EAS
HG02166	HG02166	F	EAS
HG02168	HG02168	F	EAS
HG02169	HG02169	F	EAS
HG02170	HG02170	F	EAS
HG02173	HG02173	F	EAS
HG02176	HG02176	F	EAS
HG02178	HG02178	F	EAS
HG02179	HG02179	F	EAS
HG02180	HG02180	F	EAS
HG02181	HG02181	F	EAS
HG02182	HG02182	F	EAS
HG02184	HG02184	F	EAS
HG02185	HG02185	F	EAS
HG02186	HG02186	F	EAS
HG02187	HG02187	F	EAS
HG02188	HG02188	F	EAS
HG02189	HG02189	F	EAS
HG02190	HG02190	F	EAS
HG02215	HG02215	F	EUR
HG02217	HG02217	F	EUR
HG02218	HG02218	F	EUR
HG02219	HG02219	M	EUR
HG02220	HG02220	F	EUR
HG02221	HG02221	M	EUR
HG02222	HG02222	F	EUR
HG02223	HG02223	F	EUR
HG02224	HG02224	M	EUR
HG02225	HG02225	F	EUR
HG02229	HG02229	F	EUR
HG02230	HG02230	F	EUR
HG02231	HG02231	M	EUR
HG02232	HG02232	F	EUR
HG02233	HG02233	M	EUR
HG02234	HG02234	M	EUR
HG02235	HG02235	F	EUR
HG02236	HG02236	M	EUR
HG02237	HG02237	F	EUR
HG02238	HG02238	M	EUR
HG02239	HG02239	F	EUR
HG02240	HG02240	F	EUR
HG02250	HG02250	M	EAS
HG02252	HG02252	F	AMR
HG02253	HG02253	M	AMR
HG02254	HG02254	F	AMR
HG02255	HG02255	M	AFR
HG02256	HG02256	F	AFR
HG02257	HG02257	F	AFR
HG02258	HG02258	M	AFR
HG02259	HG02259	M	AMR
HG02260	HG02260	F	AMR
HG02261	HG02261	M	AMR
HG02262	HG02262	M	AMR
HG02265	HG02265	M	AMR
HG02266	HG02266	F	AMR
HG02267	HG02267	F	AMR
HG02271	HG02271	M	AMR
HG02272	HG02272	F	AMR
HG02273	HG02273	F	AMR
HG02274	HG02274	M	AMR
HG02275	HG02275	F	AMR
HG02276	HG02276	F	AMR
HG02277	HG02277	M	AMR
HG02278	HG02278	F	AMR
HG02279	HG02279	M	AMR
HG02280	HG02280	F	AFR
HG02281	HG02281	M	AFR
HG02282	HG02282	F	AFR
HG02283	HG02283	M	AFR
HG02284	HG02284	M	AFR
HG02285	HG02285	M	AMR
HG02286	HG02286	F	AMR
HG02287	HG02287	F	AMR
HG02288	HG02288	M	AMR
HG02291	HG02291	M	AMR
HG02292	HG02292	F	AMR
HG02293	HG02293	F	AMR
HG02298	HG02298	F	AMR
HG02299	HG02299	M	AMR
HG02300	HG02300	F	AMR
HG02301	HG02301	F	AMR
HG02302	HG02302	M	AMR
HG02303	HG02303	F	AMR
HG02304	HG02304	M	AMR
HG02307	HG02307	M	AFR
HG02308	HG02308	F	AFR
HG02309	HG02309	F	AFR
HG02312	HG02312	F	AMR
HG02314	HG02314	M	AFR
HG02315	HG02315	F	AFR
HG02316	HG02316	M	AFR
HG02317	HG02317	M	AFR
HG02318	HG02318	F	AFR
HG02321	HG02321	F	AFR
HG02322	HG02322	F	AFR
HG02323	HG02323	M	AFR
HG02325	HG02325	F	AFR
HG02330	HG02330	M	AFR
HG02332	HG02332	M	AFR
HG02334	HG02334	M	AFR
HG02337	HG02337	F	AFR
HG02339	HG02339	F	AFR
HG02343	HG02343	M	AFR
HG02344	HG02344	M	AMR
HG02345	HG02345	F	AMR
HG02347	HG02347	M	AMR
HG02348	HG02348	F	AMR
HG02351	HG02351	M	EAS
HG02353	HG02353	M	EAS
HG02355	HG02355	M	EAS
HG02356	HG02356	M	EAS
HG02358	HG02358	M	EAS
HG02360	HG02360	M	EAS
HG02363	HG02363	M	EAS
HG02364	HG02364	M	EAS
HG02367	HG02367	M	EAS
HG02371	HG02371	M	EAS
HG02372	HG02372	M	EAS
HG02373	HG02373	M	EAS
HG02374	HG02374	M	EAS
HG02375	HG02375	M	EAS
HG02377	HG02377	M	EAS
HG02379	HG02379	M	EAS
HG02380	HG02380	M	EAS
HG02381	HG02381	M	EAS
HG02382	HG02382	M	EAS
HG02383	HG02383	M	EAS
HG02384	HG02384	M	EAS
HG02385	HG02385	M	EAS
HG02386	HG02386	M	EAS
HG02387	HG02387	M	EAS
HG02388	HG02388	M	EAS
HG02389	HG02389	M	EAS
HG02390	HG02390	M	EAS
HG02391	HG02391	M	EAS
HG02392	HG02392	M	EAS
HG02394	HG02394	M	EAS
HG02395	HG02395	M	EAS
HG02396	HG02396	M	EAS
HG02397	HG02397	M	EAS
HG02398	HG02398	M	EAS
HG02399	HG02399	M	EAS
HG02401	HG02401	M	EAS
HG02402	HG02402	M	EAS
HG02405	HG02405	M	EAS
HG02406	HG02406	M	EAS
HG02407	HG02407	M	EAS
HG02408	HG02408	M	EAS
HG02409	HG02409	M	EAS
HG02410	HG02410	M	EAS
HG02415	HG02415	F	AMR
HG02419	HG02419	F	AFR
HG02420	HG02420	M	AFR
HG02425	HG02425	F	AMR
HG02427	HG02427	F	AFR
HG02428	HG02428	M	AFR
HG02429	HG02429	M	AFR
HG02433	HG02433	M	AFR
HG02436	HG02436	M	AFR
HG02439	HG02439	M	AFR
HG02442	HG02442	M	AFR
HG02445	HG02445	M	AFR
HG02449	HG02449	M	AFR
HG02450	HG02450	F	AFR
HG02451	HG02451	F	AFR
HG02455	HG02455	M	AFR
HG02461	HG02461	M	AFR
HG02462	HG02462	F	AFR
HG02463	HG02463	M	AFR
HG02464	HG02464	M	AFR
HG02465	HG02465	F	AFR
HG02466	HG02466	M	AFR
HG02470	HG02470	M	AFR
HG02471	HG02471	F	AFR
HG02476	HG02476	F	AFR
HG02477	HG02477	F	AFR
HG02478	HG02478	M	AFR
HG02479	HG02479	F	AFR
HG02480	HG02480	F	AFR
HG02481	HG02481	M	AFR
HG02484	HG02484	M	AFR
HG02485	HG02485	F	AFR
HG02486	HG02486	M	AFR
HG02489	HG02489	M	AFR
HG02490	HG02490	M	SAS
HG02491	HG02491	F	SAS
HG02492	HG02492	M	SAS
HG02493	HG02493	M	SAS
HG02494	HG02494	F	SAS
HG02495	HG02495	F	SAS
HG02496	HG02496	M	AFR
HG02497	HG02497	F	AFR
HG02501	HG02501	M	AFR
HG02502	HG02502	F	AFR
HG02505	HG02505	F	AFR
HG02508	HG02508	F	AFR
HG02511	HG02511	F	AFR
HG02512	HG02512	M	EAS
HG02513	HG02513	F	EAS
HG02514	HG02514	M	EAS
HG02521	HG02521	M	EAS
HG02522	HG02522	F	EAS
HG02523	HG02523	F	EAS
HG02524	HG02524	M	EAS
HG02525	HG02525	F	EAS
HG02526	HG02526	F	EAS
HG02536	HG02536	M	AFR
HG02537	HG02537	F	AFR
HG02541	HG02541	M	AFR
HG02545	HG02545	M	AFR
HG02546	HG02546	F	AFR
HG02547	HG02547	M	AFR
HG02549	HG02549	F	AFR
HG02554	HG02554	M	AFR
HG02555	HG02555	F	AFR
HG02557	HG02557	M	AFR
HG02558	HG02558	F	AFR
HG02559	HG02559	F	AFR
HG02561	HG02561	M	AFR
HG02562	HG02562	F	AFR
HG02563	HG02563	M	AFR
HG02567	HG02567	M	AFR
HG02568	HG02568	F	AFR
HG02569	HG02569	M	AFR
HG02570	HG02570	M	AFR
HG02571	HG02571	F	AFR
HG02572	HG02572	M	AFR
HG02573	HG02573	M	AFR
HG02574	HG02574	F	AFR
HG02575	HG02575	M	AFR
HG02577	HG02577	F	AFR
HG02580	HG02580	F	AFR
HG02582	HG02582	M	AFR
HG02583	HG02583	F	AFR
HG02584	HG02584	M	AFR
HG02585	HG02585	M	AFR
HG02586	HG02586	F	AFR
HG02587	HG02587	F	AFR
HG02588	HG02588	M	AFR
HG02589	HG02589	F	AFR
HG02590	HG02590	M	AFR
HG02594	HG02594	M	AFR
HG02595	HG02595	F	AFR
HG02596	HG02596	M	AFR
HG02597	HG02597	M	SAS
HG02599	HG02599	M	SAS
HG02600	HG02600	M	SAS
HG02601	HG02601	F	SAS
HG02602	HG02602	M	SAS
HG02603	HG02603	M	SAS
HG02604	HG02604	F	SAS
HG02605	HG02605	F	SAS
HG02610	HG02610	M	AFR
HG02611	HG02611	F	AFR
HG02612	HG02612	M	AFR
HG02613	HG02613	M	AFR
HG02614	HG02614	F	AFR
HG02615	HG02615	F	AFR
HG02620	HG02620	M	AFR
HG02621	HG02621	F	AFR
HG02622	HG02622	F	AFR
HG02623	HG02623	M	AFR
HG02624	HG02624	F	AFR
HG02625	HG02625	M	AFR
HG02628	HG02628	M	AFR
HG02629	HG02629	F	AFR
HG02630	HG02630	F	AFR
HG02634	HG02634	M	AFR
HG02635	HG02635	F	AFR
HG02636	HG02636	M	AFR
HG02642	HG02642	M	AFR
HG02643	HG02643	F	AFR
HG02644	HG02644	M	AFR
HG02645	HG02645	M	AFR
HG02646	HG02646	F	AFR
HG02647	HG02647	M	AFR
HG02648	HG02648	M	SAS
HG02649	HG02649	F	SAS
HG02650	HG02650	M	SAS
HG02651	HG02651	M	SAS
HG02652	HG02652	F	SAS
HG02653	HG02653	F	SAS
HG02654	HG02654	M	SAS
HG02655	HG02655	F	SAS
HG02656	HG02656	M	SAS
HG02657	HG02657	M	SAS
HG02658	HG02658	F	SAS
HG02659	HG02659	F	SAS
HG02660	HG02660	M	SAS
HG02661	HG02661	F	SAS
HG02662	HG02662	F	SAS
HG02666	HG02666	M	AFR
HG02667	HG02667	F	AFR
HG02668	HG02668	M	AFR
HG02675	HG02675	M	AFR
HG02676	HG02676	F	AFR
HG02677	HG02677	F	AFR
HG02678	HG02678	M	AFR
HG02679	HG02679	F	AFR
HG02680	HG02680	F	AFR
HG02681	HG02681	M	SAS
HG02682	HG02682	F	SAS
HG02683	HG02683	F	SAS
HG02684	HG02684	M	SAS
HG02685	HG02685	F	SAS
HG02686	HG02686	M	SAS
HG02687	HG02687	M	SAS
HG02688	HG02688	F	SAS
HG02689	HG02689	M	SAS
HG02690	HG02690	M	SAS
HG02691	HG02691	F	SAS
HG02692	HG02692	F	SAS
HG02694	HG02694	F	SAS
HG02696	HG02696	M	SAS
HG02697	HG02697	F	SAS
HG02698	HG02698	M	SAS
HG02699	HG02699	M	SAS
HG02700	HG02700	F	SAS
HG02701	HG02701	M	SAS
HG02702	HG02702	M	AFR
HG02703	HG02703	F	AFR
HG02704	HG02704	F	AFR
HG02715	HG02715	M	AFR
HG02716	HG02716	F	AFR
HG02717	HG02717	M	AFR
HG02721	HG02721	M	AFR
HG02722	HG02722	F	AFR
HG02723	HG02723	F	AFR
HG02724	HG02724	M	SAS
HG02725	HG02725	F	SAS
HG02726	HG02726	F	SAS
HG02727	HG02727	M	SAS
HG02728	HG02728	F	SAS
HG02729	HG02729	M	SAS
HG02731	HG02731	F	SAS
HG02733	HG02733	M	SAS
HG02734	HG02734	F	SAS
HG02735	HG02735	M	SAS
HG02736	HG02736	M	SAS
HG02737	HG02737	F	SAS
HG02738	HG02738	M	SAS
HG02756	HG02756	M	AFR
HG02757	HG02757	F	AFR
HG02758	HG02758	F	AFR
HG02759	HG02759	M	AFR
HG02760	HG02760	F	AFR
HG02761	HG02761	F	AFR
HG02762	HG02762	M	AFR
HG02763	HG02763	F	AFR
HG02764	HG02764	M	AFR
HG02768	HG02768	M	AFR
HG02769	HG02769	F	AFR
HG02770	HG02770	F	AFR
HG02771	HG02771	M	AFR
HG02772	HG02772	F	AFR
HG02773	HG02773	M	AFR
HG02774	HG02774	M	SAS
HG02775	HG02775	F	SAS
HG02776	HG02776	F	SAS
HG02778	HG02778	F	SAS
HG02779	HG02779	M	SAS
HG02780	HG02780	M	SAS
HG02781	HG02781	F	SAS
HG02783	HG02783	M	SAS
HG02784	HG02784	F	SAS
HG02785	HG02785	F	SAS
HG02786	HG02786	M	SAS
HG02787	HG02787	F	SAS
HG02788	HG02788	F	SAS
HG02789	HG02789	M	SAS
HG02790	HG02790	F	SAS
HG02791	HG02791	M	SAS
HG02792	HG02792	M	SAS
HG02793	HG02793	F	SAS
HG02794	HG02794	M	SAS
HG02798	HG02798	M	AFR
HG02799	HG02799	F	AFR
HG02800	HG02800	M	AFR
HG02804	HG02804	M	AFR
HG02805	HG02805	F	AFR
HG02806	HG02806	F	AFR
HG02807	HG02807	M	AFR
HG02808	HG02808	F	AFR
HG02809	HG02809	F	AFR
HG02810	HG02810	M	AFR
HG02811	HG02811	F	AFR
HG02812	HG02812	M	AFR
HG02813	HG02813	M	AFR
HG02814	HG02814	F	AFR
HG02815	HG02815	M	AFR
HG02816	HG02816	M	AFR
HG02817	HG02817	F	AFR
HG02818	HG02818	F	AFR
HG02819	HG02819	M	AFR
HG02820	HG02820	F	AFR
HG02821	HG02821	M	AFR
HG02836	HG02836	M	AFR
HG02837	HG02837	F	AFR
HG02838	HG02838	M	AFR
HG02839	HG02839	M	AFR
HG02840	HG02840	F	AFR
HG02841	HG02841	F	AFR
HG02851	HG02851	M	AFR
HG02852	HG02852	F	AFR
HG02853	HG02853	M	AFR
HG02854	HG02854	M	AFR
HG02855	HG02855	F	AFR
HG02856	HG02856	M	AFR
HG02860	HG02860	M	AFR
HG02861	HG02861	F	AFR
HG02862	HG02862	F	AFR
HG02869	HG02869	M	AFR
HG02870	HG02870	F	AFR
HG02871	HG02871	F	AFR
HG02878	HG02878	M	AFR
HG02879	HG02879	F	AFR
HG02880	HG02880	F	AFR
HG02881	HG02881	M	AFR
HG02882	HG02882	F	AFR
HG02883	HG02883	M	AFR
HG02884	HG02884	M	AFR
HG02885	HG02885	F	AFR
HG02886	HG02886	F	AFR
HG02887	HG02887	M	AFR
HG02888	HG02888	F	AFR
HG02889	HG02889	F	AFR
HG02890	HG02890	M	AFR
HG02891	HG02891	F	AFR
HG02892	HG02892	M	AFR
HG02895	HG02895	M	AFR
HG02896	HG02896	F	AFR
HG02897	HG02897	F	AFR
HG02922	HG02922	F	AFR
HG02923	HG02923	M	AFR
HG02924	HG02924	M	AFR
HG02938	HG02938	M	AFR
HG02939	HG02939	M	AFR
HG02941	HG02941	M	AFR
HG02942	HG02942	M	AFR
HG02943	HG02943	F	AFR
HG02944	HG02944	M	AFR
HG02945	HG02945	F	AFR
HG02946	HG02946	F	AFR
HG02947	HG02947	M	AFR
HG02948	HG02948	M	AFR
HG02952	HG02952	F	AFR
HG02953	HG02953	M	AFR
HG02954	HG02954	M	AFR
HG02964	HG02964	F	AFR
HG02965	HG02965	M	AFR
HG02966	HG02966	M	AFR
HG02968	HG02968	M	AFR
HG02969	HG02969	F	AFR
HG02970	HG02970	F	AFR
HG02971	HG02971	M	AFR
HG02972	HG02972	M	AFR
HG02973	HG02973	M	AFR
HG02974	HG02974	F	AFR
HG02975	HG02975	M	AFR
HG02976	HG02976	F	AFR
HG02977	HG02977	M	AFR
HG02978	HG02978	F	AFR
HG02979	HG02979	F	AFR
HG02980	HG02980	M	AFR
HG02981	HG02981	M	AFR
HG02982	HG02982	M	AFR
HG02983	HG02983	F	AFR
HG02984	HG02984	M	AFR
HG03006	HG03006	M	SAS
HG03007	HG03007	F	SAS
HG03008	HG03008	M	SAS
HG03009	HG03009	M	SAS
HG03012	HG03012	M	SAS
HG03015	HG03015	M	SAS
HG03016	HG03016	F	SAS
HG03017	HG03017	M	SAS
HG03018	HG03018	M	SAS
HG03019	HG03019	F	SAS
HG03021	HG03021	M	SAS
HG03022	HG03022	F	SAS
HG03023	HG03023	M	SAS
HG03024	HG03024	M	AFR
HG03025	HG03025	F	AFR
HG03026	HG03026	F	AFR
HG03027	HG03027	M	AFR
HG03028	HG03028	F	AFR
HG03029	HG03029	M	AFR
HG03033	HG03033	M	AFR
HG03034	HG03034	F	AFR
HG03035	HG03035	M	AFR
HG03039	HG03039	M	AFR
HG03040	HG03040	F	AFR
HG03041	HG03041	F	AFR
HG03045	HG03045	M	AFR
HG03046	HG03046	F	AFR
HG03047	HG03047	F	AFR
HG03048	HG03048	M	AFR
HG03049	HG03049	F	AFR
HG03050	HG03050	M	AFR
HG03052	HG03052	F	AFR
HG03053	HG03053	F	AFR
HG03054	HG03054	M	AFR
HG03055	HG03055	F	AFR
HG03056	HG03056	M	AFR
HG03057	HG03057	M	AFR
HG03058	HG03058	F	AFR
HG03059	HG03059	M	AFR
HG03060	HG03060	M	AFR
HG03061	HG03061	F	AFR
HG03062	HG03062	M	AFR
HG03063	HG03063	M	AFR
HG03064	HG03064	F	AFR
HG03065	HG03065	M	AFR
HG03066	HG03066	M	AFR
HG03069	HG03069	M	AFR
HG03072	HG03072	M	AFR
HG03073	HG03073	F	AFR
HG03074	HG03074	M	AFR
HG03076	HG03076	F	AFR
HG03077	HG03077	M	AFR
HG03078	HG03078	M	AFR
HG03079	HG03079	F	AFR
HG03080	HG03080	F	AFR
HG03081	HG03081	M	AFR
HG03082	HG03082	F	AFR
HG03084	HG03084	M	AFR
HG03085	HG03085	F	AFR
HG03086	HG03086	F	AFR
HG03088	HG03088	F	AFR
HG03091	HG03091	F	AFR
HG03095	HG03095	F	AFR
HG03096	HG03096	M	AFR
HG03097	HG03097	F	AFR
HG03098	HG03098	M	AFR
HG03099	HG03099	F	AFR
HG03100	HG03100	M	AFR
HG03101	HG03101	M	AFR
HG03103	HG03103	M	AFR
HG03104	HG03104	F	AFR
HG03105	HG03105	F	AFR
HG03107	HG03107	F	AFR
HG03108	HG03108	F	AFR
HG03109	HG03109	M	AFR
HG03110	HG03110	F	AFR
HG03111	HG03111	F	AFR
HG03112	HG03112	M	AFR
HG03113	HG03113	F	AFR
HG03114	HG03114	F	AFR
HG03115	HG03115	M	AFR
HG03116	HG03116	F	AFR
HG03117	HG03117	F	AFR
HG03118	HG03118	M	AFR
HG03119	HG03119	F	AFR
HG03120	HG03120	M	AFR
HG03121	HG03121	F	AFR
HG03122	HG03122	M	AFR
HG03123	HG03123	F	AFR
HG03124	HG03124	M	AFR
HG03125	HG03125	F	AFR
HG03126	HG03126	F	AFR
HG03127	HG03127	M	AFR
HG03128	HG03128	M	AFR
HG03129	HG03129	F	AFR
HG03130	HG03130	M	AFR
HG03131	HG03131	M	AFR
HG03132	HG03132	F	AFR
HG03133	HG03133	M	AFR
HG03134	HG03134	M	AFR
HG03135	HG03135	F	AFR
HG03136	HG03136	M	AFR
HG03137	HG03137	M	AFR
HG03139	HG03139	M	AFR
HG03140	HG03140	F	AFR
HG03157	HG03157	M	AFR
HG03158	HG03158	F	AFR
HG03159	HG03159	F	AFR
HG03160	HG03160	M	AFR
HG03161	HG03161	M	AFR
HG03162	HG03162	F	AFR
HG03163	HG03163	M	AFR
HG03164	HG03164	F	AFR
HG03166	HG03166	M	AFR
HG03167	HG03167	M	AFR
HG03168	HG03168	F	AFR
HG03169	HG03169	M	AFR
HG03170	HG03170	M	AFR
HG03171	HG03171	F	AFR
HG03172	HG03172	M	AFR
HG03173	HG03173	M	AFR
HG03175	HG03175	M	AFR
HG03176	HG03176	M	AFR
HG03189	HG03189	F	AFR
HG03190	HG03190	M	AFR
HG03191	HG03191	M	AFR
HG03193	HG03193	M	AFR
HG03194	HG03194	M	AFR
HG03195	HG03195	F	AFR
HG03196	HG03196	M	AFR
HG03197	HG03197	M	AFR
HG03198	HG03198	F	AFR
HG03199	HG03199	M	AFR
HG03200	HG03200	F	AFR
HG03202	HG03202	M	AFR
HG03203	HG03203	F	AFR
HG03209	HG03209	M	AFR
HG03212	HG03212	F	AFR
HG03224	HG03224	M	AFR
HG03225	HG03225	M	AFR
HG03228	HG03228	M	SAS
HG03229	HG03229	F	SAS
HG03230	HG03230	F	SAS
HG03234	HG03234	M	SAS
HG03235	HG03235	F	SAS
HG03236	HG03236	F	SAS
HG03237	HG03237	M	SAS
HG03238	HG03238	F	SAS
HG03239	HG03239	F	SAS
HG03240	HG03240	M	AFR
HG03241	HG03241	F	AFR
HG03242	HG03242	M	AFR
HG03246	HG03246	M	AFR
HG03247	HG03247	F	AFR
HG03248	HG03248	M	AFR
HG03249	HG03249	M	AFR
HG03250	HG03250	F	AFR
HG03251	HG03251	F	AFR
HG03258	HG03258	M	AFR
HG03259	HG03259	F	AFR
HG03260	HG03260	M	AFR
HG03265	HG03265	M	AFR
HG03266	HG03266	F	AFR
HG03267	HG03267	F	AFR
HG03268	HG03268	M	AFR
HG03269	HG03269	M	AFR
HG03270	HG03270	F	AFR
HG03271	HG03271	M	AFR
HG03272	HG03272	F	AFR
HG03279	HG03279	F	AFR
HG03280	HG03280	M	AFR
HG03291	HG03291	F	AFR
HG03293	HG03293	M	AFR
HG03294	HG03294	F	AFR
HG03295	HG03295	M	AFR
HG03296	HG03296	M	AFR
HG03297	HG03297	F	AFR
HG03298	HG03298	M	AFR
HG03299	HG03299	M	AFR
HG03300	HG03300	F	AFR
HG03301	HG03301	M	AFR
HG03302	HG03302	M	AFR
HG03303	HG03303	F	AFR
HG03304	HG03304	M	AFR
HG03305	HG03305	F	AFR
HG03306	HG03306	F	AFR
HG03307	HG03307	M	AFR
HG03308	HG03308	M	AFR
HG03309	HG03309	F	AFR
HG03310	HG03310	F	AFR
HG03311	HG03311	M	AFR
HG03312	HG03312	F	AFR
HG03313	HG03313	M	AFR
HG03314	HG03314	M	AFR
HG03339	HG03339	F	AFR
HG03341	HG03341	F	AFR
HG03342	HG03342	F	AFR
HG03343	HG03343	M	AFR
HG03344	HG03344	M	AFR
HG03350	HG03350	M	AFR
HG03351	HG03351	F	AFR
HG03352	HG03352	M	AFR
HG03354	HG03354	F	AFR
HG03361	HG03361	M	AFR
HG03362	HG03362	M	AFR
HG03363	HG03363	F	AFR
HG03365	HG03365	M	AFR
HG03366	HG03366	F	AFR
HG03367	HG03367	M	AFR
HG03368	HG03368	M	AFR
HG03369	HG03369	F	AFR
HG03370	HG03370	M	AFR
HG03371	HG03371	M	AFR
HG03372	HG03372	F	AFR
HG03373	HG03373	M	AFR
HG03374	HG03374	F	AFR
HG03376	HG03376	M	AFR
HG03378	HG03378	F	AFR
HG03380	HG03380	F	AFR
HG03381	HG03381	F	AFR
HG03382	HG03382	M	AFR
HG03383	HG03383	F	AFR
HG03384	HG03384	F	AFR
HG03385	HG03385	M	AFR
HG03388	HG03388	M	AFR
HG03390	HG03390	M	AFR
HG03391	HG03391	M	AFR
HG03393	HG03393	F	AFR
HG03394	HG03394	M	AFR
HG03397	HG03397	M	AFR
HG03398	HG03398	F	AFR
HG03399	HG03399	M	AFR
HG03401	HG03401	F	AFR
HG03402	HG03402	F	AFR
HG03408	HG03408	M	AFR
HG03410	HG03410	F	AFR
HG03411	HG03411	F	AFR
HG03419	HG03419	F	AFR
HG03428	HG03428	F	AFR
HG03431	HG03431	F	AFR
HG03432	HG03432	M	AFR
HG03433	HG03433	M	AFR
HG03436	HG03436	M	AFR
HG03437	HG03437	F	AFR
HG03438	HG03438	F	AFR
HG03439	HG03439	M	AFR
HG03442	HG03442	M	AFR
HG03445	HG03445	M	AFR
HG03446	HG03446	F	AFR
HG03449	HG03449	F	AFR
HG03450	HG03450	F	AFR
HG03451	HG03451	M	AFR
HG03452	HG03452	F	AFR
HG03453	HG03453	F	AFR
HG03454	HG03454	M	AFR
HG03455	HG03455	F	AFR
HG03456	HG03456	M	AFR
HG03457	HG03457	M	AFR
HG03458	HG03458	F	AFR
HG03459	HG03459	M	AFR
HG03460	HG03460	M	AFR
HG03461	HG03461	F	AFR
HG03462	HG03462	M	AFR
HG03464	HG03464	F	AFR
HG03465	HG03465	M	AFR
HG03466	HG03466	M	AFR
HG03468	HG03468	M	AFR
HG03469	HG03469	M	AFR
HG03470	HG03470	F	AFR
HG03471	HG03471	M	AFR
HG03472	HG03472	M	AFR
HG03473	HG03473	F	AFR
HG03474	HG03474	M	AFR
HG03476	HG03476	F	AFR
HG03477	HG03477	M	AFR
HG03478	HG03478	M	AFR
HG03479	HG03479	F	AFR
HG03480	HG03480	F	AFR
HG03484	HG03484	M	AFR
HG03485	HG03485	F	AFR
HG03486	HG03486	F	AFR
HG03487	HG03487	M	SAS
HG03488	HG03488	F	SAS
HG03489	HG03489	M	SAS
HG03490	HG03490	M	SAS
HG03491	HG03491	F	SAS
HG03492	HG03492	M	SAS
HG03493	HG03493	F	AFR
HG03499	HG03499	F	AFR
HG03508	HG03508	F	AFR
HG03510	HG03510	F	AFR
HG03511	HG03511	F	AFR
HG03513	HG03513	M	AFR
HG03514	HG03514	F	AFR
HG03515	HG03515	M	AFR
HG03516	HG03516	F	AFR
HG03517	HG03517	F	AFR
HG03518	HG03518	M	AFR
HG03519	HG03519	M	AFR
HG03520	HG03520	F	AFR
HG03521	HG03521	M	AFR
HG03522	HG03522	F	AFR
HG03538	HG03538	M	AFR
HG03539	HG03539	F	AFR
HG03540	HG03540	F	AFR
HG03547	HG03547	M	AFR
HG03548	HG03548	F	AFR
HG03549	HG03549	F	AFR
HG03556	HG03556	M	AFR
HG03557	HG03557	F	AFR
HG03558	HG03558	F	AFR
HG03559	HG03559	M	AFR
HG03563	HG03563	F	AFR
HG03564	HG03564	F	AFR
HG03565	HG03565	M	AFR
HG03566	HG03566	F	AFR
HG03567	HG03567	F	AFR
HG03569	HG03569	F	AFR
HG03571	HG03571	M	AFR
HG03572	HG03572	F	AFR
HG03574	HG03574	M	AFR
HG03575	HG03575	F	AFR
HG03576	HG03576	F	AFR
HG03577	HG03577	M	AFR
HG03578	HG03578	F	AFR
HG03579	HG03579	M	AFR
HG03582	HG03582	M	AFR
HG03583	HG03583	F	AFR
HG03584	HG03584	F	AFR
HG03585	HG03585	M	SAS
HG03587	HG03587	F	SAS
HG03589	HG03589	F	SAS
HG03590	HG03590	M	SAS
HG03593	HG03593	M	SAS
HG03594	HG03594	M	SAS
HG03595	HG03595	F	SAS
HG03596	HG03596	M	SAS
HG03598	HG03598	F	SAS
HG03599	HG03599	F	SAS
HG03600	HG03600	M	SAS
HG03602	HG03602	M	SAS
HG03603	HG03603	M	SAS
HG03604	HG03604	F	SAS
HG03605	HG03605	F	SAS
HG03606	HG03606	M	SAS
HG03607	HG03607	F	SAS
HG03611	HG03611	F	SAS
HG03615	HG03615	M	SAS
HG03616	HG03616	F	SAS
HG03617	HG03617	F	SAS
HG03618	HG03618	M	SAS
HG03619	HG03619	F	SAS
HG03620	HG03620	F	SAS
HG03621	HG03621	M	SAS
HG03624	HG03624	M	SAS
HG03625	HG03625	F	SAS
HG03626	HG03626	F	SAS
HG03629	HG03629	M	SAS
HG03631	HG03631	F	SAS
HG03633	HG03633	M	SAS
HG03634	HG03634	F	SAS
HG03635	HG03635	F	SAS
HG03636	HG03636	M	SAS
HG03638	HG03638	F	SAS
HG03639	HG03639	M	SAS
HG03640	HG03640	F	SAS
HG03641	HG03641	M	SAS
HG03642	HG03642	F	SAS
HG03643	HG03643	F	SAS
HG03644	HG03644	M	SAS
HG03645	HG03645	F	SAS
HG03646	HG03646	M	SAS
HG03649	HG03649	M	SAS
HG03650	HG03650	F	SAS
HG03651	HG03651	M	SAS
HG03652	HG03652	M	SAS
HG03653	HG03653	F	SAS
HG03654	HG03654	M	SAS
HG03656	HG03656	F	SAS
HG03657	HG03657	M	SAS
HG03660	HG03660	M	SAS
HG03663	HG03663	M	SAS
HG03667	HG03667	M	SAS
HG03668	HG03668	F	SAS
HG03669	HG03669	F	SAS
HG03672	HG03672	M	SAS
HG03673	HG03673	F	SAS
HG03679	HG03679	M	SAS
HG03680	HG03680	M	SAS
HG03681	HG03681	M	SAS
HG03682	HG03682	M	SAS
HG03683	HG03683	F	SAS
HG03684	HG03684	F	SAS
HG03685	HG03685	M	SAS
HG03686	HG03686	M	SAS
HG03687	HG03687	M	SAS
HG03688	HG03688	M	SAS
HG03689	HG03689	F	SAS
HG03690	HG03690	F	SAS
HG03691	HG03691	M	SAS
HG03692	HG03692	F	SAS
HG03693	HG03693	M	SAS
HG03694	HG03694	M	SAS
HG03695	HG03695	M	SAS
HG03696	HG03696	M	SAS
HG03697	HG03697	M	SAS
HG03698	HG03698	F	SAS
HG03699	HG03699	M	SAS
HG03700	HG03700	F	SAS
HG03701	HG03701	M	SAS
HG03702	HG03702	M	SAS
HG03703	HG03703	F	SAS
HG03704	HG03704	F	SAS
HG03705	HG03705	M	SAS
HG03706	HG03706	F	SAS
HG03707	HG03707	M	SAS
HG03708	HG03708	M	SAS
HG03709	HG03709	F	SAS
HG03710	HG03710	M	SAS
HG03711	HG03711	M	SAS
HG03713	HG03713	M	SAS
HG03714	HG03714	F	SAS
HG03715	HG03715	M	SAS
HG03716	HG03716	M	SAS
HG03717	HG03717	F	SAS
HG03718	HG03718	M	SAS
HG03719	HG03719	F	SAS
HG03720	HG03720	M	SAS
HG03721	HG03721	F	SAS
HG03722	HG03722	F	SAS
HG03723	HG03723	F	SAS
HG03725	HG03725	M	SAS
HG03727	HG03727	M	SAS
HG03729	HG03729	M	SAS
HG03730	HG03730	F	SAS
HG03731	HG03731	F	SAS
HG03732	HG03732	M	SAS
HG03733	HG03733	F	SAS
HG03736	HG03736	F	SAS
HG03738	HG03738	M	SAS
HG03740	HG03740	M	SAS
HG03741	HG03741	F	SAS
HG03742	HG03742	M	SAS
HG03743	HG03743	M	SAS
HG03744	HG03744	M	SAS
HG03745	HG03745	M	SAS
HG03746	HG03746	M	SAS
HG03750	HG03750	M	SAS
HG03752	HG03752	F	SAS
HG03753	HG03753	M	SAS
HG03754	HG03754	F	SAS
HG03755	HG03755	M	SAS
HG03756	HG03756	F	SAS
HG03757	HG03757	F	SAS
HG03760	HG03760	F	SAS
HG03761	HG03761	M	SAS
HG03762	HG03762	F	SAS
HG03763	HG03763	M	SAS
HG03765	HG03765	F	SAS
HG03766	HG03766	M	SAS
HG03767	HG03767	M	SAS
HG03769	HG03769	M	SAS
HG03770	HG03770	F	SAS
HG03771	HG03771	M	SAS
HG03772	HG03772	F	SAS
HG03773	HG03773	M	SAS
HG03774	HG03774	F	SAS
HG03775	HG03775	M	SAS
HG03777	HG03777	M	SAS
HG03778	HG03778	M	SAS
HG03779	HG03779	M	SAS
HG03780	HG03780	F	SAS
HG03781	HG03781	F	SAS
HG03782	HG03782	F	SAS
HG03783	HG03783	M	SAS
HG03784	HG03784	F	SAS
HG03785	HG03785	M	SAS
HG03786	HG03786	M	SAS
HG03787	HG03787	F	SAS
HG03788	HG03788	M	SAS
HG03789	HG03789	F	SAS
HG03790	HG03790	M	SAS
HG03792	HG03792	M	SAS
HG03793	HG03793	F	SAS
HG03794	HG03794	M	SAS
HG03795	HG03795	M	SAS
HG03796	HG03796	F	SAS
HG03797	HG03797	M	SAS
HG03798	HG03798	M	SAS
HG03799	HG03799	F	SAS
HG03800	HG03800	M	SAS
HG03801	HG03801	F	SAS
HG03802	HG03802	F	SAS
HG03803	HG03803	M	SAS
HG03804	HG03804	F	SAS
HG03805	HG03805	F	SAS
HG03806	HG03806	M	SAS
HG03807	HG03807	F	SAS
HG03808	HG03808	F	SAS
HG03809	HG03809	M	SAS
HG03811	HG03811	F	SAS
HG03812	HG03812	M	SAS
HG03813	HG03813	F	SAS
HG03814	HG03814	F	SAS
HG03815	HG03815	M	SAS
HG03816	HG03816	F	SAS
HG03817	HG03817	F	SAS
HG03821	HG03821	M	SAS
HG03822	HG03822	M	SAS
HG03823	HG03823	F	SAS
HG03824	HG03824	M	SAS
HG03825	HG03825	F	SAS
HG03826	HG03826	F	SAS
HG03829	HG03829	F	SAS
HG03830	HG03830	M	SAS
HG03831	HG03831	F	SAS
HG03832	HG03832	F	SAS
HG03833	HG03833	M	SAS
HG03834	HG03834	F	SAS
HG03835	HG03835	F	SAS
HG03836	HG03836	F	SAS
HG03837	HG03837	M	SAS
HG03838	HG03838	F	SAS
HG03840	HG03840	M	SAS
HG03842	HG03842	F	SAS
HG03844	HG03844	M	SAS
HG03845	HG03845	M	SAS
HG03846	HG03846	M	SAS
HG03847	HG03847	M	SAS
HG03848	HG03848	M	SAS
HG03849	HG03849	F	SAS
HG03850	HG03850	M	SAS
HG03851	HG03851	M	SAS
HG03854	HG03854	M	SAS
HG03856	HG03856	M	SAS
HG03857	HG03857	F	SAS
HG03858	HG03858	F	SAS
HG03861	HG03861	F	SAS
HG03862	HG03862	F	SAS
HG03863	HG03863	F	SAS
HG03864	HG03864	M	SAS
HG03866	HG03866	M	SAS
HG03867	HG03867	M	SAS
HG03868	HG03868	F	SAS
HG03869	HG03869	M	SAS
HG03870	HG03870	M	SAS
HG03871	HG03871	M	SAS
HG03872	HG03872	M	SAS
HG03873	HG03873	F	SAS
HG03874	HG03874	F	SAS
HG03875	HG03875	M	SAS
HG03876	HG03876	M	SAS
HG03879	HG03879	M	SAS
HG03882	HG03882	F	SAS
HG03884	HG03884	F	SAS
HG03885	HG03885	M	SAS
HG03886	HG03886	F	SAS
HG03887	HG03887	M	SAS
HG03888	HG03888	F	SAS
HG03890	HG03890	M	SAS
HG03894	HG03894	F	SAS
HG03895	HG03895	F	SAS
HG03896	HG03896	M	SAS
HG03897	HG03897	F	SAS
HG03898	HG03898	F	SAS
HG03899	HG03899	M	SAS
HG03900	HG03900	M	SAS
HG03901	HG03901	F	SAS
HG03902	HG03902	M	SAS
HG03903	HG03903	F	SAS
HG03904	HG03904	F	SAS
HG03905	HG03905	M	SAS
HG03906	HG03906	M	SAS
HG03907	HG03907	F	SAS
HG03908	HG03908	M	SAS
HG03909	HG03909	M	SAS
HG03910	HG03910	F	SAS
HG03911	HG03911	M	SAS
HG03913	HG03913	F	SAS
HG03914	HG03914	M	SAS
HG03915	HG03915	F	SAS
HG03916	HG03916	F	SAS
HG03917	HG03917	M	SAS
HG03919	HG03919	F	SAS
HG03920	HG03920	M	SAS
HG03922	HG03922	F	SAS
HG03924	HG03924	F	SAS
HG03925	HG03925	F	SAS
HG03926	HG03926	M	SAS
HG03927	HG03927	F	SAS
HG03928	HG03928	F	SAS
HG03929	HG03929	M	SAS
HG03930	HG03930	F	SAS
HG03931	HG03931	F	SAS
HG03934	HG03934	F	SAS
HG03937	HG03937	F	SAS
HG03939	HG03939	F	SAS
HG03940	HG03940	F	SAS
HG03941	HG03941	M	SAS
HG03942	HG03942	M	SAS
HG03943	HG03943	M	SAS
HG03944	HG03944	F	SAS
HG03945	HG03945	F	SAS
HG03947	HG03947	F	SAS
HG03948	HG03948	F	SAS
HG03949	HG03949	F	SAS
HG03950	HG03950	M	SAS
HG03951	HG03951	F	SAS
HG03953	HG03953	M	SAS
HG03955	HG03955	F	SAS
HG03960	HG03960	M	SAS
HG03963	HG03963	M	SAS
HG03965	HG03965	M	SAS
HG03967	HG03967	M	SAS
HG03968	HG03968	F	SAS
HG03969	HG03969	M	SAS
HG03971	HG03971	M	SAS
HG03972	HG03972	F	SAS
HG03973	HG03973	F	SAS
HG03974	HG03974	M	SAS
HG03976	HG03976	M	SAS
HG03977	HG03977	F	SAS
HG03978	HG03978	M	SAS
HG03982	HG03982	M	SAS
HG03985	HG03985	M	SAS
HG03986	HG03986	F	SAS
HG03988	HG03988	M	SAS
HG03989	HG03989	F	SAS
HG03990	HG03990	M	SAS
HG03991	HG03991	M	SAS
HG03992	HG03992	M	SAS
HG03995	HG03995	F	SAS
HG03998	HG03998	M	SAS
HG03999	HG03999	M	SAS
HG04001	HG04001	F	SAS
HG04002	HG04002	M	SAS
HG04003	HG04003	M	SAS
HG04006	HG04006	M	SAS
HG04014	HG04014	F	SAS
HG04015	HG04015	M	SAS
HG04017	HG04017	M	SAS
HG04018	HG04018	F	SAS
HG04019	HG04019	M	SAS
HG04020	HG04020	M	SAS
HG04022	HG04022	M	SAS
HG04023	HG04023	M	SAS
HG04024	HG04024	F	SAS
HG04025	HG04025	F	SAS
HG04026	HG04026	F	SAS
HG04029	HG04029	F	SAS
HG04033	HG04033	M	SAS
HG04035	HG04035	F	SAS
HG04036	HG04036	F	SAS
HG04037	HG04037	F	SAS
HG04038	HG04038	F	SAS
HG04039	HG04039	M	SAS
HG04040	HG04040	M	SAS
HG04042	HG04042	F	SAS
HG04047	HG04047	F	SAS
HG04050	HG04050	F	SAS
HG04053	HG04053	M	SAS
HG04054	HG04054	F	SAS
HG04055	HG04055	M	SAS
HG04056	HG04056	M	SAS
HG04058	HG04058	M	SAS
HG04059	HG04059	F	SAS
HG04060	HG04060	M	SAS
HG04061	HG04061	M	SAS
HG04062	HG04062	F	SAS
HG04063	HG04063	F	SAS
HG04067	HG04067	F	SAS
HG04070	HG04070	F	SAS
HG04075	HG04075	F	SAS
HG04076	HG04076	F	SAS
HG04080	HG04080	M	SAS
HG04090	HG04090	F	SAS
HG04093	HG04093	M	SAS
HG04094	HG04094	M	SAS
HG04096	HG04096	M	SAS
HG04098	HG04098	M	SAS
HG04099	HG04099	F	SAS
HG04100	HG04100	M	SAS
HG04106	HG04106	F	SAS
HG04107	HG04107	M	SAS
HG04114	HG04114	M	SAS
HG04115	HG04115	M	SAS
HG04118	HG04118	F	SAS
HG04122	HG04122	M	SAS
HG04127	HG04127	M	SAS
HG04128	HG04128	M	SAS
HG04131	HG04131	M	SAS
HG04132	HG04132	F	SAS
HG04133	HG04133	F	SAS
HG04134	HG04134	M	SAS
HG04135	HG04135	F	SAS
HG04136	HG04136	F	SAS
HG04140	HG04140	M	SAS
HG04141	HG04141	F	SAS
HG04142	HG04142	F	SAS
HG04144	HG04144	F	SAS
HG04146	HG04146	M	SAS
HG04147	HG04147	F	SAS
HG04148	HG04148	F	SAS
HG04149	HG04149	M	SAS
HG04150	HG04150	F	SAS
HG04151	HG04151	F	SAS
HG04152	HG04152	M	SAS
HG04153	HG04153	F	SAS
HG04155	HG04155	M	SAS
HG04156	HG04156	F	SAS
HG04157	HG04157	M	SAS
HG04158	HG04158	M	SAS
HG04159	HG04159	F	SAS
HG04160	HG04160	M	SAS
HG04161	HG04161	M	SAS
HG04162	HG04162	F	SAS
HG04164	HG04164	M	SAS
HG04171	HG04171	F	SAS
HG04173	HG04173	M	SAS
HG04174	HG04174	F	SAS
HG04175	HG04175	F	SAS
HG04176	HG04176	M	SAS
HG04177	HG04177	F	SAS
HG04180	HG04180	F	SAS
HG04181	HG04181	F	SAS
HG04182	HG04182	M	SAS
HG04183	HG04183	F	SAS
HG04184	HG04184	F	SAS
HG04185	HG04185	M	SAS
HG04186	HG04186	F	SAS
HG04187	HG04187	M	SAS
HG04188	HG04188	M	SAS
HG04189	HG04189	F	SAS
HG04191	HG04191	M	SAS
HG04192	HG04192	F	SAS
HG04193	HG04193	M	SAS
HG04194	HG04194	M	SAS
HG04195	HG04195	F	SAS
HG04197	HG04197	F	SAS
HG04198	HG04198	M	SAS
HG04199	HG04199	M	SAS
HG04200	HG04200	F	SAS
HG04202	HG04202	F	SAS
HG04204	HG04204	M	SAS
HG04206	HG04206	M	SAS
HG04208	HG04208	F	SAS
HG04209	HG04209	F	SAS
HG04210	HG04210	M	SAS
HG04211	HG04211	M	SAS
HG04212	HG04212	F	SAS
HG04214	HG04214	F	SAS
HG04215	HG04215	M	SAS
HG04216	HG04216	F	SAS
HG04217	HG04217	F	SAS
HG04219	HG04219	M	SAS
HG04222	HG04222	M	SAS
HG04225	HG04225	M	SAS
HG04227	HG04227	F	SAS
HG04228	HG04228	M	SAS
HG04229	HG04229	M	SAS
HG04235	HG04235	M	SAS
HG04238	HG04238	M	SAS
HG04239	HG04239	M	SAS
HG04301	HG04301	F	EUR
HG04302	HG04302	M	EUR
HG04303	HG04303	F	EUR
NA06984	NA06984	M	EUR
NA06985	NA06985	F	EUR
NA06986	NA06986	M	EUR
NA06989	NA06989	F	EUR
NA06991	NA06991	F	EUR
NA06993	NA06993	M	EUR
NA06994	NA06994	M	EUR
NA06995	NA06995	M	EUR
NA06997	NA06997	F	EUR
NA07000	NA07000	F	EUR
NA07014	NA07014	F	EUR
NA07019	NA07019	F	EUR
NA07022	NA07022	M	EUR
NA07029	NA07029	M	EUR
NA07031	NA07031	F	EUR
NA07034	NA07034	M	EUR
NA07037	NA07037	F	EUR
NA07045	NA07045	F	EUR
NA07048	NA07048	M	EUR
NA07051	NA07051	M	EUR
NA07055	NA07055	F	EUR
NA07056	NA07056	F	EUR
NA07340	NA07340	F	EUR
NA07345	NA07345	F	EUR
NA07346	NA07346	F	EUR
NA07347	NA07347	M	EUR
NA07348	NA07348	F	EUR
NA07349	NA07349	M	EUR
NA07357	NA07357	M	EUR
NA07435	NA07435	M	EUR
NA10830	NA10830	M	EUR
NA10831	NA10831	F	EUR
NA10835	NA10835	M	EUR
NA10836	NA10836	F	EUR
NA10837	NA10837	M	EUR
NA10838	NA10838	M	EUR
NA10839	NA10839	F	EUR
NA10840	NA10840	F	EUR
NA10842	NA10842	M	EUR
NA10843	NA10843	F	EUR
NA10845	NA10845	M	EUR
NA10846	NA10846	M	EUR
NA10847	NA10847	F	EUR
NA10850	NA10850	F	EUR
NA10851	NA10851	M	EUR
NA10852	NA10852	F	EUR
NA10853	NA10853	M	EUR
NA10854	NA10854	F	EUR
NA10855	NA10855	F	EUR
NA10856	NA10856	M	EUR
NA10857	NA10857	M	EUR
NA10859	NA10859	F	EUR
NA10860	NA10860	M	EUR
NA10861	NA10861	F	EUR
NA10863	NA10863	F	EUR
NA10864	NA10864	F	EUR
NA10865	NA10865	M	EUR
NA11829	NA11829	M	EUR
NA11830	NA11830	F	EUR
NA11831	NA11831	M	EUR
NA11832	NA11832	F	EUR
NA11839	NA11839	M	EUR
NA11840	NA11840	F	EUR
NA11843	NA11843	M	EUR
NA11881	NA11881	M	EUR
NA11882	NA11882	F	EUR
NA11891	NA11891	M	EUR
NA11892	NA11892	F	EUR
NA11893	NA11893	M	EUR
NA11894	NA11894	F	EUR
NA11917	NA11917	M	EUR
NA11918	NA11918	F	EUR
NA11919	NA11919	M	EUR
NA11920	NA11920	F	EUR
NA11930	NA11930	M	EUR
NA11931	NA11931	F	EUR
NA11932	NA11932	M	EUR
NA11933	NA11933	F	EUR
NA11992	NA11992	M	EUR
NA11993	NA11993	F	EUR
NA11994	NA11994	M	EUR
NA11995	NA11995	F	EUR
NA12003	NA12003	M	EUR
NA12004	NA12004	F	EUR
NA12005	NA12005	M	EUR
NA12006	NA12006	F	EUR
NA12043	NA12043	M	EUR
NA12044	NA12044	F	EUR
NA12045	NA12045	M	EUR
NA12046	NA12046	F	EUR
NA12056	NA12056	M	EUR
NA12057	NA12057	F	EUR
NA12058	NA12058	F	EUR
NA12144	NA12144	M	EUR
NA12145	NA12145	F	EUR
NA12146	NA12146	M	EUR
NA12154	NA12154	M	EUR
NA12155	NA12155	M	EUR
NA12156	NA12156	F	EUR
NA12234	NA12234	F	EUR
NA12239	NA12239	F	EUR
NA12248	NA12248	M	EUR
NA12249	NA12249	F	EUR
NA12264	NA12264	M	EUR
NA12272	NA12272	M	EUR
NA12273	NA12273	F	EUR
NA12274	NA12274	M	EUR
NA12275	NA12275	F	EUR
NA12282	NA12282	M	EUR
NA12283	NA12283	F	EUR
NA12286	NA12286	M	EUR
NA12287	NA12287	F	EUR
NA12329	NA12329	F	EUR
NA12335	NA12335	M	EUR
NA12336	NA12336	F	EUR
NA12340	NA12340	M	EUR
NA12341	NA12341	F	EUR
NA12342	NA12342	M	EUR
NA12343	NA12343	F	EUR
NA12344	NA12344	M	EUR
NA12347	NA12347	M	EUR
NA12348	NA12348	F	EUR
NA12375	NA12375	M	EUR
NA12376	NA12376	F	EUR
NA12383	NA12383	F	EUR
NA12386	NA12386	F	EUR
NA12399	NA12399	M	EUR
NA12400	NA12400	F	EUR
NA12413	NA12413	M	EUR
NA12414	NA12414	F	EUR
NA12485	NA12485	M	EUR
NA12489	NA12489	F	EUR
NA12546	NA12546	M	EUR
NA12707	NA12707	M	EUR
NA12708	NA12708	F	EUR
NA12716	NA12716	M	EUR
NA12717	NA12717	F	EUR
NA12718	NA12718	F	EUR
NA12739	NA12739	M	EUR
NA12740	NA12740	F	EUR
NA12748	NA12748	M	EUR
NA12749	NA12749	F	EUR
NA12750	NA12750	M	EUR
NA12751	NA12751	F	EUR
NA12752	NA12752	M	EUR
NA12753	NA12753	F	EUR
NA12760	NA12760	M	EUR
NA12761	NA12761	F	EUR
NA12762	NA12762	M	EUR
NA12763	NA12763	F	EUR
NA12766	NA12766	M	EUR
NA12767	NA12767	F	EUR
NA12775	NA12775	M	EUR
NA12776	NA12776	F	EUR
NA12777	NA12777	M	EUR
NA12778	NA12778	F	EUR
NA12801	NA12801	M	EUR
NA12802	NA12802	F	EUR
NA12812	NA12812	M	EUR
NA12813	NA12813	F	EUR
NA12814	NA12814	M	EUR
NA12815	NA12815	F	EUR
NA12817	NA12817	M	EUR
NA12818	NA12818	F	EUR
NA12827	NA12827	M	EUR
NA12828	NA12828	F	EUR
NA12829	NA12829	M	EUR
NA12830	NA12830	F	EUR
NA12832	NA12832	F	EUR
NA12842	NA12842	M	EUR
NA12843	NA12843	F	EUR
NA12864	NA12864	M	EUR
NA12865	NA12865	F	EUR
NA12872	NA12872	M	EUR
NA12873	NA12873	F	EUR
NA12874	NA12874	M	EUR
NA12875	NA12875	F	EUR
NA12877	NA12877	M	EUR
NA12878	NA12878	F	EUR
NA12889	NA12889	M	EUR
NA12890	NA12890	F	EUR
NA12891	NA12891	M	EUR
NA12892	NA12892	F	EUR
NA18484	NA18484	F	AFR
NA18485	NA18485	M	AFR
NA18486	NA18486	M	AFR
NA18487	NA18487	M	AFR
NA18488	NA18488	F	AFR
NA18489	NA18489	F	AFR
NA18497	NA18497	M	AFR
NA18498	NA18498	M	AFR
NA18499	NA18499	F	AFR
NA18500	NA18500	M	AFR
NA18501	NA18501	M	AFR
NA18502	NA18502	F	AFR
NA18503	NA18503	M	AFR
NA18504	NA18504	M	AFR
NA18505	NA18505	F	AFR
NA18506	NA18506	M	AFR
NA18507	NA18507	M	AFR
NA18508	NA18508	F	AFR
NA18509	NA18509	M	AFR
NA18510	NA18510	M	AFR
NA18511	NA18511	F	AFR
NA18515	NA18515	M	AFR
NA18516	NA18516	M	AFR
NA18517	NA18517	F	AFR
NA18518	NA18518	F	AFR
NA18519	NA18519	M	AFR
NA18520	NA18520	F	AFR
NA18521	NA18521	M	AFR
NA18522	NA18522	M	AFR
NA18523	NA18523	F	AFR
NA18525	NA18525	F	EAS
NA18526	NA18526	F	EAS
NA18527	NA18527	F	EAS
NA18528	NA18528	F	EAS
NA18530	NA18530	M	EAS
NA18531	NA18531	F	EAS
NA18532	NA18532	F	EAS
NA18533	NA18533	F	EAS
NA18534	NA18534	M	EAS
NA18535	NA18535	F	EAS
NA18536	NA18536	M	EAS
NA18537	NA18537	F	EAS
NA18538	NA18538	F	EAS
NA18539	NA18539	F	EAS
NA18541	NA18541	F	EAS
NA18542	NA18542	F	EAS
NA18543	NA18543	M	EAS
NA18544	NA18544	M	EAS
NA18545	NA18545	F	EAS
NA18546	NA18546	M	EAS
NA18547	NA18547	F	EAS
NA18548	NA18548	M	EAS
NA18549	NA18549	M	EAS
NA18550	NA18550	F	EAS
NA18552	NA18552	F	EAS
NA18553	NA18553	F	EAS
NA18555	NA18555	F	EAS
NA18557	NA18557	M	EAS
NA18558	NA18558	M	EAS
NA18559	NA18559	M	EAS
NA18560	NA18560	F	EAS
NA18561	NA18561	M	EAS
NA18562	NA18562	M	EAS
NA18563	NA18563	M	EAS
NA18564	NA18564	F	EAS
NA18565	NA18565	F	EAS
NA18566	NA18566	F	EAS
NA18567	NA18567	F	EAS
NA18570	NA18570	F	EAS
NA18571	NA18571	F	EAS
NA18572	NA18572	M	EAS
NA18573	NA18573	F	EAS
NA18574	NA18574	F	EAS
NA18576	NA18576	F	EAS
NA18577	NA18577	F	EAS
NA18579	NA18579	F	EAS
NA18582	NA18582	F	EAS
NA18591	NA18591	F	EAS
NA18592	NA18592	F	EAS
NA18593	NA18593	F	EAS
NA18595	NA18595	F	EAS
NA18596	NA18596	F	EAS
NA18597	NA18597	F	EAS
NA18599	NA18599	F	EAS
NA18602	NA18602	F	EAS
NA18603	NA18603	M	EAS
NA18605	NA18605	M	EAS
NA18606	NA18606	M	EAS
NA18608	NA18608	M	EAS
NA18609	NA18609	M	EAS
NA18610	NA18610	F	EAS
NA18611	NA18611	M	EAS
NA18612	NA18612	M	EAS
NA18613	NA18613	M	EAS
NA18614	NA18614	F	EAS
NA18615	NA18615	F	EAS
NA18616	NA18616	F	EAS
NA18617	NA18617	F	EAS
NA18618	NA18618	F	EAS
NA18619	NA18619	F	EAS
NA18620	NA18620	M	EAS
NA18621	NA18621	M	EAS
NA18622	NA18622	M	EAS
NA18623	NA18623	M	EAS
NA18624	NA18624	M	EAS
NA18625	NA18625	F	EAS
NA18626	NA18626	F	EAS
NA18627	NA18627	F	EAS
NA18628	NA18628	F	EAS
NA18629	NA18629	M	EAS
NA18630	NA18630	F	EAS
NA18631	NA18631	F	EAS
NA18632	NA18632	M	EAS
NA18633	NA18633	M	EAS
NA18634	NA18634	F	EAS
NA18635	NA18635	M	EAS
NA18636	NA18636	M	EAS
NA18637	NA18637	M	EAS
NA18638	NA18638	M	EAS
NA18639	NA18639	M	EAS
NA18640	NA18640	F	EAS
NA18641	NA18641	F	EAS
NA18642	NA18642	F	EAS
NA18643	NA18643	M	EAS
NA18644	NA18644	F	EAS
NA18645	NA18645	M	EAS
NA18646	NA18646	F	EAS
NA18647	NA18647	M	EAS
NA18648	NA18648	M	EAS
NA18740	NA18740	M	EAS
NA18745	NA18745	M	EAS
NA18747	NA18747	M	EAS
NA18748	NA18748	M	EAS
NA18749	NA18749	M	EAS
NA18757	NA18757	M	EAS
NA18791	NA18791	M	EAS
NA18794	NA18794	M	EAS
NA18795	NA18795	F	EAS
NA18852	NA18852	F	AFR
NA18853	NA18853	M	AFR
NA18854	NA18854	M	AFR
NA18855	NA18855	F	AFR
NA18856	NA18856	M	AFR
NA18857	NA18857	M	AFR
NA18858	NA18858	F	AFR
NA18859	NA18859	M	AFR
NA18860	NA18860	M	AFR
NA18861	NA18861	F	AFR
NA18862	NA18862	M	AFR
NA18863	NA18863	M	AFR
NA18864	NA18864	F	AFR
NA18865	NA18865	M	AFR
NA18867	NA18867	F	AFR
NA18868	NA18868	M	AFR
NA18869	NA18869	M	AFR
NA18870	NA18870	F	AFR
NA18871	NA18871	M	AFR
NA18872	NA18872	M	AFR
NA18873	NA18873	F	AFR
NA18874	NA18874	M	AFR
NA18875	NA18875	F	AFR
NA18876	NA18876	F	AFR
NA18877	NA18877	M	AFR
NA18878	NA18878	F	AFR
NA18879	NA18879	M	AFR
NA18881	NA18881	F	AFR
NA18906	NA18906	F	AFR
NA18907	NA18907	F	AFR
NA18908	NA18908	M	AFR
NA18909	NA18909	F	AFR
NA18910	NA18910	M	AFR
NA18911	NA18911	M	AFR
NA18912	NA18912	F	AFR
NA18913	NA18913	M	AFR
NA18914	NA18914	M	AFR
NA18915	NA18915	M	AFR
NA18916	NA18916	F	AFR
NA18917	NA18917	M	AFR
NA18923	NA18923	M	AFR
NA18924	NA18924	F	AFR
NA18925	NA18925	M	AFR
NA18930	NA18930	F	AFR
NA18933	NA18933	F	AFR
NA18934	NA18934	M	AFR
NA18935	NA18935	M	AFR
NA18939	NA18939	F	EAS
NA18940	NA18940	M	EAS
NA18941	NA18941	F	EAS
NA18942	NA18942	F	EAS
NA18943	NA18943	M	EAS
NA18944	NA18944	M	EAS
NA18945	NA18945	M	EAS
NA18946	NA18946	F	EAS
NA18947	NA18947	F	EAS
NA18948	NA18948	M	EAS
NA18949	NA18949	F	EAS
NA18950	NA18950	F	EAS
NA18951	NA18951	F	EAS
NA18952	NA18952	M	EAS
NA18953	NA18953	M	EAS
NA18954	NA18954	F	EAS
NA18955	NA18955	M	EAS
NA18956	NA18956	F	EAS
NA18957	NA18957	F	EAS
NA18959	NA18959	M	EAS
NA18960	NA18960	M	EAS
NA18961	NA18961	M	EAS
NA18962	NA18962	M	EAS
NA18963	NA18963	F	EAS
NA18964	NA18964	F	EAS
NA18965	NA18965	M	EAS
NA18966	NA18966	M	EAS
NA18967	NA18967	M	EAS
NA18968	NA18968	F	EAS
NA18969	NA18969	F	EAS
NA18970	NA18970	M	EAS
NA18971	NA18971	M	EAS
NA18972	NA18972	F	EAS
NA18973	NA18973	F	EAS
NA18974	NA18974	M	EAS
NA18975	NA18975	F	EAS
NA18976	NA18976	F	EAS
NA18977	NA18977	M	EAS
NA18978	NA18978	F	EAS
NA18979	NA18979	F	EAS
NA18980	NA18980	F	EAS
NA18981	NA18981	F	EAS
NA18982	NA18982	M	EAS
NA18983	NA18983	M	EAS
NA18984	NA18984	M	EAS
NA18985	NA18985	M	EAS
NA18986	NA18986	M	EAS
NA18987	NA18987	F	EAS
NA18988	NA18988	M	EAS
NA18989	NA18989	M	EAS
NA18990	NA18990	M	EAS
NA18991	NA18991	F	EAS
NA18992	NA18992	F	EAS
NA18993	NA18993	F	EAS
NA18994	NA18994	M	EAS
NA18995	NA18995	M	EAS
NA18997	NA18997	F	EAS
NA18998	NA18998	F	EAS
NA18999	NA18999	F	EAS
NA19000	NA19000	M	EAS
NA19001	NA19001	F	EAS
NA19002	NA19002	F	EAS
NA19003	NA19003	F	EAS
NA19004	NA19004	M	EAS
NA19005	NA19005	M	EAS
NA19006	NA19006	M	EAS
NA19007	NA19007	M	EAS
NA19009	NA19009	M	EAS
NA19010	NA19010	F	EAS
NA19011	NA19011	F	EAS
NA19012	NA19012	M	EAS
NA19017	NA19017	F	AFR
NA19019	NA19019	F	AFR
NA19020	NA19020	M	AFR
NA19023	NA19023	F	AFR
NA19024	NA19024	F	AFR
NA19025	NA19025	M	AFR
NA19026	NA19026	M	AFR
NA19027	NA19027	M	AFR
NA19028	NA19028	M	AFR
NA19030	NA19030	F	AFR
NA19031	NA19031	M	AFR
NA19035	NA19035	M	AFR
NA19036	NA19036	F	AFR
NA19037	NA19037	F	AFR
NA19038	NA19038	F	AFR
NA19041	NA19041	M	AFR
NA19042	NA19042	F	AFR
NA19043	NA19043	M	AFR
NA19044	NA19044	M	AFR
NA19046	NA19046	M	AFR
NA19054	NA19054	F	EAS
NA19055	NA19055	M	EAS
NA19056	NA19056	M	EAS
NA19057	NA19057	F	EAS
NA19058	NA19058	M	EAS
NA19059	NA19059	F	EAS
NA19060	NA19060	M	EAS
NA19062	NA19062	M	EAS
NA19063	NA19063	M	EAS
NA19064	NA19064	F	EAS
NA19065	NA19065	F	EAS
NA19066	NA19066	M	EAS
NA19067	NA19067	M	EAS
NA19068	NA19068	M	EAS
NA19070	NA19070	M	EAS
NA19072	NA19072	M	EAS
NA19074	NA19074	F	EAS
NA19075	NA19075	M	EAS
NA19076	NA19076	M	EAS
NA19077	NA19077	F	EAS
NA19078	NA19078	F	EAS
NA19079	NA19079	M	EAS
NA19080	NA19080	F	EAS
NA19081	NA19081	F	EAS
NA19082	NA19082	M	EAS
NA19083	NA19083	M	EAS
NA19084	NA19084	F	EAS
NA19085	NA19085	M	EAS
NA19086	NA19086	M	EAS
NA19087	NA19087	F	EAS
NA19088	NA19088	M	EAS
NA19089	NA19089	M	EAS
NA19090	NA19090	F	EAS
NA19091	NA19091	M	EAS
NA19092	NA19092	M	AFR
NA19093	NA19093	F	AFR
NA19094	NA19094	F	AFR
NA19095	NA19095	F	AFR
NA19096	NA19096	M	AFR
NA19097	NA19097	F	AFR
NA19098	NA19098	M	AFR
NA19099	NA19099	F	AFR
NA19100	NA19100	F	AFR
NA19101	NA19101	M	AFR
NA19102	NA19102	F	AFR
NA19103	NA19103	M	AFR
NA19104	NA19104	M	AFR
NA19105	NA19105	F	AFR
NA19107	NA19107	M	AFR
NA19108	NA19108	F	AFR
NA19109	NA19109	F	AFR
NA19113	NA19113	M	AFR
NA19114	NA19114	F	AFR
NA19115	NA19115	F	AFR
NA19116	NA19116	F	AFR
NA19117	NA19117	M	AFR
NA19118	NA19118	F	AFR
NA19119	NA19119	M	AFR
NA19120	NA19120	M	AFR
NA19121	NA19121	M	AFR
NA19122	NA19122	F	AFR
NA19123	NA19123	M	AFR
NA19127	NA19127	F	AFR
NA19128	NA19128	M	AFR
NA19129	NA19129	F	AFR
NA19130	NA19130	M	AFR
NA19131	NA19131	F	AFR
NA19132	NA19132	F	AFR
NA19137	NA19137	F	AFR
NA19138	NA19138	M	AFR
NA19139	NA19139	M	AFR
NA19140	NA19140	F	AFR
NA19141	NA19141	M	AFR
NA19142	NA19142	M	AFR
NA19143	NA19143	F	AFR
NA19144	NA19144	M	AFR
NA19145	NA19145	M	AFR
NA19146	NA19146	M	AFR
NA19147	NA19147	F	AFR
NA19148	NA19148	F	AFR
NA19149	NA19149	F	AFR
NA19150	NA19150	M	AFR
NA19151	NA19151	F	AFR
NA19152	NA19152	F	AFR
NA19153	NA19153	M	AFR
NA19154	NA19154	M	AFR
NA19159	NA19159	F	AFR
NA19160	NA19160	M	AFR
NA19161	NA19161	M	AFR
NA19166	NA19166	F	AFR
NA19171	NA19171	M	AFR
NA19172	NA19172	F	AFR
NA19173	NA19173	M	AFR
NA19174	NA19174	M	AFR
NA19175	NA19175	M	AFR
NA19176	NA19176	F	AFR
NA19177	NA19177	M	AFR
NA19184	NA19184	M	AFR
NA19185	NA19185	F	AFR
NA19186	NA19186	M	AFR
NA19189	NA19189	M	AFR
NA19190	NA19190	F	AFR
NA19191	NA19191	M	AFR
NA19195	NA19195	M	AFR
NA19196	NA19196	F	AFR
NA19197	NA19197	F	AFR
NA19198	NA19198	M	AFR
NA19199	NA19199	F	AFR
NA19200	NA19200	M	AFR
NA19201	NA19201	F	AFR
NA19202	NA19202	F	AFR
NA19203	NA19203	M	AFR
NA19204	NA19204	F	AFR
NA19205	NA19205	M	AFR
NA19206	NA19206	F	AFR
NA19207	NA19207	M	AFR
NA19208	NA19208	M	AFR
NA19209	NA19209	F	AFR
NA19210	NA19210	M	AFR
NA19211	NA19211	M	AFR
NA19213	NA19213	M	AFR
NA19214	NA19214	F	AFR
NA19215	NA19215	F	AFR
NA19221	NA19221	F	AFR
NA19222	NA19222	F	AFR
NA19223	NA19223	M	AFR
NA19224	NA19224	M	AFR
NA19225	NA19225	F	AFR
NA19226	NA19226	M	AFR
NA19235	NA19235	F	AFR
NA19236	NA19236	M	AFR
NA19237	NA19237	F	AFR
NA19238	NA19238	F	AFR
NA19239	NA19239	M	AFR
NA19240	NA19240	F	AFR
NA19247	NA19247	F	AFR
NA19248	NA19248	M	AFR
NA19249	NA19249	M	AFR
NA19252	NA19252	M	AFR
NA19254	NA19254	F	AFR
NA19256	NA19256	M	AFR
NA19257	NA19257	F	AFR
NA19258	NA19258	M	AFR
NA19307	NA19307	M	AFR
NA19308	NA19308	M	AFR
NA19309	NA19309	M	AFR
NA19310	NA19310	F	AFR
NA19311	NA19311	M	AFR
NA19312	NA19312	M	AFR
NA19313	NA19313	F	AFR
NA19314	NA19314	F	AFR
NA19315	NA19315	F	AFR
NA19316	NA19316	F	AFR
NA19317	NA19317	M	AFR
NA19318	NA19318	M	AFR
NA19319	NA19319	M	AFR
NA19320	NA19320	F	AFR
NA19321	NA19321	F	AFR
NA19323	NA19323	F	AFR
NA19324	NA19324	F	AFR
NA19327	NA19327	F	AFR
NA19328	NA19328	F	AFR
NA19331	NA19331	M	AFR
NA19332	NA19332	F	AFR
NA19334	NA19334	M	AFR
NA19338	NA19338	F	AFR
NA19346	NA19346	M	AFR
NA19347	NA19347	M	AFR
NA19350	NA19350	M	AFR
NA19351	NA19351	F	AFR
NA19352	NA19352	M	AFR
NA19355	NA19355	F	AFR
NA19359	NA19359	M	AFR
NA19360	NA19360	M	AFR
NA19371	NA19371	M	AFR
NA19372	NA19372	M	AFR
NA19373	NA19373	M	AFR
NA19374	NA19374	M	AFR
NA19375	NA19375	M	AFR
NA19376	NA19376	M	AFR
NA19377	NA19377	F	AFR
NA19378	NA19378	F	AFR
NA19379	NA19379	F	AFR
NA19380	NA19380	M	AFR
NA19381	NA19381	F	AFR
NA19382	NA19382	M	AFR
NA19383	NA19383	M	AFR
NA19384	NA19384	M	AFR
NA19385	NA19385	M	AFR
NA19390	NA19390	F	AFR
NA19391	NA19391	F	AFR
NA19393	NA19393	M	AFR
NA19394	NA19394	M	AFR
NA19395	NA19395	F	AFR
NA19396	NA19396	F	AFR
NA19397	NA19397	M	AFR
NA19398	NA19398	F	AFR
NA19399	NA19399	F	AFR
NA19401	NA19401	F	AFR
NA19403	NA19403	F	AFR
NA19404	NA19404	F	AFR
NA19428	NA19428	M	AFR
NA19429	NA19429	M	AFR
NA19430	NA19430	M	AFR
NA19431	NA19431	F	AFR
NA19432	NA19432	F	AFR
NA19434	NA19434	F	AFR
NA19435	NA19435	F	AFR
NA19436	NA19436	F	AFR
NA19437	NA19437	F	AFR
NA19438	NA19438	F	AFR
NA19439	NA19439	F	AFR
NA19440	NA19440	F	AFR
NA19443	NA19443	M	AFR
NA19444	NA19444	M	AFR
NA19445	NA19445	F	AFR
NA19446	NA19446	F	AFR
NA19448	NA19448	M	AFR
NA19449	NA19449	F	AFR
NA19451	NA19451	M	AFR
NA19452	NA19452	M	AFR
NA19453	NA19453	M	AFR
NA19454	NA19454	M	AFR
NA19455	NA19455	M	AFR
NA19456	NA19456	F	AFR
NA19457	NA19457	F	AFR
NA19461	NA19461	M	AFR
NA19462	NA19462	F	AFR
NA19463	NA19463	F	AFR
NA19466	NA19466	M	AFR
NA19467	NA19467	F	AFR
NA19468	NA19468	F	AFR
NA19469	NA19469	F	AFR
NA19470	NA19470	F	AFR
NA19471	NA19471	F	AFR
NA19472	NA19472	F	AFR
NA19473	NA19473	F	AFR
NA19474	NA19474	F	AFR
NA19475	NA19475	F	AFR
NA19625	NA19625	F	AFR
NA19648	NA19648	F	AMR
NA19649	NA19649	M	AMR
NA19650	NA19650	M	AMR
NA19651	NA19651	F	AMR
NA19652	NA19652	M	AMR
NA19653	NA19653	F	AMR
NA19654	NA19654	F	AMR
NA19655	NA19655	M	AMR
NA19656	NA19656	F	AMR
NA19657	NA19657	F	AMR
NA19658	NA19658	M	AMR
NA19659	NA19659	F	AMR
NA19660	NA19660	F	AMR
NA19661	NA19661	M	AMR
NA19662	NA19662	F	AMR
NA19663	NA19663	F	AMR
NA19664	NA19664	M	AMR
NA19665	NA19665	F	AMR
NA19669	NA19669	F	AMR
NA19670	NA19670	M	AMR
NA19671	NA19671	F	AMR
NA19672	NA19672	F	AMR
NA19674	NA19674	M	AMR
NA19675	NA19675	F	AMR
NA19676	NA19676	M	AMR
NA19677	NA19677	F	AMR
NA19678	NA19678	F	AMR
NA19679	NA19679	M	AMR
NA19680	NA19680	F	AMR
NA19681	NA19681	F	AMR
NA19682	NA19682	M	AMR
NA19683	NA19683	F	AMR
NA19684	NA19684	F	AMR
NA19685	NA19685	M	AMR
NA19686	NA19686	F	AMR
NA19700	NA19700	M	AFR
NA19701	NA19701	F	AFR
NA19702	NA19702	M	AFR
NA19703	NA19703	M	AFR
NA19704	NA19704	F	AFR
NA19705	NA19705	M	AFR
NA19707	NA19707	F	AFR
NA19708	NA19708	F	AFR
NA19711	NA19711	M	AFR
NA19712	NA19712	F	AFR
NA19713	NA19713	F	AFR
NA19714	NA19714	F	AFR
NA19716	NA19716	F	AMR
NA19717	NA19717	M	AMR
NA19718	NA19718	F	AMR
NA19719	NA19719	F	AMR
NA19720	NA19720	M	AMR
NA19721	NA19721	F	AMR
NA19722	NA19722	F	AMR
NA19723	NA19723	M	AMR
NA19724	NA19724	M	AMR
NA19725	NA19725	F	AMR
NA19726	NA19726	M	AMR
NA19727	NA19727	M	AMR
NA19728	NA19728	F	AMR
NA19729	NA19729	M	AMR
NA19730	NA19730	F	AMR
NA19731	NA19731	F	AMR
NA19732	NA19732	M	AMR
NA19733	NA19733	F	AMR
NA19734	NA19734	F	AMR
NA19735	NA19735	M	AMR
NA19737	NA19737	F	AMR
NA19738	NA19738	M	AMR
NA19740	NA19740	F	AMR
NA19741	NA19741	M	AMR
NA19742	NA19742	M	AMR
NA19746	NA19746	F	AMR
NA19747	NA19747	M	AMR
NA19748	NA19748	F	AMR
NA19749	NA19749	F	AMR
NA19750	NA19750	M	AMR
NA19751	NA19751	M	AMR
NA19752	NA19752	F	AMR
NA19753	NA19753	M	AMR
NA19754	NA19754	F	AMR
NA19755	NA19755	F	AMR
NA19756	NA19756	M	AMR
NA19757	NA19757	M	AMR
NA19758	NA19758	F	AMR
NA19759	NA19759	M	AMR
NA19760	NA19760	F	AMR
NA19761	NA19761	F	AMR
NA19762	NA19762	M	AMR
NA19763	NA19763	F	AMR
NA19764	NA19764	F	AMR
NA19766	NA19766	F	AMR
NA19770	NA19770	F	AMR
NA19771	NA19771	M	AMR
NA19772	NA19772	M	AMR
NA19773	NA19773	F	AMR
NA19774	NA19774	M	AMR
NA19775	NA19775	F	AMR
NA19776	NA19776	F	AMR
NA19777	NA19777	M	AMR
NA19778	NA19778	M	AMR
NA19779	NA19779	F	AMR
NA19780	NA19780	M	AMR
NA19781	NA19781	F	AMR
NA19782	NA19782	F	AMR
NA19783	NA19783	M	AMR
NA19784	NA19784	M	AMR
NA19785	NA19785	F	AMR
NA19786	NA19786	M	AMR
NA19787	NA19787	M	AMR
NA19788	NA19788	F	AMR
NA19789	NA19789	M	AMR
NA19790	NA19790	F	AMR
NA19792	NA19792	M	AMR
NA19794	NA19794	F	AMR
NA19795	NA19795	M	AMR
NA19796	NA19796	M	AMR
NA19797	NA19797	F	AMR
NA19798	NA19798	M	AMR
NA19818	NA19818	M	AFR
NA19819	NA19819	F	AFR
NA19828	NA19828	M	AFR
NA19834	NA19834	M	AFR
NA19835	NA19835	F	AFR
NA19836	NA19836	F	AFR
NA19900	NA19900	M	AFR
NA19901	NA19901	F	AFR
NA19902	NA19902	F	AFR
NA19904	NA19904	M	AFR
NA19905	NA19905	F	AFR
NA19908	NA19908	M	AFR
NA19909	NA19909	F	AFR
NA19913	NA19913	F	AFR
NA19914	NA19914	F	AFR
NA19915	NA19915	M	AFR
NA19916	NA19916	M	AFR
NA19917	NA19917	F	AFR
NA19918	NA19918	M	AFR
NA19919	NA19919	M	AFR
NA19920	NA19920	M	AFR
NA19921	NA19921	F	AFR
NA19922	NA19922	M	AFR
NA19923	NA19923	F	AFR
NA19924	NA19924	F	AFR
NA19982	NA19982	M	AFR
NA19983	NA19983	F	AFR
NA19984	NA19984	M	AFR
NA19985	NA19985	F	AFR
NA20126	NA20126	M	AFR
NA20127	NA20127	F	AFR
NA20128	NA20128	F	AFR
NA20129	NA20129	F	AFR
NA20274	NA20274	F	AFR
NA20276	NA20276	F	AFR
NA20277	NA20277	F	AFR
NA20278	NA20278	M	AFR
NA20279	NA20279	M	AFR
NA20281	NA20281	M	AFR
NA20282	NA20282	F	AFR
NA20284	NA20284	M	AFR
NA20285	NA20285	M	AFR
NA20287	NA20287	F	AFR
NA20288	NA20288	M	AFR
NA20289	NA20289	F	AFR
NA20290	NA20290	F	AFR
NA20291	NA20291	M	AFR
NA20292	NA20292	F	AFR
NA20294	NA20294	F	AFR
NA20295	NA20295	M	AFR
NA20296	NA20296	F	AFR
NA20297	NA20297	M	AFR
NA20298	NA20298	M	AFR
NA20299	NA20299	F	AFR
NA20300	NA20300	F	AFR
NA20301	NA20301	F	AFR
NA20302	NA20302	M	AFR
NA20312	NA20312	F	AFR
NA20313	NA20313	F	AFR
NA20314	NA20314	F	AFR
NA20316	NA20316	M	AFR
NA20317	NA20317	F	AFR
NA20318	NA20318	M	AFR
NA20319	NA20319	F	AFR
NA20320	NA20320	F	AFR
NA20321	NA20321	F	AFR
NA20322	NA20322	F	AFR
NA20332	NA20332	F	AFR
NA20333	NA20333	F	AFR
NA20334	NA20334	F	AFR
NA20335	NA20335	M	AFR
NA20336	NA20336	F	AFR
NA20337	NA20337	F	AFR
NA20339	NA20339	F	AFR
NA20340	NA20340	M	AFR
NA20341	NA20341	F	AFR
NA20342	NA20342	M	AFR
NA20343	NA20343	M	AFR
NA20344	NA20344	F	AFR
NA20345	NA20345	M	AFR
NA20346	NA20346	M	AFR
NA20347	NA20347	M	AFR
NA20348	NA20348	M	AFR
NA20349	NA20349	M	AFR
NA20350	NA20350	M	AFR
NA20351	NA20351	M	AFR
NA20355	NA20355	F	AFR
NA20356	NA20356	M	AFR
NA20357	NA20357	F	AFR
NA20358	NA20358	M	AFR
NA20359	NA20359	F	AFR
NA20360	NA20360	M	AFR
NA20361	NA20361	F	AFR
NA20362	NA20362	M	AFR
NA20363	NA20363	F	AFR
NA20364	NA20364	F	AFR
NA20412	NA20412	F	AFR
NA20413	NA20413	M	AFR
NA20414	NA20414	F	AFR
NA20502	NA20502	F	EUR
NA20503	NA20503	F	EUR
NA20504	NA20504	F	EUR
NA20505	NA20505	F	EUR
NA20506	NA20506	F	EUR
NA20507	NA20507	F	EUR
NA20508	NA20508	F	EUR
NA20509	NA20509	M	EUR
NA20510	NA20510	M	EUR
NA20511	NA20511	M	EUR
NA20512	NA20512	M	EUR
NA20513	NA20513	M	EUR
NA20514	NA20514	F	EUR
NA20515	NA20515	M	EUR
NA20516	NA20516	M	EUR
NA20517	NA20517	F	EUR
NA20518	NA20518	M	EUR
NA20519	NA20519	M	EUR
NA20520	NA20520	M	EUR
NA20521	NA20521	M	EUR
NA20522	NA20522	F	EUR
NA20524	NA20524	M	EUR
NA20525	NA20525	M	EUR
NA20526	NA20526	F	EUR
NA20527	NA20527	M	EUR
NA20528	NA20528	M	EUR
NA20529	NA20529	F	EUR
NA20530	NA20530	F	EUR
NA20531	NA20531	F	EUR
NA20532	NA20532	M	EUR
NA20533	NA20533	F	EUR
NA20534	NA20534	M	EUR
NA20535	NA20535	F	EUR
NA20536	NA20536	M	EUR
NA20537	NA20537	M	EUR
NA20538	NA20538	M	EUR
NA20539	NA20539	M	EUR
NA20540	NA20540	F	EUR
NA20541	NA20541	F	EUR
NA20542	NA20542	F	EUR
NA20543	NA20543	M	EUR
NA20544	NA20544	M	EUR
NA20581	NA20581	M	EUR
NA20582	NA20582	F	EUR
NA20585	NA20585	F	EUR
NA20586	NA20586	M	EUR
NA20587	NA20587	F	EUR
NA20588	NA20588	M	EUR
NA20589	NA20589	F	EUR
NA20752	NA20752	M	EUR
NA20753	NA20753	F	EUR
NA20754	NA20754	M	EUR
NA20755	NA20755	M	EUR
NA20756	NA20756	F	EUR
NA20757	NA20757	F	EUR
NA20758	NA20758	M	EUR
NA20759	NA20759	M	EUR
NA20760	NA20760	F	EUR
NA20761	NA20761	F	EUR
NA20762	NA20762	M	EUR
NA20763	NA20763	M	EUR
NA20764	NA20764	F	EUR
NA20765	NA20765	M	EUR
NA20766	NA20766	F	EUR
NA20767	NA20767	M	EUR
NA20768	NA20768	F	EUR
NA20769	NA20769	F	EUR
NA20770	NA20770	M	EUR
NA20771	NA20771	F	EUR
NA20772	NA20772	F	EUR
NA20773	NA20773	F	EUR
NA20774	NA20774	F	EUR
NA20775	NA20775	F	EUR
NA20778	NA20778	M	EUR
NA20783	NA20783	M	EUR
NA20785	NA20785	M	EUR
NA20786	NA20786	F	EUR
NA20787	NA20787	M	EUR
NA20790	NA20790	F	EUR
NA20792	NA20792	M	EUR
NA20795	NA20795	F	EUR
NA20796	NA20796	M	EUR
NA20797	NA20797	F	EUR
NA20798	NA20798	M	EUR
NA20799	NA20799	F	EUR
NA20800	NA20800	F	EUR
NA20801	NA20801	M	EUR
NA20802	NA20802	F	EUR
NA20803	NA20803	M	EUR
NA20804	NA20804	F	EUR
NA20805	NA20805	M	EUR
NA20806	NA20806	M	EUR
NA20807	NA20807	F	EUR
NA20808	NA20808	F	EUR
NA20809	NA20809	M	EUR
NA20810	NA20810	M	EUR
NA20811	NA20811	M	EUR
NA20812	NA20812	M	EUR
NA20813	NA20813	F	EUR
NA20814	NA20814	M	EUR
NA20815	NA20815	M	EUR
NA20816	NA20816	M	EUR
NA20818	NA20818	F	EUR
NA20819	NA20819	F	EUR
NA20821	NA20821	F	EUR
NA20822	NA20822	F	EUR
NA20826	NA20826	F	EUR
NA20827	NA20827	M	EUR
NA20828	NA20828	F	EUR
NA20829	NA20829	M	EUR
NA20831	NA20831	M	EUR
NA20832	NA20832	F	EUR
NA20845	NA20845	M	SAS
NA20846	NA20846	M	SAS
NA20847	NA20847	F	SAS
NA20849	NA20849	F	SAS
NA20850	NA20850	M	SAS
NA20851	NA20851	F	SAS
NA20852	NA20852	M	SAS
NA20853	NA20853	F	SAS
NA20854	NA20854	F	SAS
NA20856	NA20856	F	SAS
NA20858	NA20858	M	SAS
NA20859	NA20859	F	SAS
NA20861	NA20861	M	SAS
NA20862	NA20862	F	SAS
NA20863	NA20863	M	SAS
NA20864	NA20864	M	SAS
NA20866	NA20866	M	SAS
NA20867	NA20867	M	SAS
NA20868	NA20868	F	SAS
NA20869	NA20869	F	SAS
NA20870	NA20870	M	SAS
NA20871	NA20871	M	SAS
NA20872	NA20872	F	SAS
NA20873	NA20873	M	SAS
NA20874	NA20874	F	SAS
NA20875	NA20875	F	SAS
NA20876	NA20876	F	SAS
NA20877	NA20877	F	SAS
NA20878	NA20878	F	SAS
NA20879	NA20879	F	SAS
NA20881	NA20881	F	SAS
NA20882	NA20882	F	SAS
NA20883	NA20883	M	SAS
NA20884	NA20884	M	SAS
NA20885	NA20885	M	SAS
NA20886	NA20886	F	SAS
NA20887	NA20887	M	SAS
NA20888	NA20888	F	SAS
NA20889	NA20889	M	SAS
NA20890	NA20890	M	SAS
NA20891	NA20891	M	SAS
NA20892	NA20892	F	SAS
NA20893	NA20893	F	SAS
NA20894	NA20894	F	SAS
NA20895	NA20895	M	SAS
NA20896	NA20896	F	SAS
NA20897	NA20897	M	SAS
NA20898	NA20898	M	SAS
NA20899	NA20899	F	SAS
NA20900	NA20900	F	SAS
NA20901	NA20901	M	SAS
NA20902	NA20902	F	SAS
NA20903	NA20903	M	SAS
NA20904	NA20904	M	SAS
NA20905	NA20905	M	SAS
NA20906	NA20906	F	SAS
NA20907	NA20907	F	SAS
NA20908	NA20908	F	SAS
NA20909	NA20909	M	SAS
NA20910	NA20910	F	SAS
NA20911	NA20911	M	SAS
NA21086	NA21086	F	SAS
NA21087	NA21087	M	SAS
NA21088	NA21088	F	SAS
NA21089	NA21089	F	SAS
NA21090	NA21090	M	SAS
NA21091	NA21091	M	SAS
NA21092	NA21092	M	SAS
NA21093	NA21093	M	SAS
NA21094	NA21094	M	SAS
NA21095	NA21095	M	SAS
NA21097	NA21097	F	SAS
NA21098	NA21098	M	SAS
NA21099	NA21099	M	SAS
NA21100	NA21100	M	SAS
NA21101	NA21101	F	SAS
NA21102	NA21102	F	SAS
NA21103	NA21103	F	SAS
NA21104	NA21104	M	SAS
NA21105	NA21105	M	SAS
NA21106	NA21106	F	SAS
NA21107	NA21107	M	SAS
NA21108	NA21108	F	SAS
NA21109	NA21109	M	SAS
NA21110	NA21110	F	SAS
NA21111	NA21111	M	SAS
NA21112	NA21112	M	SAS
NA21113	NA21113	M	SAS
NA21114	NA21114	M	SAS
NA21115	NA21115	M	SAS
NA21116	NA21116	M	SAS
NA21117	NA21117	M	SAS
NA21118	NA21118	M	SAS
NA21119	NA21119	M	SAS
NA21120	NA21120	F	SAS
NA21121	NA21121	F	SAS
NA21122	NA21122	F	SAS
NA21123	NA21123	M	SAS
NA21124	NA21124	M	SAS
NA21125	NA21125	F	SAS
NA21126	NA21126	M	SAS
NA21127	NA21127	M	SAS
NA21128	NA21128	M	SAS
NA21129	NA21129	M	SAS
NA21130	NA21130	M	SAS
NA21133	NA21133	M	SAS
NA21134	NA21134	M	SAS
NA21135	NA21135	M	SAS
NA21137	NA21137	F	SAS
NA21141	NA21141	F	SAS
NA21142	NA21142	F	SAS
NA21143	NA21143	F	SAS
NA21144	NA21144	F	SAS
SC_GMJOL5309890	SC_GMJOL5309890	F	AFR
SC_GMJOL5309898	SC_GMJOL5309898	M	AFR
SC_GMJOL5309906	SC_GMJOL5309906	F	AFR
SC_GMFUL5306338	SC_GMFUL5306338	F	AFR
SC_GMFUL5306346	SC_GMFUL5306346	M	AFR
SC_GMFUL5306354	SC_GMFUL5306354	F	AFR
SC_GMJOL5309914	SC_GMJOL5309914	F	AFR
SC_GMJOL5309922	SC_GMJOL5309922	M	AFR
SC_GMJOL5309930	SC_GMJOL5309930	F	AFR
SC_GMJOL5309891	SC_GMJOL5309891	M	AFR
SC_GMJOL5309899	SC_GMJOL5309899	M	AFR
SC_GMJOL5309907	SC_GMJOL5309907	F	AFR
SC_GMFUL5306362	SC_GMFUL5306362	M	AFR
SC_GMFUL5306370	SC_GMFUL5306370	M	AFR
SC_GMFUL5306378	SC_GMFUL5306378	F	AFR
SC_GMJOL5309939	SC_GMJOL5309939	F	AFR
SC_GMFUL5306410	SC_GMFUL5306410	M	AFR
SC_GMFUL5306418	SC_GMFUL5306418	M	AFR
SC_GMFUL5306426	SC_GMFUL5306426	F	AFR
SC_GMFUL5306389	SC_GMFUL5306389	M	AFR
SC_GMFUL5306397	SC_GMFUL5306397	M	AFR
SC_GMFUL5306405	SC_GMFUL5306405	F	AFR
SC_GMFUL5306413	SC_GMFUL5306413	M	AFR
SC_GMFUL5306421	SC_GMFUL5306421	M	AFR
SC_GMFUL5306429	SC_GMFUL5306429	F	AFR
SC_GMFUL5309722	SC_GMFUL5309722	F	AFR
SC_GMFUL5309730	SC_GMFUL5309730	M	AFR
SC_GMFUL5309738	SC_GMFUL5309738	F	AFR
SC_GMFUL5306366	SC_GMFUL5306366	M	AFR
SC_GMFUL5306374	SC_GMFUL5306374	M	AFR
SC_GMFUL5306382	SC_GMFUL5306382	F	AFR
SC_GMFUL5306390	SC_GMFUL5306390	F	AFR
SC_GMFUL5306398	SC_GMFUL5306398	M	AFR
SC_GMFUL5306406	SC_GMFUL5306406	F	AFR
SC_GMFUL5306343	SC_GMFUL5306343	F	AFR
SC_GMFUL5306351	SC_GMFUL5306351	M	AFR
SC_GMFUL5306359	SC_GMFUL5306359	F	AFR
SC_GMFUL5306367	SC_GMFUL5306367	M	AFR
SC_GMFUL5306375	SC_GMFUL5306375	M	AFR
SC_GMFUL5306383	SC_GMFUL5306383	F	AFR
SC_GMFUL5306391	SC_GMFUL5306391	F	AFR
SC_GMFUL5306399	SC_GMFUL5306399	M	AFR
SC_GMFUL5306407	SC_GMFUL5306407	F	AFR
SC_GMFUL5306415	SC_GMFUL5306415	M	AFR
SC_GMFUL5306423	SC_GMFUL5306423	M	AFR
SC_GMFUL5306431	SC_GMFUL5306431	F	AFR
SC_GMFUL5306344	SC_GMFUL5306344	M	AFR
SC_GMFUL5306352	SC_GMFUL5306352	M	AFR
SC_GMFUL5306360	SC_GMFUL5306360	F	AFR
SC_GMFUL5309747	SC_GMFUL5309747	M	AFR
SC_GMFUL5309755	SC_GMFUL5309755	M	AFR
SC_GMFUL5309763	SC_GMFUL5309763	F	AFR
SC_GMFUL5306339	SC_GMFUL5306339	F	AFR
SC_GMFUL5306347	SC_GMFUL5306347	M	AFR
SC_GMFUL5306355	SC_GMFUL5306355	F	AFR
SC_GMFUL5309700	SC_GMFUL5309700	F	AFR
SC_GMFUL5309708	SC_GMFUL5309708	M	AFR
SC_GMFUL5309716	SC_GMFUL5309716	F	AFR
SC_GMFUL5306363	SC_GMFUL5306363	M	AFR
SC_GMFUL5306371	SC_GMFUL5306371	M	AFR
SC_GMFUL5306379	SC_GMFUL5306379	F	AFR
SC_GMFUL5309748	SC_GMFUL5309748	F	AFR
SC_GMFUL5309756	SC_GMFUL5309756	M	AFR
SC_GMFUL5309764	SC_GMFUL5309764	F	AFR
SC_GMFUL5309701	SC_GMFUL5309701	M	AFR
SC_GMFUL5309709	SC_GMFUL5309709	M	AFR
SC_GMFUL5309717	SC_GMFUL5309717	F	AFR
SC_GMFUL5306392	SC_GMFUL5306392	M	AFR
SC_GMFUL5306400	SC_GMFUL5306400	M	AFR
SC_GMFUL5306408	SC_GMFUL5306408	F	AFR
SC_GMFUL5309725	SC_GMFUL5309725	F	AFR
SC_GMFUL5309733	SC_GMFUL5309733	M	AFR
SC_GMFUL5309741	SC_GMFUL5309741	F	AFR
SC_GMFUL5306387	SC_GMFUL5306387	M	AFR
SC_GMFUL5306395	SC_GMFUL5306395	M	AFR
SC_GMFUL5306403	SC_GMFUL5306403	F	AFR
SC_GMFUL5306416	SC_GMFUL5306416	M	AFR
SC_GMFUL5306424	SC_GMFUL5306424	M	AFR
SC_GMFUL5306432	SC_GMFUL5306432	F	AFR
SC_GMFUL5306411	SC_GMFUL5306411	M	AFR
SC_GMFUL5306419	SC_GMFUL5306419	M	AFR
SC_GMFUL5306427	SC_GMFUL5306427	F	AFR
SC_GMFUL5306345	SC_GMFUL5306345	F	AFR
SC_GMFUL5306353	SC_GMFUL5306353	M	AFR
SC_GMFUL5306361	SC_GMFUL5306361	F	AFR
SC_GMFUL5306340	SC_GMFUL5306340	F	AFR
SC_GMFUL5306348	SC_GMFUL5306348	M	AFR
SC_GMFUL5306356	SC_GMFUL5306356	F	AFR
SC_GMFUL5309773	SC_GMFUL5309773	F	AFR
SC_GMFUL5309781	SC_GMFUL5309781	M	AFR
SC_GMFUL5309789	SC_GMFUL5309789	F	AFR
SC_GMFUL5309702	SC_GMFUL5309702	F	AFR
SC_GMFUL5309710	SC_GMFUL5309710	M	AFR
SC_GMFUL5309718	SC_GMFUL5309718	F	AFR
SC_GMFUL5306369	SC_GMFUL5306369	M	AFR
SC_GMFUL5306377	SC_GMFUL5306377	M	AFR
SC_GMFUL5306385	SC_GMFUL5306385	F	AFR
SC_GMFUL5306388	SC_GMFUL5306388	M	AFR
SC_GMFUL5306396	SC_GMFUL5306396	M	AFR
SC_GMFUL5306404	SC_GMFUL5306404	F	AFR
SC_GMFUL5309703	SC_GMFUL5309703	M	AFR
SC_GMFUL5309711	SC_GMFUL5309711	M	AFR
SC_GMFUL5309719	SC_GMFUL5309719	F	AFR
SC_GMFUL5306412	SC_GMFUL5306412	F	AFR
SC_GMFUL5306420	SC_GMFUL5306420	M	AFR
SC_GMFUL5306428	SC_GMFUL5306428	F	AFR
SC_GMFUL5306341	SC_GMFUL5306341	M	AFR
SC_GMFUL5306349	SC_GMFUL5306349	M	AFR
SC_GMFUL5306357	SC_GMFUL5306357	F	AFR
SC_GMJOL5309963	SC_GMJOL5309963	M	AFR
SC_GMJOL5309971	SC_GMJOL5309971	M	AFR
SC_GMJOL5309979	SC_GMJOL5309979	F	AFR
SC_GMFUL5309735	SC_GMFUL5309735	M	AFR
SC_GMJOL5309940	SC_GMJOL5309940	M	AFR
SC_GMJOL5309948	SC_GMJOL5309948	M	AFR
SC_GMJOL5309956	SC_GMJOL5309956	F	AFR
SC_GMJOL5309964	SC_GMJOL5309964	F	AFR
SC_GMJOL5309972	SC_GMJOL5309972	M	AFR
SC_GMJOL5309980	SC_GMJOL5309980	F	AFR
SC_GMJOL5309917	SC_GMJOL5309917	F	AFR
SC_GMJOL5309925	SC_GMJOL5309925	M	AFR
SC_GMJOL5309933	SC_GMJOL5309933	F	AFR
SC_GMJOL5309941	SC_GMJOL5309941	M	AFR
SC_GMJOL5309949	SC_GMJOL5309949	M	AFR
SC_GMJOL5309957	SC_GMJOL5309957	F	AFR
SC_GMJOL5309965	SC_GMJOL5309965	F	AFR
SC_GMJOL5309973	SC_GMJOL5309973	M	AFR
SC_GMJOL5309981	SC_GMJOL5309981	F	AFR
SC_GMJOL5309918	SC_GMJOL5309918	F	AFR
SC_GMJOL5309926	SC_GMJOL5309926	M	AFR
SC_GMJOL5309934	SC_GMJOL5309934	F	AFR
SC_GMJOL5309942	SC_GMJOL5309942	M	AFR
SC_GMJOL5309950	SC_GMJOL5309950	M	AFR
SC_GMJOL5309958	SC_GMJOL5309958	F	AFR
SC_GMJOL5309966	SC_GMJOL5309966	F	AFR
SC_GMJOL5309974	SC_GMJOL5309974	M	AFR
SC_GMJOL5309982	SC_GMJOL5309982	F	AFR
SC_GMJOL5309895	SC_GMJOL5309895	F	AFR
SC_GMJOL5309903	SC_GMJOL5309903	M	AFR
SC_GMJOL5309911	SC_GMJOL5309911	F	AFR
SC_GMJOL5309919	SC_GMJOL5309919	M	AFR
SC_GMJOL5309927	SC_GMJOL5309927	M	AFR
SC_GMJOL5309935	SC_GMJOL5309935	F	AFR
SC_GMJOL5309943	SC_GMJOL5309943	F	AFR
SC_GMJOL5309951	SC_GMJOL5309951	M	AFR
SC_GMJOL5309959	SC_GMJOL5309959	F	AFR
SC_GMJOL5309967	SC_GMJOL5309967	M	AFR
SC_GMJOL5309975	SC_GMJOL5309975	M	AFR
SC_GMJOL5309983	SC_GMJOL5309983	F	AFR
SC_GMJOL5309896	SC_GMJOL5309896	F	AFR
SC_GMJOL5309904	SC_GMJOL5309904	M	AFR
SC_GMJOL5309912	SC_GMJOL5309912	F	AFR
SC_GMJOL5309920	SC_GMJOL5309920	F	AFR
SC_GMJOL5309928	SC_GMJOL5309928	M	AFR
SC_GMJOL5309936	SC_GMJOL5309936	F	AFR
SC_GMJOL5309944	SC_GMJOL5309944	M	AFR
SC_GMJOL5309952	SC_GMJOL5309952	M	AFR
SC_GMJOL5309960	SC_GMJOL5309960	F	AFR
SC_GMJOL5309968	SC_GMJOL5309968	M	AFR
SC_GMJOL5309976	SC_GMJOL5309976	M	AFR
SC_GMJOL5309984	SC_GMJOL5309984	F	AFR
SC_GMJOL5309897	SC_GMJOL5309897	M	AFR
SC_GMJOL5309905	SC_GMJOL5309905	M	AFR
SC_GMJOL5309913	SC_GMJOL5309913	F	AFR
SC_GMJOL5309921	SC_GMJOL5309921	M	AFR
SC_GMJOL5309929	SC_GMJOL5309929	F	AFR
SC_GMJOL5309937	SC_GMJOL5309937	M	AFR
SC_GMJOL5309945	SC_GMJOL5309945	M	AFR
SC_GMJOL5309953	SC_GMJOL5309953	M	AFR
SC_GMJOL5309961	SC_GMJOL5309961	F	AFR
SC_GMJOL5309969	SC_GMJOL5309969	F	AFR
SC_GMJOL5309977	SC_GMJOL5309977	M	AFR
SC_GMJOL5309985	SC_GMJOL5309985	F	AFR
SC_GMJOL5309819	SC_GMJOL5309819	F	AFR
SC_GMJOL5309827	SC_GMJOL5309827	M	AFR
SC_GMJOL5309835	SC_GMJOL5309835	F	AFR
SC_GMJOL5309843	SC_GMJOL5309843	F	AFR
SC_GMJOL5309851	SC_GMJOL5309851	M	AFR
SC_GMJOL5309859	SC_GMJOL5309859	F	AFR
SC_GMJOL5309867	SC_GMJOL5309867	F	AFR
SC_GMJOL5309875	SC_GMJOL5309875	M	AFR
SC_GMJOL5309883	SC_GMJOL5309883	F	AFR
SC_GMJOL5309796	SC_GMJOL5309796	F	AFR
SC_GMJOL5309804	SC_GMJOL5309804	M	AFR
SC_GMJOL5309812	SC_GMJOL5309812	F	AFR
SC_GMJOL5309820	SC_GMJOL5309820	F	AFR
SC_GMJOL5309828	SC_GMJOL5309828	M	AFR
SC_GMJOL5309836	SC_GMJOL5309836	F	AFR
SC_GMJOL5309844	SC_GMJOL5309844	M	AFR
SC_GMJOL5309852	SC_GMJOL5309852	M	AFR
SC_GMJOL5309860	SC_GMJOL5309860	F	AFR
SC_GMJOL5309868	SC_GMJOL5309868	M	AFR
SC_GMJOL5309876	SC_GMJOL5309876	M	AFR
SC_GMJOL5309884	SC_GMJOL5309884	F	AFR
SC_GMJOL5309797	SC_GMJOL5309797	F	AFR
SC_GMJOL5309805	SC_GMJOL5309805	M	AFR
SC_GMJOL5309813	SC_GMJOL5309813	F	AFR
SC_GMJOL5309821	SC_GMJOL5309821	F	AFR
SC_GMJOL5309829	SC_GMJOL5309829	M	AFR
SC_GMJOL5309837	SC_GMJOL5309837	F	AFR
SC_GMWOF5428762	SC_GMWOF5428762	M	AFR
SC_GMWOF5428770	SC_GMWOF5428770	F	AFR
SC_GMWOF5428778	SC_GMWOF5428778	M	AFR
SC_GMWOF5428707	SC_GMWOF5428707	F	AFR
SC_GMWOF5428715	SC_GMWOF5428715	F	AFR
SC_GMWOF5428723	SC_GMWOF5428723	M	AFR
SC_GMWOF5428731	SC_GMWOF5428731	M	AFR
SC_GMWOF5428739	SC_GMWOF5428739	F	AFR
SC_GMWOF5428747	SC_GMWOF5428747	M	AFR
SC_GMWOF5428755	SC_GMWOF5428755	M	AFR
SC_GMWOF5428763	SC_GMWOF5428763	F	AFR
SC_GMWOF5428771	SC_GMWOF5428771	M	AFR
SC_GMWOF5428708	SC_GMWOF5428708	M	AFR
SC_GMWOF5428716	SC_GMWOF5428716	F	AFR
SC_GMWOF5428724	SC_GMWOF5428724	M	AFR
SC_GMWOF5428732	SC_GMWOF5428732	M	AFR
SC_GMWOF5428740	SC_GMWOF5428740	F	AFR
SC_GMWOF5428748	SC_GMWOF5428748	M	AFR
SC_GMWOF5428728	SC_GMWOF5428728	M	AFR
SC_GMWOF5428736	SC_GMWOF5428736	M	AFR
SC_GMWOF5428744	SC_GMWOF5428744	F	AFR
SC_GMWOF5428705	SC_GMWOF5428705	M	AFR
SC_GMWOF5428713	SC_GMWOF5428713	F	AFR
SC_GMWOF5428721	SC_GMWOF5428721	M	AFR
SC_GMWOF5428729	SC_GMWOF5428729	F	AFR
SC_GMWOF5428737	SC_GMWOF5428737	F	AFR
SC_GMWOF5428745	SC_GMWOF5428745	M	AFR
SC_GMWOF5428786	SC_GMWOF5428786	M	AFR
SC_GMWOF5428794	SC_GMWOF5428794	F	AFR
SC_GMWOF5428802	SC_GMWOF5428802	M	AFR
SC_GMWOF5428810	SC_GMWOF5428810	F	AFR
SC_GMWOF5428818	SC_GMWOF5428818	F	AFR
SC_GMWOF5428826	SC_GMWOF5428826	M	AFR
SC_GMWOF5428834	SC_GMWOF5428834	M	AFR
SC_GMWOF5428842	SC_GMWOF5428842	F	AFR
SC_GMWOF5428850	SC_GMWOF5428850	M	AFR
SC_GMWOF5428858	SC_GMWOF5428858	M	AFR
SC_GMWOF5428866	SC_GMWOF5428866	F	AFR
SC_GMWOF5428874	SC_GMWOF5428874	M	AFR
SC_GMWOF5428787	SC_GMWOF5428787	M	AFR
SC_GMWOF5428795	SC_GMWOF5428795	F	AFR
SC_GMWOF5428803	SC_GMWOF5428803	M	AFR
SC_GMWOF5428811	SC_GMWOF5428811	F	AFR
SC_GMWOF5428819	SC_GMWOF5428819	F	AFR
SC_GMWOF5428827	SC_GMWOF5428827	M	AFR
SC_GMWOF5428835	SC_GMWOF5428835	M	AFR
SC_GMWOF5428843	SC_GMWOF5428843	F	AFR
SC_GMWOF5428851	SC_GMWOF5428851	M	AFR
SC_GMWOF5428859	SC_GMWOF5428859	M	AFR
SC_GMWOF5428867	SC_GMWOF5428867	F	AFR
SC_GMWOF5428875	SC_GMWOF5428875	M	AFR
SC_GMWOF5428788	SC_GMWOF5428788	M	AFR
SC_GMWOF5428796	SC_GMWOF5428796	F	AFR
SC_GMWOF5428804	SC_GMWOF5428804	M	AFR
SC_GMWOF5428812	SC_GMWOF5428812	F	AFR
SC_GMWOF5428820	SC_GMWOF5428820	F	AFR
SC_GMWOF5428828	SC_GMWOF5428828	M	AFR
SC_GMWOF5428789	SC_GMWOF5428789	M	AFR
SC_GMWOF5428797	SC_GMWOF5428797	F	AFR
SC_GMWOF5428805	SC_GMWOF5428805	M	AFR
SC_GMWOF5428813	SC_GMWOF5428813	M	AFR
SC_GMWOF5428821	SC_GMWOF5428821	F	AFR
SC_GMWOF5428829	SC_GMWOF5428829	M	AFR
SC_GMWOF5428861	SC_GMWOF5428861	M	AFR
SC_GMWOF5428869	SC_GMWOF5428869	F	AFR
SC_GMWOF5428877	SC_GMWOF5428877	M	AFR
SC_GMWOF5428790	SC_GMWOF5428790	F	AFR
SC_GMWOF5428798	SC_GMWOF5428798	F	AFR
SC_GMWOF5428806	SC_GMWOF5428806	M	AFR
SC_GMWOF5428814	SC_GMWOF5428814	F	AFR
SC_GMWOF5428822	SC_GMWOF5428822	F	AFR
SC_GMWOF5428830	SC_GMWOF5428830	M	AFR
SC_GMWOF5428838	SC_GMWOF5428838	F	AFR
SC_GMWOF5428846	SC_GMWOF5428846	F	AFR
SC_GMWOF5428854	SC_GMWOF5428854	M	AFR
SC_GMWOF5428815	SC_GMWOF5428815	M	AFR
SC_GMWOF5428823	SC_GMWOF5428823	F	AFR
SC_GMWOF5428831	SC_GMWOF5428831	M	AFR
SC_GMWOF5428839	SC_GMWOF5428839	M	AFR
SC_GMWOF5428847	SC_GMWOF5428847	F	AFR
SC_GMWOF5428855	SC_GMWOF5428855	M	AFR
SC_GMWOF5428863	SC_GMWOF5428863	F	AFR
SC_GMWOF5428871	SC_GMWOF5428871	F	AFR
SC_GMWOF5428879	SC_GMWOF5428879	M	AFR
SC_GMWOF5428792	SC_GMWOF5428792	F	AFR
SC_GMWOF5428800	SC_GMWOF5428800	F	AFR
SC_GMWOF5428808	SC_GMWOF5428808	M	AFR
SC_GMWOF5428816	SC_GMWOF5428816	M	AFR
SC_GMWOF5428824	SC_GMWOF5428824	F	AFR
SC_GMWOF5428832	SC_GMWOF5428832	M	AFR
SC_GMWOF5428817	SC_GMWOF5428817	M	AFR
SC_GMWOF5428825	SC_GMWOF5428825	F	AFR
SC_GMWOF5428833	SC_GMWOF5428833	M	AFR
SC_GMWOF5428841	SC_GMWOF5428841	M	AFR
SC_GMWOF5428849	SC_GMWOF5428849	F	AFR
SC_GMWOF5428857	SC_GMWOF5428857	M	AFR
SC_GMWOF5428865	SC_GMWOF5428865	F	AFR
SC_GMWOF5428873	SC_GMWOF5428873	F	AFR
SC_GMWOF5428882	SC_GMWOF5428882	M	AFR
SC_GMWOF5428906	SC_GMWOF5428906	M	AFR
SC_GMMAN5482162	SC_GMMAN5482162	M	AFR
SC_GMMAN5482170	SC_GMMAN5482170	F	AFR
SC_GMMAN5482178	SC_GMMAN5482178	M	AFR
SC_GMMAN5482186	SC_GMMAN5482186	F	AFR
SC_GMMAN5482194	SC_GMMAN5482194	F	AFR
SC_GMMAN5482202	SC_GMMAN5482202	M	AFR
SC_GMMAN5482234	SC_GMMAN5482234	M	AFR
SC_GMMAN5482242	SC_GMMAN5482242	F	AFR
SC_GMMAN5482250	SC_GMMAN5482250	M	AFR
SC_GMMAN5482163	SC_GMMAN5482163	M	AFR
SC_GMMAN5482171	SC_GMMAN5482171	F	AFR
SC_GMMAN5482241	SC_GMMAN5482241	M	AFR
SC_GMMAN5482187	SC_GMMAN5482187	M	AFR
SC_GMMAN5482195	SC_GMMAN5482195	F	AFR
SC_GMMAN5482203	SC_GMMAN5482203	M	AFR
SC_GMMAN5482211	SC_GMMAN5482211	M	AFR
SC_GMMAN5482219	SC_GMMAN5482219	F	AFR
SC_GMMAN5482227	SC_GMMAN5482227	M	AFR
SC_GMMAN5482235	SC_GMMAN5482235	F	AFR
SC_GMMAN5482243	SC_GMMAN5482243	F	AFR
SC_GMMAN5482251	SC_GMMAN5482251	M	AFR
SC_GMMAN5482164	SC_GMMAN5482164	F	AFR
SC_GMMAN5482172	SC_GMMAN5482172	F	AFR
SC_GMMAN5482180	SC_GMMAN5482180	M	AFR
SC_GMMAN5482212	SC_GMMAN5482212	F	AFR
SC_GMMAN5482220	SC_GMMAN5482220	F	AFR
SC_GMMAN5482228	SC_GMMAN5482228	M	AFR
SC_GMMAN5482236	SC_GMMAN5482236	M	AFR
SC_GMMAN5482244	SC_GMMAN5482244	F	AFR
SC_GMMAN5482252	SC_GMMAN5482252	M	AFR
SC_GMMAN5482165	SC_GMMAN5482165	F	AFR
SC_GMMAN5482173	SC_GMMAN5482173	F	AFR
SC_GMMAN5482181	SC_GMMAN5482181	M	AFR
SC_GMMAN5482189	SC_GMMAN5482189	F	AFR
SC_GMMAN5482197	SC_GMMAN5482197	F	AFR
SC_GMMAN5482205	SC_GMMAN5482205	M	AFR
SC_GMMAN5482213	SC_GMMAN5482213	F	AFR
SC_GMMAN5482221	SC_GMMAN5482221	F	AFR
SC_GMMAN5482229	SC_GMMAN5482229	M	AFR
SC_GMMAN5482191	SC_GMMAN5482191	M	AFR
SC_GMMAN5482199	SC_GMMAN5482199	F	AFR
SC_GMMAN5482207	SC_GMMAN5482207	M	AFR
SC_GMMAN5482215	SC_GMMAN5482215	F	AFR
SC_GMMAN5482223	SC_GMMAN5482223	F	AFR
SC_GMMAN5482231	SC_GMMAN5482231	M	AFR
SC_GMMAN5482239	SC_GMMAN5482239	M	AFR
SC_GMMAN5482247	SC_GMMAN5482247	F	AFR
SC_GMMAN5482255	SC_GMMAN5482255	M	AFR
SC_GMMAN5482168	SC_GMMAN5482168	F	AFR
SC_GMMAN5482176	SC_GMMAN5482176	F	AFR
SC_GMMAN5482184	SC_GMMAN5482184	M	AFR
SC_GMMAN5482192	SC_GMMAN5482192	F	AFR
SC_GMMAN5482200	SC_GMMAN5482200	F	AFR
SC_GMMAN5482208	SC_GMMAN5482208	M	AFR
SC_GMMAN5482216	SC_GMMAN5482216	M	AFR
SC_GMMAN5482224	SC_GMMAN5482224	F	AFR
SC_GMMAN5482232	SC_GMMAN5482232	M	AFR
SC_GMMAN5482240	SC_GMMAN5482240	M	AFR
SC_GMMAN5482248	SC_GMMAN5482248	F	AFR
SC_GMMAN5482256	SC_GMMAN5482256	M	AFR
SC_GMMAN5482169	SC_GMMAN5482169	F	AFR
SC_GMMAN5482177	SC_GMMAN5482177	F	AFR
SC_GMMAN5482185	SC_GMMAN5482185	M	AFR
SC_GMMAN5482193	SC_GMMAN5482193	F	AFR
SC_GMMAN5482201	SC_GMMAN5482201	F	AFR
SC_GMMAN5482209	SC_GMMAN5482209	M	AFR
SC_GMMAN5482217	SC_GMMAN5482217	F	AFR
SC_GMMAN5482225	SC_GMMAN5482225	F	AFR
SC_GMMAN5482233	SC_GMMAN5482233	M	AFR
SC_GMMAN5482258	SC_GMMAN5482258	F	AFR
SC_GMMAN5482266	SC_GMMAN5482266	F	AFR
SC_GMMAN5482274	SC_GMMAN5482274	M	AFR
SC_GMMAN5482282	SC_GMMAN5482282	M	AFR
SC_GMMAN5482290	SC_GMMAN5482290	F	AFR
SC_GMMAN5482298	SC_GMMAN5482298	M	AFR
SC_GMMAN5482306	SC_GMMAN5482306	M	AFR
SC_GMMAN5482314	SC_GMMAN5482314	F	AFR
SC_GMMAN5482322	SC_GMMAN5482322	M	AFR
SC_GMMAN5482283	SC_GMMAN5482283	F	AFR
SC_GMMAN5482291	SC_GMMAN5482291	F	AFR
SC_GMMAN5482299	SC_GMMAN5482299	M	AFR
SC_GMMAN5482307	SC_GMMAN5482307	M	AFR
SC_GMMAN5482315	SC_GMMAN5482315	F	AFR
SC_GMMAN5482323	SC_GMMAN5482323	M	AFR
SC_GMMAN5482260	SC_GMMAN5482260	M	AFR
SC_GMMAN5482268	SC_GMMAN5482268	F	AFR
SC_GMMAN5482276	SC_GMMAN5482276	M	AFR
SC_GMMAN5482284	SC_GMMAN5482284	F	AFR
SC_GMMAN5482292	SC_GMMAN5482292	F	AFR
SC_GMMAN5482300	SC_GMMAN5482300	M	AFR
SC_GMMAN5482308	SC_GMMAN5482308	F	AFR
SC_GMMAN5482316	SC_GMMAN5482316	F	AFR
SC_GMMAN5482324	SC_GMMAN5482324	M	AFR
SC_GMMAN5482332	SC_GMMAN5482332	M	AFR
SC_GMMAN5482340	SC_GMMAN5482340	F	AFR
SC_GMMAN5482348	SC_GMMAN5482348	M	AFR
SC_GMMAN5482285	SC_GMMAN5482285	F	AFR
SC_GMMAN5482293	SC_GMMAN5482293	F	AFR
SC_GMMAN5482301	SC_GMMAN5482301	M	AFR
SC_GMMAN5482309	SC_GMMAN5482309	M	AFR
NA18524	NA18524	M	EAS
NA18529	NA18529	F	EAS
NA18540	NA18540	F	EAS
NA18594	NA18594	F	EAS
HGDP00001	HGDP00001	M	SAS
HGDP00003	HGDP00003	M	SAS
HGDP00005	HGDP00005	M	SAS
HGDP00007	HGDP00007	M	SAS
HGDP00009	HGDP00009	M	SAS
HGDP00011	HGDP00011	M	SAS
HGDP00013	HGDP00013	M	SAS
HGDP00015	HGDP00015	M	SAS
HGDP00017	HGDP00017	M	SAS
HGDP00021	HGDP00021	M	SAS
HGDP00023	HGDP00023	M	SAS
HGDP00025	HGDP00025	M	SAS
HGDP00029	HGDP00029	M	SAS
HGDP00031	HGDP00031	M	SAS
HGDP00033	HGDP00033	M	SAS
HGDP00035	HGDP00035	M	SAS
HGDP00037	HGDP00037	M	SAS
HGDP00039	HGDP00039	M	SAS
HGDP00041	HGDP00041	M	SAS
HGDP00043	HGDP00043	M	SAS
HGDP00045	HGDP00045	M	SAS
HGDP00047	HGDP00047	M	SAS
HGDP00049	HGDP00049	M	SAS
HGDP00052	HGDP00052	M	SAS
HGDP00054	HGDP00054	M	SAS
HGDP00056	HGDP00056	M	SAS
HGDP00057	HGDP00057	M	SAS
HGDP00060	HGDP00060	M	SAS
HGDP00062	HGDP00062	M	SAS
HGDP00064	HGDP00064	M	SAS
HGDP00066	HGDP00066	M	SAS
HGDP00068	HGDP00068	M	SAS
HGDP00070	HGDP00070	M	SAS
HGDP00072	HGDP00072	M	SAS
HGDP00074	HGDP00074	M	SAS
HGDP00076	HGDP00076	M	SAS
HGDP00078	HGDP00078	M	SAS
HGDP00080	HGDP00080	M	SAS
HGDP00082	HGDP00082	M	SAS
HGDP00086	HGDP00086	M	SAS
HGDP00088	HGDP00088	M	SAS
HGDP00092	HGDP00092	M	SAS
HGDP00094	HGDP00094	M	SAS
HGDP00096	HGDP00096	M	SAS
HGDP00098	HGDP00098	M	SAS
HGDP00099	HGDP00099	M	SAS
HGDP00100	HGDP00100	M	SAS
HGDP00102	HGDP00102	M	SAS
HGDP00103	HGDP00103	M	SAS
HGDP00104	HGDP00104	M	SAS
HGDP00105	HGDP00105	M	SAS
HGDP00106	HGDP00106	M	SAS
HGDP00108	HGDP00108	M	SAS
HGDP00109	HGDP00109	M	SAS
HGDP00110	HGDP00110	M	SAS
HGDP00115	HGDP00115	M	SAS
HGDP00118	HGDP00118	M	SAS
HGDP00119	HGDP00119	M	SAS
HGDP00120	HGDP00120	M	SAS
HGDP00121	HGDP00121	M	SAS
HGDP00122	HGDP00122	M	SAS
HGDP00127	HGDP00127	M	SAS
HGDP00129	HGDP00129	M	SAS
HGDP00130	HGDP00130	M	SAS
HGDP00131	HGDP00131	M	SAS
HGDP00133	HGDP00133	M	SAS
HGDP00134	HGDP00134	M	SAS
HGDP00135	HGDP00135	M	SAS
HGDP00136	HGDP00136	M	SAS
HGDP00137	HGDP00137	M	SAS
HGDP00139	HGDP00139	M	SAS
HGDP00140	HGDP00140	M	SAS
HGDP00141	HGDP00141	M	SAS
HGDP00143	HGDP00143	M	SAS
HGDP00144	HGDP00144	M	SAS
HGDP00145	HGDP00145	M	SAS
HGDP00146	HGDP00146	M	SAS
HGDP00148	HGDP00148	M	SAS
HGDP00149	HGDP00149	M	SAS
HGDP00150	HGDP00150	M	SAS
HGDP00151	HGDP00151	F	SAS
HGDP00153	HGDP00153	F	SAS
HGDP00154	HGDP00154	F	SAS
HGDP00155	HGDP00155	F	SAS
HGDP00158	HGDP00158	M	SAS
HGDP00161	HGDP00161	M	SAS
HGDP00163	HGDP00163	M	SAS
HGDP00165	HGDP00165	M	SAS
HGDP00167	HGDP00167	M	SAS
HGDP00169	HGDP00169	M	SAS
HGDP00171	HGDP00171	M	SAS
HGDP00173	HGDP00173	M	SAS
HGDP00175	HGDP00175	M	SAS
HGDP00177	HGDP00177	M	SAS
HGDP00179	HGDP00179	M	SAS
HGDP00181	HGDP00181	M	SAS
HGDP00183	HGDP00183	M	SAS
HGDP00185	HGDP00185	M	SAS
HGDP00187	HGDP00187	M	SAS
HGDP00189	HGDP00189	M	SAS
HGDP00191	HGDP00191	M	SAS
HGDP00192	HGDP00192	F	SAS
HGDP00197	HGDP00197	M	SAS
HGDP00199	HGDP00199	M	SAS
HGDP00201	HGDP00201	M	SAS
HGDP00205	HGDP00205	M	SAS
HGDP00206	HGDP00206	F	SAS
HGDP00210	HGDP00210	F	SAS
HGDP00213	HGDP00213	M	SAS
HGDP00214	HGDP00214	M	SAS
HGDP00218	HGDP00218	M	SAS
HGDP00222	HGDP00222	M	SAS
HGDP00224	HGDP00224	M	SAS
HGDP00226	HGDP00226	M	SAS
HGDP00228	HGDP00228	M	SAS
HGDP00230	HGDP00230	M	SAS
HGDP00234	HGDP00234	M	SAS
HGDP00237	HGDP00237	F	SAS
HGDP00239	HGDP00239	F	SAS
HGDP00241	HGDP00241	M	SAS
HGDP00243	HGDP00243	M	SAS
HGDP00244	HGDP00244	F	SAS
HGDP00247	HGDP00247	F	SAS
HGDP00248	HGDP00248	M	SAS
HGDP00251	HGDP00251	M	SAS
HGDP00254	HGDP00254	M	SAS
HGDP00258	HGDP00258	M	SAS
HGDP00259	HGDP00259	M	SAS
HGDP00262	HGDP00262	M	SAS
HGDP00264	HGDP00264	M	SAS
HGDP00274	HGDP00274	F	SAS
HGDP00277	HGDP00277	M	SAS
HGDP00279	HGDP00279	M	SAS
HGDP00281	HGDP00281	M	SAS
HGDP00285	HGDP00285	M	SAS
HGDP00288	HGDP00288	M	SAS
HGDP00290	HGDP00290	M	SAS
HGDP00298	HGDP00298	F	SAS
HGDP00302	HGDP00302	M	SAS
HGDP00304	HGDP00304	F	SAS
HGDP00307	HGDP00307	M	SAS
HGDP00309	HGDP00309	M	SAS
HGDP00311	HGDP00311	M	SAS
HGDP00313	HGDP00313	M	SAS
HGDP00315	HGDP00315	M	SAS
HGDP00319	HGDP00319	M	SAS
HGDP00321	HGDP00321	M	SAS
HGDP00323	HGDP00323	F	SAS
HGDP00326	HGDP00326	M	SAS
HGDP00330	HGDP00330	M	SAS
HGDP00333	HGDP00333	M	SAS
HGDP00341	HGDP00341	M	SAS
HGDP00346	HGDP00346	M	SAS
HGDP00351	HGDP00351	M	SAS
HGDP00356	HGDP00356	F	SAS
HGDP00359	HGDP00359	M	SAS
HGDP00364	HGDP00364	M	SAS
HGDP00371	HGDP00371	F	SAS
HGDP00372	HGDP00372	M	SAS
HGDP00376	HGDP00376	M	SAS
HGDP00382	HGDP00382	M	SAS
HGDP00388	HGDP00388	M	SAS
HGDP00392	HGDP00392	M	SAS
HGDP00397	HGDP00397	M	SAS
HGDP00402	HGDP00402	M	SAS
HGDP00407	HGDP00407	M	SAS
HGDP00412	HGDP00412	M	SAS
HGDP00417	HGDP00417	M	SAS
HGDP00423	HGDP00423	M	SAS
HGDP00433	HGDP00433	M	SAS
HGDP00438	HGDP00438	M	SAS
HGDP00444	HGDP00444	F	SAS
HGDP00445	HGDP00445	M	SAS
HGDP00450	HGDP00450	M	AFR
HGDP00452	HGDP00452	M	AFR
HGDP00453	HGDP00453	M	AFR
HGDP00454	HGDP00454	M	AFR
HGDP00455	HGDP00455	M	AFR
HGDP00458	HGDP00458	M	AFR
HGDP00459	HGDP00459	M	AFR
HGDP00460	HGDP00460	M	AFR
HGDP00462	HGDP00462	M	AFR
HGDP00463	HGDP00463	M	AFR
HGDP00464	HGDP00464	M	AFR
HGDP00465	HGDP00465	M	AFR
HGDP00466	HGDP00466	M	AFR
HGDP00467	HGDP00467	M	AFR
HGDP00468	HGDP00468	M	AFR
HGDP00469	HGDP00469	M	AFR
HGDP00470	HGDP00470	M	AFR
HGDP00471	HGDP00471	F	AFR
HGDP00472	HGDP00472	M	AFR
HGDP00473	HGDP00473	M	AFR
HGDP00475	HGDP00475	M	AFR
HGDP00478	HGDP00478	M	AFR
HGDP00479	HGDP00479	M	AFR
HGDP00490	HGDP00490	M	OCE
HGDP00491	HGDP00491	M	OCE
HGDP00511	HGDP00511	M	EUR
HGDP00512	HGDP00512	M	EUR
HGDP00513	HGDP00513	F	EUR
HGDP00514	HGDP00514	F	EUR
HGDP00515	HGDP00515	M	EUR
HGDP00516	HGDP00516	F	EUR
HGDP00517	HGDP00517	F	EUR
HGDP00518	HGDP00518	M	EUR
HGDP00519	HGDP00519	M	EUR
HGDP00520	HGDP00520	F	EUR
HGDP00522	HGDP00522	M	EUR
HGDP00523	HGDP00523	F	EUR
HGDP00524	HGDP00524	F	EUR
HGDP00525	HGDP00525	M	EUR
HGDP00527	HGDP00527	F	EUR
HGDP00528	HGDP00528	M	EUR
HGDP00529	HGDP00529	F	EUR
HGDP00531	HGDP00531	F	EUR
HGDP00534	HGDP00534	F	EUR
HGDP00535	HGDP00535	F	EUR
HGDP00536	HGDP00536	F	EUR
HGDP00537	HGDP00537	F	EUR
HGDP00538	HGDP00538	M	EUR
HGDP00539	HGDP00539	F	EUR
HGDP00540	HGDP00540	M	OCE
HGDP00541	HGDP00541	M	OCE
HGDP00542	HGDP00542	M	OCE
HGDP00543	HGDP00543	M	OCE
HGDP00544	HGDP00544	F	OCE
HGDP00545	HGDP00545	M	OCE
HGDP00546	HGDP00546	M	OCE
HGDP00547	HGDP00547	M	OCE
HGDP00549	HGDP00549	M	OCE
HGDP00550	HGDP00550	F	OCE
HGDP00551	HGDP00551	M	OCE
HGDP00553	HGDP00553	M	OCE
HGDP00555	HGDP00555	M	OCE
HGDP00556	HGDP00556	M	OCE
HGDP00557	HGDP00557	F	MID
HGDP00558	HGDP00558	F	MID
HGDP00559	HGDP00559	F	MID
HGDP00560	HGDP00560	F	MID
HGDP00561	HGDP00561	F	MID
HGDP00562	HGDP00562	M	MID
HGDP00563	HGDP00563	F	MID
HGDP00564	HGDP00564	F	MID
HGDP00565	HGDP00565	F	MID
HGDP00566	HGDP00566	F	MID
HGDP00567	HGDP00567	F	MID
HGDP00568	HGDP00568	F	MID
HGDP00571	HGDP00571	F	MID
HGDP00572	HGDP00572	F	MID
HGDP00573	HGDP00573	F	MID
HGDP00574	HGDP00574	F	MID
HGDP00575	HGDP00575	F	MID
HGDP00576	HGDP00576	M	MID
HGDP00577	HGDP00577	F	MID
HGDP00578	HGDP00578	F	MID
HGDP00579	HGDP00579	F	MID
HGDP00580	HGDP00580	M	MID
HGDP00581	HGDP00581	F	MID
HGDP00582	HGDP00582	F	MID
HGDP00583	HGDP00583	F	MID
HGDP00584	HGDP00584	F	MID
HGDP00586	HGDP00586	F	MID
HGDP00587	HGDP00587	F	MID
HGDP00588	HGDP00588	M	MID
HGDP00590	HGDP00590	F	MID
HGDP00591	HGDP00591	F	MID
HGDP00594	HGDP00594	M	MID
HGDP00595	HGDP00595	M	MID
HGDP00598	HGDP00598	M	MID
HGDP00599	HGDP00599	M	MID
HGDP00600	HGDP00600	M	MID
HGDP00601	HGDP00601	F	MID
HGDP00602	HGDP00602	M	MID
HGDP00604	HGDP00604	M	MID
HGDP00606	HGDP00606	F	MID
HGDP00607	HGDP00607	F	MID
HGDP00608	HGDP00608	M	MID
HGDP00609	HGDP00609	M	MID
HGDP00610	HGDP00610	M	MID
HGDP00611	HGDP00611	M	MID
HGDP00612	HGDP00612	F	MID
HGDP00613	HGDP00613	F	MID
HGDP00614	HGDP00614	F	MID
HGDP00615	HGDP00615	F	MID
HGDP00618	HGDP00618	M	MID
HGDP00619	HGDP00619	M	MID
HGDP00620	HGDP00620	M	MID
HGDP00621	HGDP00621	M	MID
HGDP00622	HGDP00622	M	MID
HGDP00623	HGDP00623	M	MID
HGDP00624	HGDP00624	M	MID
HGDP00625	HGDP00625	M	MID
HGDP00626	HGDP00626	M	MID
HGDP00627	HGDP00627	M	MID
HGDP00628	HGDP00628	M	MID
HGDP00629	HGDP00629	M	MID
HGDP00630	HGDP00630	M	MID
HGDP00631	HGDP00631	M	MID
HGDP00632	HGDP00632	F	MID
HGDP00634	HGDP00634	F	MID
HGDP00635	HGDP00635	F	MID
HGDP00636	HGDP00636	F	MID
HGDP00637	HGDP00637	F	MID
HGDP00638	HGDP00638	F	MID
HGDP00639	HGDP00639	M	MID
HGDP00640	HGDP00640	M	MID
HGDP00641	HGDP00641	M	MID
HGDP00642	HGDP00642	M	MID
HGDP00643	HGDP00643	F	MID
HGDP00644	HGDP00644	M	MID
HGDP00645	HGDP00645	M	MID
HGDP00646	HGDP00646	F	MID
HGDP00647	HGDP00647	F	MID
HGDP00648	HGDP00648	M	MID
HGDP00649	HGDP00649	F	MID
HGDP00651	HGDP00651	F	MID
HGDP00653	HGDP00653	F	MID
HGDP00654	HGDP00654	M	MID
HGDP00655	HGDP00655	M	OCE
HGDP00661	HGDP00661	F	OCE
HGDP00662	HGDP00662	M	OCE
HGDP00663	HGDP00663	F	OCE
HGDP00664	HGDP00664	F	OCE
HGDP00666	HGDP00666	M	EUR
HGDP00667	HGDP00667	F	EUR
HGDP00668	HGDP00668	M	EUR
HGDP00669	HGDP00669	F	EUR
HGDP00670	HGDP00670	M	EUR
HGDP00671	HGDP00671	M	EUR
HGDP00672	HGDP00672	F	EUR
HGDP00673	HGDP00673	F	EUR
HGDP00674	HGDP00674	M	EUR
HGDP00675	HGDP00675	M	MID
HGDP00676	HGDP00676	M	MID
HGDP00677	HGDP00677	M	MID
HGDP00678	HGDP00678	M	MID
HGDP00679	HGDP00679	F	MID
HGDP00680	HGDP00680	F	MID
HGDP00682	HGDP00682	F	MID
HGDP00683	HGDP00683	F	MID
HGDP00684	HGDP00684	F	MID
HGDP00685	HGDP00685	F	MID
HGDP00686	HGDP00686	F	MID
HGDP00687	HGDP00687	F	MID
HGDP00688	HGDP00688	F	MID
HGDP00689	HGDP00689	F	MID
HGDP00690	HGDP00690	F	MID
HGDP00691	HGDP00691	F	MID
HGDP00692	HGDP00692	F	MID
HGDP00693	HGDP00693	F	MID
HGDP00694	HGDP00694	F	MID
HGDP00696	HGDP00696	F	MID
HGDP00697	HGDP00697	F	MID
HGDP00698	HGDP00698	F	MID
HGDP00699	HGDP00699	F	MID
HGDP00700	HGDP00700	F	MID
HGDP00701	HGDP00701	F	MID
HGDP00703	HGDP00703	M	AMR
HGDP00704	HGDP00704	F	AMR
HGDP00708	HGDP00708	F	AMR
HGDP00710	HGDP00710	M	AMR
HGDP00711	HGDP00711	M	EAS
HGDP00712	HGDP00712	F	EAS
HGDP00714	HGDP00714	M	EAS
HGDP00715	HGDP00715	M	EAS
HGDP00716	HGDP00716	M	EAS
HGDP00719	HGDP00719	F	EAS
HGDP00720	HGDP00720	M	EAS
HGDP00721	HGDP00721	F	EAS
HGDP00723	HGDP00723	M	MID
HGDP00724	HGDP00724	M	MID
HGDP00726	HGDP00726	M	MID
HGDP00727	HGDP00727	M	MID
HGDP00729	HGDP00729	M	MID
HGDP00730	HGDP00730	M	MID
HGDP00731	HGDP00731	M	MID
HGDP00732	HGDP00732	M	MID
HGDP00733	HGDP00733	M	MID
HGDP00734	HGDP00734	M	MID
HGDP00735	HGDP00735	F	MID
HGDP00736	HGDP00736	F	MID
HGDP00738	HGDP00738	F	MID
HGDP00739	HGDP00739	F	MID
HGDP00740	HGDP00740	F	MID
HGDP00741	HGDP00741	F	MID
HGDP00744	HGDP00744	F	MID
HGDP00745	HGDP00745	F	MID
HGDP00746	HGDP00746	F	MID
HGDP00747	HGDP00747	M	EAS
HGDP00748	HGDP00748	M	EAS
HGDP00750	HGDP00750	M	EAS
HGDP00751	HGDP00751	M	EAS
HGDP00752	HGDP00752	M	EAS
HGDP00753	HGDP00753	M	EAS
HGDP00754	HGDP00754	F	EAS
HGDP00755	HGDP00755	M	EAS
HGDP00756	HGDP00756	F	EAS
HGDP00757	HGDP00757	M	EAS
HGDP00758	HGDP00758	M	EAS
HGDP00759	HGDP00759	M	EAS
HGDP00760	HGDP00760	F	EAS
HGDP00761	HGDP00761	F	EAS
HGDP00762	HGDP00762	M	EAS
HGDP00763	HGDP00763	M	EAS
HGDP00764	HGDP00764	M	EAS
HGDP00765	HGDP00765	F	EAS
HGDP00766	HGDP00766	M	EAS
HGDP00767	HGDP00767	M	EAS
HGDP00768	HGDP00768	M	EAS
HGDP00769	HGDP00769	M	EAS
HGDP00771	HGDP00771	F	EAS
HGDP00772	HGDP00772	F	EAS
HGDP00774	HGDP00774	M	EAS
HGDP00776	HGDP00776	F	EAS
HGDP00777	HGDP00777	M	EAS
HGDP00779	HGDP00779	M	EAS
HGDP00780	HGDP00780	M	EAS
HGDP00781	HGDP00781	F	EAS
HGDP00782	HGDP00782	M	EAS
HGDP00784	HGDP00784	F	EAS
HGDP00786	HGDP00786	M	EAS
HGDP00787	HGDP00787	F	OCE
HGDP00788	HGDP00788	M	OCE
HGDP00790	HGDP00790	M	EAS
HGDP00791	HGDP00791	M	EAS
HGDP00794	HGDP00794	F	EUR
HGDP00795	HGDP00795	M	EUR
HGDP00797	HGDP00797	F	EUR
HGDP00799	HGDP00799	F	EUR
HGDP00800	HGDP00800	F	EUR
HGDP00802	HGDP00802	F	EUR
HGDP00803	HGDP00803	M	EUR
HGDP00804	HGDP00804	M	EUR
HGDP00805	HGDP00805	F	EUR
HGDP00806	HGDP00806	F	EUR
HGDP00807	HGDP00807	M	EUR
HGDP00808	HGDP00808	M	EUR
HGDP00810	HGDP00810	M	EUR
HGDP00811	HGDP00811	F	EAS
HGDP00812	HGDP00812	F	EAS
HGDP00813	HGDP00813	F	EAS
HGDP00814	HGDP00814	F	EAS
HGDP00815	HGDP00815	M	EAS
HGDP00817	HGDP00817	F	EAS
HGDP00818	HGDP00818	F	EAS
HGDP00819	HGDP00819	M	EAS
HGDP00820	HGDP00820	F	EAS
HGDP00821	HGDP00821	M	EAS
HGDP00822	HGDP00822	M	EAS
HGDP00823	HGDP00823	M	OCE
HGDP00828	HGDP00828	M	EAS
HGDP00832	HGDP00832	F	AMR
HGDP00837	HGDP00837	M	AMR
HGDP00838	HGDP00838	F	AMR
HGDP00843	HGDP00843	M	AMR
HGDP00845	HGDP00845	M	AMR
HGDP00849	HGDP00849	M	AMR
HGDP00854	HGDP00854	F	AMR
HGDP00856	HGDP00856	M	AMR
HGDP00858	HGDP00858	F	AMR
HGDP00859	HGDP00859	F	AMR
HGDP00860	HGDP00860	F	AMR
HGDP00861	HGDP00861	F	AMR
HGDP00862	HGDP00862	F	AMR
HGDP00863	HGDP00863	F	AMR
HGDP00864	HGDP00864	F	AMR
HGDP00865	HGDP00865	F	AMR
HGDP00868	HGDP00868	F	AMR
HGDP00869	HGDP00869	F	AMR
HGDP00870	HGDP00870	F	AMR
HGDP00871	HGDP00871	F	AMR
HGDP00872	HGDP00872	F	AMR
HGDP00873	HGDP00873	F	AMR
HGDP00875	HGDP00875	F	AMR
HGDP00876	HGDP00876	F	AMR
HGDP00877	HGDP00877	M	AMR
HGDP00879	HGDP00879	M	EUR
HGDP00880	HGDP00880	M	EUR
HGDP00881	HGDP00881	F	EUR
HGDP00882	HGDP00882	M	EUR
HGDP00883	HGDP00883	M	EUR
HGDP00884	HGDP00884	F	EUR
HGDP00885	HGDP00885	F	EUR
HGDP00886	HGDP00886	M	EUR
HGDP00888	HGDP00888	M	EUR
HGDP00889	HGDP00889	F	EUR
HGDP00890	HGDP00890	M	EUR
HGDP00891	HGDP00891	M	EUR
HGDP00892	HGDP00892	M	EUR
HGDP00893	HGDP00893	M	EUR
HGDP00894	HGDP00894	M	EUR
HGDP00895	HGDP00895	M	EUR
HGDP00896	HGDP00896	M	EUR
HGDP00897	HGDP00897	M	EUR
HGDP00898	HGDP00898	F	EUR
HGDP00899	HGDP00899	F	EUR
HGDP00900	HGDP00900	M	EUR
HGDP00901	HGDP00901	F	EUR
HGDP00902	HGDP00902	F	EUR
HGDP00904	HGDP00904	M	AFR
HGDP00905	HGDP00905	M	AFR
HGDP00906	HGDP00906	M	AFR
HGDP00907	HGDP00907	M	AFR
HGDP00908	HGDP00908	M	AFR
HGDP00909	HGDP00909	F	AFR
HGDP00910	HGDP00910	F	AFR
HGDP00911	HGDP00911	M	AFR
HGDP00912	HGDP00912	M	AFR
HGDP00913	HGDP00913	M	AFR
HGDP00914	HGDP00914	F	AFR
HGDP00916	HGDP00916	F	AFR
HGDP00917	HGDP00917	F	AFR
HGDP00918	HGDP00918	F	AFR
HGDP00919	HGDP00919	M	AFR
HGDP00920	HGDP00920	F	AFR
HGDP00924	HGDP00924	F	AFR
HGDP00925	HGDP00925	F	AFR
HGDP00926	HGDP00926	F	AFR
HGDP00929	HGDP00929	M	AFR
HGDP00930	HGDP00930	M	AFR
HGDP00931	HGDP00931	M	AFR
HGDP00933	HGDP00933	F	AFR
HGDP00934	HGDP00934	F	AFR
HGDP00935	HGDP00935	F	AFR
HGDP00937	HGDP00937	M	AFR
HGDP00938	HGDP00938	F	AFR
HGDP00939	HGDP00939	F	AFR
HGDP00940	HGDP00940	M	AFR
HGDP00941	HGDP00941	M	AFR
HGDP00942	HGDP00942	M	AFR
HGDP00943	HGDP00943	M	AFR
HGDP00944	HGDP00944	M	AFR
HGDP00945	HGDP00945	M	EAS
HGDP00946	HGDP00946	M	EAS
HGDP00947	HGDP00947	M	EAS
HGDP00948	HGDP00948	M	EAS
HGDP00949	HGDP00949	M	EAS
HGDP00950	HGDP00950	M	EAS
HGDP00952	HGDP00952	M	EAS
HGDP00953	HGDP00953	M	EAS
HGDP00954	HGDP00954	M	EAS
HGDP00955	HGDP00955	F	EAS
HGDP00957	HGDP00957	F	EAS
HGDP00958	HGDP00958	M	EAS
HGDP00959	HGDP00959	F	EAS
HGDP00960	HGDP00960	M	EAS
HGDP00961	HGDP00961	M	EAS
HGDP00962	HGDP00962	M	EAS
HGDP00963	HGDP00963	F	EAS
HGDP00964	HGDP00964	M	EAS
HGDP00965	HGDP00965	M	EAS
HGDP00966	HGDP00966	F	EAS
HGDP00967	HGDP00967	F	EAS
HGDP00968	HGDP00968	M	EAS
HGDP00969	HGDP00969	M	EAS
HGDP00970	HGDP00970	F	AMR
HGDP00971	HGDP00971	M	EAS
HGDP00972	HGDP00972	F	EAS
HGDP00973	HGDP00973	M	EAS
HGDP00974	HGDP00974	F	EAS
HGDP00975	HGDP00975	F	EAS
HGDP00976	HGDP00976	F	EAS
HGDP00977	HGDP00977	M	EAS
HGDP00981	HGDP00981	M	AFR
HGDP00983	HGDP00983	M	AFR
HGDP00984	HGDP00984	M	AFR
HGDP00985	HGDP00985	M	AFR
HGDP00986	HGDP00986	M	AFR
HGDP00992	HGDP00992	M	AFR
HGDP00993	HGDP00993	M	AFR
HGDP00994	HGDP00994	M	AFR
HGDP00995	HGDP00995	F	AMR
HGDP00999	HGDP00999	F	AMR
HGDP01001	HGDP01001	F	AMR
HGDP01006	HGDP01006	F	AMR
HGDP01009	HGDP01009	M	AMR
HGDP01010	HGDP01010	F	AMR
HGDP01013	HGDP01013	M	AMR
HGDP01014	HGDP01014	F	AMR
HGDP01019	HGDP01019	M	AMR
HGDP01021	HGDP01021	F	EAS
HGDP01023	HGDP01023	F	EAS
HGDP01024	HGDP01024	F	EAS
HGDP01027	HGDP01027	F	OCE
HGDP01029	HGDP01029	M	AFR
HGDP01031	HGDP01031	M	AFR
HGDP01033	HGDP01033	M	AFR
HGDP01037	HGDP01037	M	AMR
HGDP01041	HGDP01041	F	AMR
HGDP01043	HGDP01043	M	AMR
HGDP01050	HGDP01050	M	AMR
HGDP01051	HGDP01051	F	AMR
HGDP01053	HGDP01053	F	AMR
HGDP01055	HGDP01055	M	AMR
HGDP01056	HGDP01056	F	AMR
HGDP01057	HGDP01057	M	AMR
HGDP01058	HGDP01058	F	AMR
HGDP01059	HGDP01059	M	AMR
HGDP01060	HGDP01060	M	AMR
HGDP01062	HGDP01062	F	EUR
HGDP01063	HGDP01063	M	EUR
HGDP01064	HGDP01064	F	EUR
HGDP01065	HGDP01065	F	EUR
HGDP01066	HGDP01066	M	EUR
HGDP01067	HGDP01067	M	EUR
HGDP01068	HGDP01068	F	EUR
HGDP01069	HGDP01069	M	EUR
HGDP01070	HGDP01070	F	EUR
HGDP01071	HGDP01071	M	EUR
HGDP01072	HGDP01072	F	EUR
HGDP01073	HGDP01073	M	EUR
HGDP01074	HGDP01074	F	EUR
HGDP01075	HGDP01075	M	EUR
HGDP01077	HGDP01077	M	EUR
HGDP01081	HGDP01081	M	AFR
HGDP01086	HGDP01086	M	AFR
HGDP01087	HGDP01087	M	AFR
HGDP01090	HGDP01090	M	AFR
HGDP01092	HGDP01092	M	AFR
HGDP01094	HGDP01094	M	AFR
HGDP01096	HGDP01096	M	EAS
HGDP01097	HGDP01097	M	EAS
HGDP01099	HGDP01099	M	EAS
HGDP01100	HGDP01100	M	EAS
HGDP01101	HGDP01101	M	EAS
HGDP01102	HGDP01102	M	EAS
HGDP01103	HGDP01103	M	EAS
HGDP01104	HGDP01104	M	EAS
HGDP01149	HGDP01149	M	EUR
HGDP01151	HGDP01151	M	EUR
HGDP01152	HGDP01152	M	EUR
HGDP01155	HGDP01155	M	EUR
HGDP01156	HGDP01156	F	EUR
HGDP01157	HGDP01157	F	EUR
HGDP01161	HGDP01161	M	EUR
HGDP01162	HGDP01162	M	EUR
HGDP01164	HGDP01164	M	EUR
HGDP01166	HGDP01166	M	EUR
HGDP01167	HGDP01167	M	EUR
HGDP01169	HGDP01169	F	EUR
HGDP01171	HGDP01171	F	EUR
HGDP01173	HGDP01173	M	EUR
HGDP01174	HGDP01174	M	EUR
HGDP01177	HGDP01177	F	EUR
HGDP01180	HGDP01180	M	EAS
HGDP01181	HGDP01181	M	EAS
HGDP01182	HGDP01182	M	EAS
HGDP01183	HGDP01183	M	EAS
HGDP01184	HGDP01184	M	EAS
HGDP01185	HGDP01185	M	EAS
HGDP01186	HGDP01186	M	EAS
HGDP01187	HGDP01187	M	EAS
HGDP01189	HGDP01189	M	EAS
HGDP01190	HGDP01190	M	EAS
HGDP01192	HGDP01192	M	EAS
HGDP01193	HGDP01193	M	EAS
HGDP01194	HGDP01194	M	EAS
HGDP01195	HGDP01195	M	EAS
HGDP01196	HGDP01196	F	EAS
HGDP01197	HGDP01197	F	EAS
HGDP01200	HGDP01200	M	AFR
HGDP01201	HGDP01201	F	AFR
HGDP01202	HGDP01202	M	AFR
HGDP01204	HGDP01204	M	EAS
HGDP01205	HGDP01205	M	EAS
HGDP01206	HGDP01206	M	EAS
HGDP01207	HGDP01207	M	EAS
HGDP01208	HGDP01208	M	EAS
HGDP01209	HGDP01209	F	EAS
HGDP01212	HGDP01212	F	EAS
HGDP01213	HGDP01213	M	EAS
HGDP01214	HGDP01214	M	EAS
HGDP01216	HGDP01216	M	EAS
HGDP01217	HGDP01217	M	EAS
HGDP01218	HGDP01218	M	EAS
HGDP01219	HGDP01219	F	EAS
HGDP01220	HGDP01220	M	EAS
HGDP01221	HGDP01221	M	EAS
HGDP01222	HGDP01222	F	EAS
HGDP01224	HGDP01224	M	EAS
HGDP01225	HGDP01225	M	EAS
HGDP01226	HGDP01226	M	EAS
HGDP01227	HGDP01227	M	EAS
HGDP01229	HGDP01229	M	EAS
HGDP01230	HGDP01230	M	EAS
HGDP01231	HGDP01231	F	EAS
HGDP01232	HGDP01232	F	EAS
HGDP01233	HGDP01233	M	EAS
HGDP01234	HGDP01234	F	EAS
HGDP01236	HGDP01236	M	EAS
HGDP01237	HGDP01237	M	EAS
HGDP01238	HGDP01238	F	EAS
HGDP01239	HGDP01239	F	EAS
HGDP01241	HGDP01241	M	EAS
HGDP01243	HGDP01243	M	EAS
HGDP01244	HGDP01244	M	EAS
HGDP01245	HGDP01245	M	EAS
HGDP01247	HGDP01247	M	EAS
HGDP01248	HGDP01248	M	EAS
HGDP01249	HGDP01249	M	EAS
HGDP01251	HGDP01251	F	EAS
HGDP01254	HGDP01254	F	MID
HGDP01255	HGDP01255	M	MID
HGDP01256	HGDP01256	M	MID
HGDP01257	HGDP01257	M	MID
HGDP01258	HGDP01258	M	MID
HGDP01259	HGDP01259	M	MID
HGDP01260	HGDP01260	M	MID
HGDP01261	HGDP01261	M	MID
HGDP01262	HGDP01262	M	MID
HGDP01263	HGDP01263	M	MID
HGDP01264	HGDP01264	M	MID
HGDP01265	HGDP01265	M	MID
HGDP01266	HGDP01266	M	MID
HGDP01267	HGDP01267	F	MID
HGDP01268	HGDP01268	M	MID
HGDP01269	HGDP01269	M	MID
HGDP01270	HGDP01270	F	MID
HGDP01271	HGDP01271	M	MID
HGDP01272	HGDP01272	M	MID
HGDP01273	HGDP01273	F	MID
HGDP01275	HGDP01275	F	MID
HGDP01276	HGDP01276	F	MID
HGDP01277	HGDP01277	F	MID
HGDP01279	HGDP01279	M	MID
HGDP01280	HGDP01280	F	MID
HGDP01282	HGDP01282	M	MID
HGDP01283	HGDP01283	M	AFR
HGDP01285	HGDP01285	M	AFR
HGDP01287	HGDP01287	F	EAS
HGDP01288	HGDP01288	M	EAS
HGDP01289	HGDP01289	M	EAS
HGDP01290	HGDP01290	M	EAS
HGDP01291	HGDP01291	F	EAS
HGDP01292	HGDP01292	M	EAS
HGDP01293	HGDP01293	M	EAS
HGDP01294	HGDP01294	M	EAS
HGDP01295	HGDP01295	M	EAS
HGDP01296	HGDP01296	M	EAS
HGDP01298	HGDP01298	M	SAS
HGDP01299	HGDP01299	M	SAS
HGDP01300	HGDP01300	M	SAS
HGDP01301	HGDP01301	M	SAS
HGDP01302	HGDP01302	M	SAS
HGDP01303	HGDP01303	M	SAS
HGDP01304	HGDP01304	M	SAS
HGDP01305	HGDP01305	F	SAS
HGDP01309	HGDP01309	M	EAS
HGDP01310	HGDP01310	M	EAS
HGDP01311	HGDP01311	M	EAS
HGDP01313	HGDP01313	M	EAS
HGDP01316	HGDP01316	F	EAS
HGDP01317	HGDP01317	M	EAS
HGDP01318	HGDP01318	M	EAS
HGDP01319	HGDP01319	M	EAS
HGDP01321	HGDP01321	M	EAS
HGDP01322	HGDP01322	M	EAS
HGDP01326	HGDP01326	M	EAS
HGDP01327	HGDP01327	M	EAS
HGDP01328	HGDP01328	M	EAS
HGDP01329	HGDP01329	M	EAS
HGDP01330	HGDP01330	M	EAS
HGDP01331	HGDP01331	M	EAS
HGDP01332	HGDP01332	M	EAS
HGDP01334	HGDP01334	F	EAS
HGDP01336	HGDP01336	F	EAS
HGDP01337	HGDP01337	M	EAS
HGDP01339	HGDP01339	M	EAS
HGDP01340	HGDP01340	M	EAS
HGDP01341	HGDP01341	M	EAS
HGDP01342	HGDP01342	M	EAS
HGDP01346	HGDP01346	F	EAS
HGDP01347	HGDP01347	M	EAS
HGDP01348	HGDP01348	M	EAS
HGDP01349	HGDP01349	M	EAS
HGDP01351	HGDP01351	M	EAS
HGDP01352	HGDP01352	M	EAS
HGDP01353	HGDP01353	M	EAS
HGDP01354	HGDP01354	F	EAS
HGDP01356	HGDP01356	F	EAS
HGDP01357	HGDP01357	M	EUR
HGDP01358	HGDP01358	M	EUR
HGDP01359	HGDP01359	M	EUR
HGDP01360	HGDP01360	M	EUR
HGDP01361	HGDP01361	M	EUR
HGDP01362	HGDP01362	M	EUR
HGDP01363	HGDP01363	F	EUR
HGDP01366	HGDP01366	F	EUR
HGDP01367	HGDP01367	F	EUR
HGDP01368	HGDP01368	F	EUR
HGDP01369	HGDP01369	F	EUR
HGDP01370	HGDP01370	M	EUR
HGDP01371	HGDP01371	M	EUR
HGDP01372	HGDP01372	M	EUR
HGDP01373	HGDP01373	F	EUR
HGDP01374	HGDP01374	M	EUR
HGDP01375	HGDP01375	M	EUR
HGDP01376	HGDP01376	M	EUR
HGDP01377	HGDP01377	M	EUR
HGDP01378	HGDP01378	M	EUR
HGDP01379	HGDP01379	M	EUR
HGDP01380	HGDP01380	F	EUR
HGDP01381	HGDP01381	F	EUR
HGDP01382	HGDP01382	F	EUR
HGDP01383	HGDP01383	M	EUR
HGDP01384	HGDP01384	F	EUR
HGDP01385	HGDP01385	M	EUR
HGDP01386	HGDP01386	F	EUR
HGDP01387	HGDP01387	F	EUR
HGDP01388	HGDP01388	F	EUR
HGDP01396	HGDP01396	M	EUR
HGDP01397	HGDP01397	M	EUR
HGDP01398	HGDP01398	F	EUR
HGDP01399	HGDP01399	F	EUR
HGDP01400	HGDP01400	F	EUR
HGDP01403	HGDP01403	M	EUR
HGDP01404	HGDP01404	M	EUR
HGDP01405	HGDP01405	M	AFR
HGDP01406	HGDP01406	M	AFR
HGDP01408	HGDP01408	M	AFR
HGDP01411	HGDP01411	M	AFR
HGDP01412	HGDP01412	M	AFR
HGDP01413	HGDP01413	M	AFR
HGDP01415	HGDP01415	M	AFR
HGDP01416	HGDP01416	M	AFR
HGDP01418	HGDP01418	M	AFR
HGDP01419	HGDP01419	M	AFR
HGDP01333	HGDP01333	M	EAS
Armenian222	Armenian222	M	MID
Y4	Y4	M	SAS
HGDP00090	HGDP00090	M	SAS
HGDP00569	HGDP00569	F	MID
altai363p	altai363p	M	CAS
NA11200	NA11200	M	AMR
HGDP00987	HGDP00987	M	AFR
ND15865	ND15865	M	MID
HGDP01211	HGDP01211	F	EAS
Peru60	Peru60	F	AMR
HGDP01417	HGDP01417	M	AFR
TGBS21	TGBS21	M	AMR
HGDP00932	HGDP00932	M	AFR
NA00726	NA00726	F	EAS
Bu5	Bu5	M	EAS
Ul5	Ul5	F	CAS
mixe0002	mixe0002	F	AMR
Ayodo_81S	Ayodo_81S	F	AFR
NA17377	NA17377	M	MID
HGDP00195	HGDP00195	F	SAS
NA21581	NA21581	M	AFR
Nlk18	Nlk18	M	CAS
Jordan214	Jordan214	M	MID
HGDP01015	HGDP01015	M	AMR
HGDP00887	HGDP00887	M	MID
HGDP01315	HGDP01315	F	EAS
CHI-007	CHI-007	M	EAS
NA21490	NA21490	M	AFR
Sir26	Sir26	M	CAS
HGDP01078	HGDP01078	F	MID
HGDP00449	HGDP00449	M	AFR
HGDP00019	HGDP00019	M	SAS
HGDP01035	HGDP01035	M	AFR
HGDP00737	HGDP00737	F	MID
HGDP00286	HGDP00286	F	SAS
Igor21	Igor21	M	OCE
Utsa22	Utsa22	M	MID
HGDP00533	HGDP00533	M	MID
HGDP01323	HGDP01323	F	EAS
HGDP00526	HGDP00526	F	MID
NA15202	NA15202	M	MID
SA0722	SA0722	F	AFR
HGDP00656	HGDP00656	F	OCE
Nlk3	Nlk3	F	CAS
mg27	mg27	M	MID
ALB212	ALB212	F	MID
NorthOssetia5	NorthOssetia5	M	MID
Mansi41	Mansi41	F	CAS
HGDP00157	HGDP00157	F	SAS
HGDP01240	HGDP01240	M	EAS
HGDP01242	HGDP01242	F	EAS
HGDP00798	HGDP00798	M	MID
iran11	iran11	M	MID
HGDP00461	HGDP00461	M	AFR
BulgarianB4	BulgarianB4	M	MID
NorthOssetia12	NorthOssetia12	M	MID
mixe0042	mixe0042	F	AMR
lez42	lez42	M	MID
HGDP00216	HGDP00216	M	SAS
HGDP00338	HGDP00338	F	SAS
HGDP00616	HGDP00616	M	MID
HGDP01338	HGDP01338	M	EAS
HGDP01223	HGDP01223	F	CAS
SAH41	SAH41	M	AFR
IHW9193	IHW9193	M	OCE
HGDP00530	HGDP00530	M	MID
HGDP00796	HGDP00796	F	MID
HGDP01286	HGDP01286	M	AFR
HGDP00903	HGDP00903	F	MID
M4	M4	M	SAS
HGDP01047	HGDP01047	M	AMR
Ul31	Ul31	F	CAS
iran17	iran17	M	MID
armenia293	armenia293	M	MID
HGDP01344	HGDP01344	M	EAS
Ayodo_502C	Ayodo_502C	F	AFR
NA15728	NA15728	M	MID
Mansi79	Mansi79	M	CAS
K4	K4	M	SAS
IHW9118	IHW9118	F	OCE
HGDP01274	HGDP01274	F	AFR
Bu16	Bu16	M	EAS
zapo0099	zapo0099	M	AMR
HGDP01228	HGDP01228	M	CAS
HGDP01306	HGDP01306	F	EAS
HGDP00749	HGDP00749	M	EAS
HGDP01402	HGDP01402	M	MID
Ale20	Ale20	F	CAS
Est375	Est375	M	MID
HGDP01297	HGDP01297	M	EAS
HGDP01355	HGDP01355	F	EAS
HGDP01012	HGDP01012	M	AMR
HGDP00852	HGDP00852	F	AMR
ND19394	ND19394	M	EAS
HGDP01172	HGDP01172	F	MID
NA15761	NA15761	F	MID
YemeniteJew5433	YemeniteJew5433	M	MID
HGDP01414	HGDP01414	F	AFR
NA13616	NA13616	M	EAS
HGDP00650	HGDP00650	F	MID
HGDP01199	HGDP01199	M	AFR
Ale32	Ale32	M	CAS
mixa0105	mixa0105	F	AMR
DNK07	DNK07	M	AFR
B17	B17	M	SAS
HGDP01168	HGDP01168	F	MID
HGDP00552	HGDP00552	F	OCE
HGDP00548	HGDP00548	M	OCE
lez49	lez49	M	MID
abh100	abh100	M	MID
HGDP00457	HGDP00457	M	AFR
HGDP01044	HGDP01044	F	AMR
HGDP00956	HGDP00956	F	CAS
AV-21	AV-21	F	MID
HGDP00928	HGDP00928	F	AFR
KD4	KD4	M	SAS
HGDP01250	HGDP01250	M	EAS
HGDP00936	HGDP00936	M	AFR
HGDP01036	HGDP01036	M	AFR
Kor82	Kor82	F	CAS
CHI-034	CHI-034	F	EAS
NA17386	NA17386	M	OCE
HGDP01365	HGDP01365	F	MID
Sam02	Sam02	M	MID
HGDP01079	HGDP01079	M	MID
HGDP00846	HGDP00846	F	AMR
HGDP00124	HGDP00124	M	SAS
NA13604	NA13604	M	EAS
NOR111	NOR111	F	MID
HGDP01028	HGDP01028	M	AFR
HGDP00208	HGDP00208	M	SAS
mg31	mg31	M	MID
TZ-11	TZ-11	M	MID
IraqiJew1771	IraqiJew1771	F	MID
I3	I3	M	SAS
HGDP01191	HGDP01191	M	EAS
Utsa21	Utsa21	F	MID
HGDP00660	HGDP00660	F	OCE
HGDP01018	HGDP01018	F	AMR
Nesk_25	Nesk_25	F	CAS
HGDP01308	HGDP01308	M	EAS
HGDP00125	HGDP00125	M	SAS
HGDP01364	HGDP01364	M	MID
HGDP01246	HGDP01246	M	EAS
HGDP01335	HGDP01335	F	EAS
HGDP01032	HGDP01032	M	AFR
HGDP00597	HGDP00597	M	MID
mixe0007	mixe0007	F	AMR
Tuba19	Tuba19	F	CAS
HGDP01320	HGDP01320	M	EAS
HGDP01345	HGDP01345	F	EAS
Dus22	Dus22	F	OCE
NA15763	NA15763	F	MID
HGDP00554	HGDP00554	F	OCE
I1	I1	M	SAS
K1	K1	M	SAS
HGDP00027	HGDP00027	M	SAS
BulgarianC1	BulgarianC1	M	MID
HGDP00857	HGDP00857	F	AMR
Est400	Est400	M	MID
HGDP01188	HGDP01188	F	EAS
Kusunda02	Kusunda02	M	SAS
R6	R6	M	SAS
HGDP01203	HGDP01203	M	EAS
Sir19	Sir19	M	CAS
Igor20	Igor20	F	OCE
HGDP00982	HGDP00982	M	AFR
Ale22	Ale22	M	CAS
HGDP00058	HGDP00058	M	SAS
NA17385	NA17385	M	OCE
HGDP00722	HGDP00722	M	MID
HGDP00775	HGDP00775	M	EAS
HGDP00702	HGDP00702	F	AMR
HGDP01153	HGDP01153	M	MID
HGDP00713	HGDP00713	F	EAS
HGDP01314	HGDP01314	F	EAS
HGDP01098	HGDP01098	F	EAS
HGDP00328	HGDP00328	M	SAS
NA15203	NA15203	F	MID
HGDP00915	HGDP00915	F	AFR
Nesk_22	Nesk_22	F	CAS
HGDP00160	HGDP00160	M	SAS
Bishkek28440	Bishkek28440	M	CAS
HGDP01312	HGDP01312	M	EAS
HGDP01253	HGDP01253	M	AFR
HGDP01163	HGDP01163	M	MID
HGDP00951	HGDP00951	M	CAS
HGDP00783	HGDP00783	F	EAS
HGDP00474	HGDP00474	M	AFR
tdj409_shugnan	tdj409_shugnan	M	MID
abh107	abh107	M	MID
HGDP00476	HGDP00476	F	AFR
DNK05	DNK05	M	AFR
HGDP00785	HGDP00785	M	EAS
HGDP00855	HGDP00855	F	AMR
ch113	ch113	M	MID
Kusunda15	Kusunda15	M	SAS
NA11201	NA11201	F	AMR
Jordan445	Jordan445	M	MID
HGDP01076	HGDP01076	M	MID
SA0342	SA0342	F	AFR
HGDP01030	HGDP01030	M	AFR
HGDP01215	HGDP01215	F	EAS
Kayseri24424	Kayseri24424	F	MID
HGDP00991	HGDP00991	M	AFR
Sir40	Sir40	F	CAS
HGDP01350	HGDP01350	M	EAS
Tuba9	Tuba9	F	CAS
HGDP01034	HGDP01034	M	AFR
NA17374	NA17374	M	MID
Bishkek28439	Bishkek28439	F	CAS
Esk29	Esk29	M	CAS
Ayodo_430C	Ayodo_430C	M	AFR
HGDP00725	HGDP00725	F	MID
Y8	Y8	M	SAS
NA13607	NA13607	M	EAS
HGDP00706	HGDP00706	F	AMR
zapo0098	zapo0098	M	AMR
Ale14	Ale14	F	CAS
mixa0099	mixa0099	M	AMR
HGDP01401	HGDP01401	F	MID
HGDP00428	HGDP00428	M	SAS
HGDP01198	HGDP01198	F	EAS
HGDP00773	HGDP00773	F	EAS
R3	R3	M	SAS
HGDP01095	HGDP01095	M	EAS
Nlk1	Nlk1	F	CAS
HGDP00717	HGDP00717	M	EAS
HGDP00232	HGDP00232	F	SAS
Dus16	Dus16	F	OCE
DNK11	DNK11	M	AFR
tdj430_shugnan	tdj430_shugnan	M	MID
SAH31	SAH31	M	AFR
Kayseri23827	Kayseri23827	M	MID
B11	B11	M	SAS
Jordan603	Jordan603	M	MID
IraqiJew4291	IraqiJew4291	M	MID
HGDP01179	HGDP01179	M	EAS
YemeniteJew4695	YemeniteJew4695	F	MID
NA12236	NA12236	F	EUR
HGDP00456	HGDP00456	M	AFR
GM20355	GM20355	F	AFR
GM19320	GM19320	F	AFR
GM19129	GM19129	F	AFR
GM21487	GM21487	F	AFR
NA15204	NA15204	F	MID
NA15208	NA15208	M	MID
NA15725	NA15725	M	MID
NA15727	NA15727	M	MID
NA15729	NA15729	F	MID
NA15730	NA15730	F	MID
NA15732	NA15732	F	MID
NA18741	NA18741	F	EAS
NA19022	NA19022	F	AFR
NA19193	NA19193	F	AFR
NA20820	NA20820	M	EUR
