FID	IID	phenotype_sim	genetic_score	error_term
HG00096	HG00096	-0.3772467117643984	-0.46062002883991227	0.08337331707551385
HG00097	HG00097	-0.027604777321486657	0	-0.027604777321486657
HG00099	HG00099	-0.10953536891961392	-0.07403518511627336	-0.035500183803340565
HG00100	HG00100	0.12487779250485695	0.11612905012443663	0.008748742380420331
HG00101	HG00101	0.39390792051288853	0.16868234745856608	0.22522557305432245
HG00102	HG00102	-0.023457785452598245	-0.10690379836596547	0.08344601291336723
HG00103	HG00103	-0.005492244354651704	-0.13673379521351303	0.13124155085886133
HG00104	HG00104	0.35353115914331446	0.103266618354246	0.25026454078906846
HG00105	HG00105	0.1364494436417036	0.019626269303262243	0.11682317433844136
HG00106	HG00106	0.21129186051721652	0.25390841825865207	-0.04261655774143556
HG00107	HG00107	0.021716583735686662	0.12132955889683217	-0.0996129751611455
HG00108	HG00108	-0.32732774186822683	-0.21593275150517	-0.11139499036305683
HG00109	HG00109	0.2068106410142221	0.21238379505230115	-0.005573154038079024
HG00110	HG00110	-0.22033495737893527	-0.33777819718234237	0.1174432398034071
HG00111	HG00111	0.32683167084652265	0.22150980980368334	0.10532186104283932
HG00112	HG00112	0.10382670665647421	0.09806610958185044	0.005760597074623772
HG00113	HG00113	-0.416594002718917	-0.3430897132318933	-0.07350428948702373
HG00114	HG00114	-0.37953543854638655	-0.47258828085614363	0.09305284230975708
HG00115	HG00115	0.4220045179077393	0.255183421052061	0.16682109685567828
HG00116	HG00116	0.3111522096549295	0.255183421052061	0.05596878860286852
HG00117	HG00117	-0.09930062019276606	-0.02390314304502681	-0.07539747714773924
HG00118	HG00118	-0.07902616251903602	-0.2046815819805488	0.1256554194615128
HG00119	HG00119	0.1487305888819219	0.14488133417908103	0.0038492547028408687
HG00120	HG00120	-0.24646234120876906	-0.265416323893005	0.018953982684235943
HG00121	HG00121	0.14432560466526229	0.09806610958185044	0.046259495083411845
HG00122	HG00122	-0.17827111728567507	-0.13553481197450312	-0.04273630531117194
HG00123	HG00123	-0.47514801841427035	-0.4768066186225042	0.001658600208233821
HG00125	HG00125	-0.37097625763620734	-0.44146416783332826	0.07048791019712092
HG00126	HG00126	0.11272407344801505	0.015539141361671518	0.09718493208634353
HG00127	HG00127	-0.3250183839672895	-0.26296922366600484	-0.06204916030128467
HG00128	HG00128	-0.40883311286017937	-0.3232464131433517	-0.0855866997168277
HG00129	HG00129	-0.09994796565402467	-0.10690379836596547	0.006955832711940806
HG00130	HG00130	-0.20632311659445174	-0.10170328959356993	-0.1046198270008818
HG00131	HG00131	-0.11355569484067773	0.16133114341646432	-0.27488683825714205
HG00132	HG00132	0.0031430890977368897	0.11612905012443663	-0.11298596102669974
HG00133	HG00133	-0.10232995999904591	-0.016161483270116142	-0.08616847672892977
HG00134	HG00134	0.10059338904294157	-0.05541399568319322	0.1560073847261348
HG00135	HG00135	0.18312513776586858	0.08161630034446717	0.1015088374214014
HG00136	HG00136	0.0772104872260054	-0.027188955293968337	0.10439944251997374
HG00137	HG00137	-0.15130377786087837	-0.03971325855236501	-0.11159051930851337
HG00138	HG00138	-0.1635030555729149	-0.056372605892829594	-0.1071304496800853
HG00139	HG00139	0.08012274693342514	-0.016659347340464592	0.09678209427388973
HG00140	HG00140	9.417716542800894e-4	-0.016161483270116142	0.01710325492439623
HG00141	HG00141	-0.19055861330517468	-0.10093358450103553	-0.08962502880413915
HG00142	HG00142	0.04529080841690861	0.02946188326459377	0.01582892515231483
HG00143	HG00143	0.04787126229366722	0.09806610958185044	-0.05019484728818322
HG00145	HG00145	0.16251666538511264	0.25910892703104765	-0.09659226164593501
HG00146	HG00146	-0.20485945398570451	-0.19348604016704485	-0.01137341381865966
HG00148	HG00148	0.30443887395363467	0.19584389319643378	0.10859498075720089
HG00149	HG00149	1.6473301323188805e-4	0.12132955889683217	-0.12116482588360028
HG00150	HG00150	-0.1591313513157544	0.017640854965429775	-0.17677220628118417
HG00151	HG00151	0.06675030450119304	0.11591951202135531	-0.04916920752016226
HG00152	HG00152	0.13541320579593552	0.103266618354246	0.03214658744168953
HG00154	HG00154	0.10635282288028652	-0.03971325855236501	0.14606608143265154
HG00155	HG00155	0.14438870907576792	-0.00933555285446347	0.1537242619302314
HG00156	HG00156	-0.33436895558151153	-0.30041210241615773	-0.033956853165353816
HG00157	HG00157	-0.026128573964679713	0.08161630034446717	-0.10774487430914688
HG00158	HG00158	-0.536102390274579	-0.38702587117441	-0.149076519100169
HG00159	HG00159	-0.04943397270035066	-0.024159303307533256	-0.025274669392817407
HG00160	HG00160	0.23046686693356516	0.24265911779366434	-0.012192250860099181
HG00171	HG00171	0.09123229760639778	0.15613063464406876	-0.06489833703767098
HG00173	HG00173	-0.06086040898522201	-0.09216798446024767	0.031307575475025655
HG00174	HG00174	-0.0746864191569017	-0.08696747568785212	0.012281056530950426
HG00176	HG00176	-0.02561951675209264	0.05806452506221831	-0.08368404181431095
HG00177	HG00177	0.08651374914639912	0.026471575465984665	0.06004217368041445
HG00178	HG00178	0.05681329593028195	0.08140676224138588	-0.02459346631110393
HG00179	HG00179	-0.03512581222355769	-0.016659347340464592	-0.0184664648830931
HG00180	HG00180	-0.6607891659168426	-0.6631048430223019	0.002315677105459317
HG00181	HG00181	-0.15247022206232347	-0.10400506379082798	-0.048465158271495494
HG00182	HG00182	-0.20608116765243945	-0.13229053339455277	-0.07379063425788666
HG00183	HG00183	0.21919084687711893	0.08894009483046829	0.13025075204665065
HG00185	HG00185	0.3555604554424904	0.29911051155067975	0.05644994389181061
HG00186	HG00186	-0.7662653328950462	-0.585760898096487	-0.18050443479855913
HG00187	HG00187	0.1651634498411268	0.12132955889683217	0.043833890944294615
HG00188	HG00188	-0.10601870997476275	0.038090186667628576	-0.14410889664239132
HG00189	HG00189	0.11862515244764125	0.023342237179167558	0.0952829152684737
HG00190	HG00190	-0.1145204823055816	-0.04222224385011946	-0.07229823845546214
HG00231	HG00231	0.18427011401772464	0.1793940839590505	0.004876030058674163
HG00232	HG00232	-0.04022416780834505	0.11612905012443663	-0.15635321793278167
HG00233	HG00233	-0.20668486181730672	0.023551775282248853	-0.23023663709955558
HG00234	HG00234	0.3875788739171552	0.2717825168409152	0.11579635707623999
HG00235	HG00235	0.05085601524192958	0.12132955889683217	-0.07047354365490259
HG00236	HG00236	-0.38491441525810666	-0.2275322018074803	-0.1573822134506264
HG00237	HG00237	-0.20708140619749563	-0.25891656066407454	0.05183515446657891
HG00238	HG00238	-0.1864174389186135	-0.07992438117507844	-0.10649305774353507
HG00239	HG00239	-0.09513568581267573	-0.0998411235399544	0.004705437727278675
HG00240	HG00240	-0.2373768513504539	-0.3221815944986884	0.0848047431482345
HG00242	HG00242	-0.3308635786680959	-0.37413135503884404	0.04326777637074813
HG00243	HG00243	0.012567274851150778	-0.03971325855236501	0.05228053340351579
HG00244	HG00244	0.05622769098260031	0.08161630034446717	-0.025388609361866855
HG00245	HG00245	0.09519614166253487	0.14488133417908103	-0.049685192516546156
HG00246	HG00246	0.32705451729216956	0.20104440196882933	0.12601011532334022
HG00249	HG00249	-0.05142167439285879	-0.10791969436686487	0.05649801997400608
HG00250	HG00250	-0.24717654910183556	-0.21271277863997967	-0.034463770461855885
HG00251	HG00251	0.15017177448703067	0.07769079436548056	0.07248098012155012
HG00252	HG00252	-0.009299042657393564	-0.09570825655246151	0.08640921389506795
HG00253	HG00253	0.18054151336385016	0.14361685009207575	0.03692466327177442
HG00254	HG00254	0.275763675881711	0.11740405291784556	0.15835962296386544
HG00255	HG00255	0.20708144333999803	0.20104440196882933	0.006037041371168687
HG00256	HG00256	0.15445652178114888	0.1415854286286049	0.01287109315254397
HG00257	HG00257	-0.6049020023042521	-0.5198230749345385	-0.08507892736971358
HG00258	HG00258	-0.31542768837732427	-0.42528280436526983	0.10985511598794556
HG00259	HG00259	-0.10202512915894289	0.018610373302362856	-0.12063550246130575
HG00260	HG00260	0.0184729690077573	-0.03971325855236501	0.05818622756012231
HG00261	HG00261	0.019178449647020854	-0.06719053981360049	0.08636898946062134
HG00262	HG00262	-0.1776726121229231	-0.2759778124745935	0.09830520035167042
HG00263	HG00263	-0.005796466164100178	0.12132955889683217	-0.12712602506093235
HG00264	HG00264	0.29628560406642834	0.2963918796624057	-1.062755959773899e-4
HG00265	HG00265	-0.1985609254187093	-0.10246990961022678	-0.09609101580848249
HG00266	HG00266	-0.1335405006426732	-0.2594614312518388	0.1259209306091656
HG00267	HG00267	0.1379354882744261	0.22459617725107817	-0.08666068897665208
HG00268	HG00268	-0.013533836771366967	-0.03843825575895607	0.024904418987589102
HG00269	HG00269	0.2740438799780479	0.2826607023132965	-0.008616822335248565
HG00270	HG00270	-0.36015475532299607	-0.3108663212042302	-0.04928843411876588
HG00271	HG00271	-0.0033481160779582388	0.023551775282248853	-0.026899891360207092
HG00272	HG00272	0.08140553529081734	0.12132955889683217	-0.039924023606014825
HG00273	HG00273	-0.23584629913561014	-0.14141654814593496	-0.09442975098967518
HG00274	HG00274	0.32282864298579134	0.22150980980368334	0.10131883318210799
HG00275	HG00275	-0.1541764590140385	-0.1133060521678999	-0.0408704068461386
HG00276	HG00276	0.045444680773886054	0.06355335980188098	-0.018108679027994925
HG00277	HG00277	0.23450463565091784	0.11612905012443663	0.1183755855264812
HG00278	HG00278	-0.10278492407552192	0.05806452506221831	-0.16084944913774024
HG00280	HG00280	-0.2669572447862418	-0.03971325855236501	-0.22724398623387676
HG00281	HG00281	-0.1985719568786991	0.005488834739662676	-0.2040607916183618
HG00282	HG00282	-0.25818104568550637	-0.19338041030569003	-0.06480063537981635
HG00284	HG00284	0.004870009901034214	-0.06690221384633335	0.07177222374736757
HG00285	HG00285	-0.2365038313872591	-0.22616383020067587	-0.010340001186583228
HG00288	HG00288	-0.5838234275926881	-0.6165251637867186	0.03270173619403055
HG00290	HG00290	-0.06688416335283162	0.030875569768249976	-0.0977597331210816
HG00302	HG00302	-0.014694975031871303	-0.04883927330374717	0.034144298271875866
HG00303	HG00303	0.027934014487047493	0.023551775282248853	0.0043822392047986386
HG00304	HG00304	-0.10986733039212937	-0.007709494070149987	-0.10215783632197938
HG00306	HG00306	-0.06126114908706341	-0.14060392100363972	0.07934277191657631
HG00308	HG00308	-0.1000700637380545	-0.15023250952246597	0.05016244578441148
HG00309	HG00309	-0.055476322559764674	0.09997071280376985	-0.15544703536353452
HG00310	HG00310	-0.24754635562869653	-0.3358961393591016	0.08834978373040508
HG00311	HG00311	0.002774995187706169	0.023551775282248853	-0.020776780094542684
HG00312	HG00312	0.30446696033798926	0.12132955889683217	0.1831374014411571
HG00313	HG00313	-0.2469432022736092	-0.2646696404775139	0.01772643820390472
HG00315	HG00315	-0.3475463124689124	-0.26696224762708876	-0.08058406484182361
HG00318	HG00318	0.21834502223611496	0.023551775282248853	0.1947932469538661
HG00319	HG00319	0.1182617714441906	0.10614206620957703	0.012119705234613578
HG00320	HG00320	-0.01194313737862962	0.023551775282248853	-0.035494912660878473
HG00321	HG00321	-0.0016171733650885561	-0.10690379836596547	0.10528662500087692
HG00323	HG00323	0.16359571239894882	0.04728431615512818	0.11631139624382064
HG00324	HG00324	-0.5100114093340333	-0.4301281275227666	-0.0798832818112667
HG00325	HG00325	-0.13350123683247334	-0.21104676625691354	0.07754552942444021
HG00326	HG00326	-0.15809555750042914	0.04140517772175373	-0.19950073522218287
HG00327	HG00327	-0.05121770254199472	-0.016161483270116142	-0.035056219271878575
HG00328	HG00328	0.061638249530312945	0.023551775282248853	0.03808647424806409
HG00329	HG00329	-0.3462301573419441	-0.372051535389619	0.02582137804767487
HG00330	HG00330	-0.11609880837690324	-0.2125498346518725	0.09645102627496925
HG00331	HG00331	-0.2216294713023192	-0.17250165601726622	-0.04912781528505298
HG00332	HG00332	-0.34558566621379017	-0.3537495417986065	0.008163875584816365
HG00334	HG00334	0.004078797460476253	0.020255869731772708	-0.016177072271296455
HG00335	HG00335	-0.11130153115828853	-0.23858323809690773	0.1272817069386192
HG00336	HG00336	-0.12340856235894213	-0.051381635223515354	-0.07202692713542677
HG00337	HG00337	0.039668024974180344	-0.1144371309550479	0.15410515592922824
HG00338	HG00338	-0.3431367741029289	-0.4285029291466344	0.08536615504370548
HG00339	HG00339	0.054454587024601334	-0.02578536209184676	0.08023994911644809
HG00341	HG00341	-0.050423698748388056	-0.016161483270116142	-0.034262215478271914
HG00342	HG00342	0.13165788910991302	0.1216178848640993	0.010040004245813717
HG00343	HG00343	-0.14976949961424002	-0.1649683234281838	0.015198823813943786
HG00344	HG00344	-0.5671438517485544	-0.32156259633682205	-0.24558125541173237
HG00345	HG00345	0.1702148153496712	0.20441771389450877	-0.034202898544837566
HG00346	HG00346	-0.26378869526842164	-0.13229053339455277	-0.13149816187386887
HG00349	HG00349	-0.25790741466303746	-0.06690221384633335	-0.19100520081670413
HG00350	HG00350	0.17408122991926198	0.11612905012443663	0.057952179794825344
HG00351	HG00351	-0.8053134840267407	-0.6337957104085945	-0.17151777361814624
HG00353	HG00353	0.01051710710344797	0.050355030992068325	-0.039837923888620355
HG00355	HG00355	0.19483769279871668	0.35271252361126243	-0.15787483081254575
HG00356	HG00356	0.4588354358809774	0.2743551111547276	0.18448032472624978
HG00357	HG00357	0.11592722200121121	0.018351266509853303	0.0975759554913579
HG00358	HG00358	-0.08185933816466406	-0.04883927330374717	-0.0330200648609169
HG00359	HG00359	0.3381987568358451	0.2188586614560336	0.1193400953798115
HG00360	HG00360	-0.2080434964189038	-0.17469158400781454	-0.03335191241108927
HG00361	HG00361	-0.039735823485381655	-0.056372605892829594	0.016636782407447936
HG00362	HG00362	-0.12999184612236786	-0.08696747568785212	-0.043024370434515735
HG00364	HG00364	0.21473758787529995	0.018141728406772	0.19659585946852795
HG00365	HG00365	-0.07635367105742849	-0.13229053339455277	0.055936862337124284
HG00366	HG00366	-0.45764284835895874	-0.39349231529631645	-0.0641505330626423
HG00367	HG00367	-0.2653740395593752	-0.2606765799806453	-0.004697459578729905
HG00368	HG00368	0.17147891566689089	0.05806452506221831	0.11341439060467257
HG00369	HG00369	0.08698765378219156	0.05806452506221831	0.028923128719973254
HG00371	HG00371	-0.2351118582880353	-0.2813514737141086	0.04623961542607333
HG00372	HG00372	0.07652146644458456	-0.04166539018042388	0.11818685662500844
HG00373	HG00373	-0.0868337388553714	0.05413901908323169	-0.1409727579386031
HG00375	HG00375	-0.10207389350127248	-0.03971325855236501	-0.06236063494890747
HG00376	HG00376	-0.04215722440706051	0.023551775282248853	-0.06570899968930936
HG00377	HG00377	0.031069118428892255	-0.03971325855236501	0.07078237698125726
HG00378	HG00378	-0.46240317999554426	-0.2996105227153748	-0.16279265728016945
HG00379	HG00379	-0.20776175981426281	-0.16295008480863182	-0.044811675005631
HG00380	HG00380	-0.3392640954985699	-0.4511655342357699	0.1119014387372
HG00381	HG00381	0.002438183724139103	-0.016161483270116142	0.018599666994255245
HG00382	HG00382	0.09779717950449204	0.13400314870669972	-0.036205969202207665
HG00383	HG00383	-0.08973693105057533	-0.1144371309550479	0.024700199904472572
HG00384	HG00384	-0.10266098570089738	-0.13851781357079745	0.035856827869900076
HG00403	HG00403	-0.677937655587127	-0.679630956449546	0.0016933008624188982
HG00404	HG00404	-0.36356098409285315	-0.34003326797904454	-0.02352771611380862
HG00406	HG00406	-0.6965369737363645	-0.6574683094699868	-0.03906866426637773
HG00407	HG00407	-0.5739680475949158	-0.46191274224082013	-0.11205530535409564
HG00409	HG00409	-0.4098047547983126	-0.403572363825515	-0.006232390972797581
HG00410	HG00410	-0.7040945787371884	-0.775508757446427	0.07141417870923861
HG00419	HG00419	0.04608085286676326	-0.03122363885957747	0.07730449172634073
HG00421	HG00421	0.07082721705156433	-0.1275433417991735	0.19837055885073784
HG00422	HG00422	-0.02110940660463817	-0.10923662218265236	0.08812721557801419
HG00428	HG00428	-0.15369456874779838	-0.03843825575895607	-0.11525631298884231
HG00436	HG00436	0.1548678549496849	0.09934111237525939	0.05552674257442552
HG00437	HG00437	-0.2707704917100862	-0.29760629320517185	0.02683580149508564
HG00442	HG00442	0.18613272290269012	0.05933952785562724	0.12679319504706288
HG00443	HG00443	-0.07686125695263063	0.11397088861558582	-0.19083214556821645
HG00445	HG00445	-0.34602919467986026	-0.3939060911536216	0.04787689647376134
HG00446	HG00446	-0.5280251540366581	-0.5251777760754339	-0.0028473779612241215
HG00448	HG00448	-0.043704307024491997	-0.05377885010093453	0.010074543076442531
HG00449	HG00449	0.074295827699628	-0.011458838568069035	0.08575466626769704
HG00451	HG00451	-0.12283704175071403	-0.10170328959356993	-0.021133752157144102
HG00452	HG00452	-0.6666774540817396	-0.7138792081968859	0.04720175411514626
HG00457	HG00457	-0.28906184615887986	-0.24444186880718918	-0.0446199773516907
HG00458	HG00458	0.017120635087360996	-0.04215211628470573	0.05927275137206672
HG00463	HG00463	-0.3940866316813124	-0.5358253175683901	0.14173868588707775
HG00464	HG00464	0.27449794426290364	0.12681839363649486	0.14767955062640878
HG00472	HG00472	-0.7594886213170621	-0.7470501626376063	-0.012438458679455817
HG00473	HG00473	-0.8949328028947473	-0.718654038018547	-0.1762787648762003
HG00475	HG00475	-0.31064181757226556	-0.3108663212042302	2.2450363196461432e-4
HG00476	HG00476	-0.2284622349997662	-0.23688835171051328	0.008426116710747089
HG00478	HG00478	0.06181699560019684	0.05933952785562724	0.002477467744569607
HG00479	HG00479	-0.005519460541826893	0.05933952785562724	-0.06485898839745413
HG00500	HG00500	-0.46072083450182494	-0.35472061790758747	-0.10600021659423747
HG00513	HG00513	-0.21712562388070408	-0.15707414806820452	-0.06005147581249956
HG00524	HG00524	-0.08064816893506092	-0.18697809090372178	0.10632992196866085
HG00525	HG00525	-0.5347215199841153	-0.6737264288589359	0.1390049088748205
HG00530	HG00530	-0.6088224767366841	-0.5290226710494608	-0.0797998056872233
HG00531	HG00531	0.2858537744546794	0.1971188959898427	0.0887348784648367
HG00533	HG00533	-0.28677359046842454	-0.22706753205601124	-0.05970605841241333
HG00534	HG00534	-0.10984828420479334	-0.0963844458106905	-0.013463838394102833
HG00536	HG00536	-0.11654338013786902	-0.08495056205429136	-0.03159281808357767
HG00537	HG00537	-0.03267326522003248	0.04626036342233419	-0.07893362864236667
HG00542	HG00542	0.13346218265609208	0.05933952785562724	0.07412265480046484
HG00543	HG00543	-0.13944532822229053	-0.07864937838166952	-0.060795949840621005
HG00551	HG00551	0.20972917096845106	0.25390841825865207	-0.04417924729020099
HG00553	HG00553	0.019135176181556142	-0.009126014751382173	0.028261190932938315
HG00554	HG00554	-0.057087578050562734	-0.03971325855236501	-0.017374319498197722
HG00556	HG00556	0.02256115206432304	-0.010960974497720606	0.03352212656204365
HG00557	HG00557	-0.06482103835863355	0	-0.06482103835863355
HG00559	HG00559	-0.24218051478611952	-0.23911696211434902	-0.003063552671770489
HG00560	HG00560	0.06334804628629524	-0.009161224961280856	0.0725092712475761
HG00565	HG00565	-0.4781387451870991	-0.391033764812164	-0.08710498037493508
HG00566	HG00566	-0.1995409375914455	-0.15647870373539627	-0.04306223385604924
HG00580	HG00580	0.11714775964820014	0.1299283561762422	-0.012780596528042072
HG00581	HG00581	0.24845438918707877	0.23984551233006643	0.008608876857012341
HG00583	HG00583	0.09178274222714189	0.06326503383461386	0.028517708392528027
HG00584	HG00584	-0.17241220986777667	-0.11572256678808482	-0.05668964307969185
HG00589	HG00589	-0.13293633022969575	-0.1458825948182494	0.01294626458855365
HG00590	HG00590	-0.04738378454747015	-0.09741208800114692	0.05002830345367677
HG00592	HG00592	-0.3045507903787029	-0.06719053981360049	-0.23736025056510243
HG00593	HG00593	-0.22047323382405754	-0.2730712304823101	0.05259799665825254
HG00595	HG00595	0.12929800965457172	0.06875386857427654	0.06054414108029518
HG00596	HG00596	0.17037422699565646	0.23712048050947485	-0.06674625351381837
HG00598	HG00598	-0.5461857219227465	-0.4091181102441624	-0.13706761167858414
HG00599	HG00599	-0.40919503044740985	-0.4667707479326054	0.05757571748519558
HG00607	HG00607	-0.10362824519346547	-0.07111604579258711	-0.03251219940087836
HG00608	HG00608	-0.07595984351328841	-0.16992753450758757	0.09396769099429916
HG00610	HG00610	-0.07162656655539511	-0.17642716199625283	0.10480059544085772
HG00611	HG00611	-0.26864954050764955	-0.37014776947908107	0.10149822897143149
HG00613	HG00613	-0.17941590021061318	-0.015427021170035006	-0.16398887904057818
HG00614	HG00614	0.09529155400278311	-0.1634816751815379	0.258773229184321
HG00619	HG00619	-0.19361169583928275	-0.15636967914178965	-0.037242016697493115
HG00620	HG00620	0.04805680292216704	0.05802931485231963	-0.00997251193015259
HG00622	HG00622	-0.17302702173418086	-0.09841417867317795	-0.07461284306100291
HG00623	HG00623	0.06820554151893105	0.031116867461241732	0.03708867405768931
HG00625	HG00625	-0.3137935724967849	-0.3162745870184153	0.002481014521630385
HG00626	HG00626	0.1552081561269701	0.12653006766922772	0.02867808845774235
HG00628	HG00628	-0.06851798723853336	0.046605686494149284	-0.11512367373268265
HG00629	HG00629	-0.08390195026223542	-0.10923662218265236	0.02533467192041694
HG00631	HG00631	-0.7506270639722903	-0.8082683170214295	0.05764125304913921
HG00632	HG00632	-0.455436857568145	-0.6181358207399025	0.1626989631717575
HG00634	HG00634	-0.19405388082149366	-0.38179296308662747	0.1877390822651338
HG00637	HG00637	0.08787215498344998	0.09414060360286383	-0.006268448619413846
HG00638	HG00638	-0.03133316584848034	0.19191838721744714	-0.22325155306592748
HG00640	HG00640	0.2585235432242731	0.20104440196882933	0.05747914125544377
HG00641	HG00641	0.08531102207105234	0.12132955889683217	-0.036018536825779816
HG00650	HG00650	0.07622235322232013	-0.09221157922875137	0.1684339324510715
HG00651	HG00651	0.11374061604831662	0.09934111237525939	0.014399503673057229
HG00653	HG00653	-0.41717479576500033	-0.5201931037332397	0.10301830796823937
HG00654	HG00654	0.20600915722166208	0.13385386215522882	0.07215529506643324
HG00656	HG00656	-0.8342742743136874	-0.7984046880071982	-0.03586958630648919
HG00657	HG00657	-0.16716141829070702	-0.19799442496150735	0.030833006670800325
HG00662	HG00662	-0.13009931376347267	-0.21815262741874902	0.08805331365527634
HG00663	HG00663	0.1992923836125333	0.05933952785562724	0.13995285575690605
HG00671	HG00671	-0.18831658961540362	-0.15497485250048335	-0.03334173711492027
HG00672	HG00672	-0.24423541314561573	-0.1879769638879225	-0.05625844925769322
HG00674	HG00674	-0.7746193291548601	-0.6886594512569719	-0.08595987789788817
HG00675	HG00675	0.2234428975680633	0.12132955889683217	0.10211333867123112
HG00683	HG00683	0.11197592969838821	0.05933952785562724	0.052636401842760965
HG00684	HG00684	-0.18293214727425652	-0.10170328959356993	-0.08122885768068659
HG00689	HG00689	0.1102329715297389	0.31714756218902773	-0.20691459065928883
HG00690	HG00690	0.15934786128635375	0.12653006766922772	0.03281779361712604
HG00692	HG00692	-0.3502150975719416	-0.2541686307173222	-0.09604646685461937
HG00693	HG00693	-0.0026085845439225985	-0.2396921958308667	0.2370836112869441
HG00698	HG00698	-0.20459341758704996	-0.42554651459213344	0.22095309700508348
HG00699	HG00699	0.17446269777897622	0.05933952785562724	0.11512316992334898
HG00701	HG00701	0.059685496356778334	-0.007851011957973247	0.06753650831475158
HG00704	HG00704	-0.12798476710461199	-0.24940172657370568	0.12141695946909369
HG00705	HG00705	-0.366268368886832	-0.29393724882975225	-0.07233112005707978
HG00707	HG00707	-0.13848655172836905	-0.03843825575895607	-0.10004829596941299
HG00708	HG00708	-0.04687191343386336	-0.03451274977996946	-0.012359163653893904
HG00717	HG00717	-1.2168670060968145	-1.1285831569680014	-0.08828384912881307
HG00728	HG00728	-0.3467554767790213	-0.294139234116301	-0.05261624266272028
HG00729	HG00729	-0.07874955025664555	-0.18068367056548593	0.10193412030884037
HG00731	HG00731	0.07978729077013166	0.12132955889683217	-0.041542268126700505
HG00732	HG00732	-0.6270671095520097	-0.2504829234443605	-0.3765841861076492
HG00734	HG00734	-0.06623527324482792	-0.00933555285446347	-0.05689972039036445
HG00736	HG00736	-0.02358830365695977	-0.1649683234281838	0.14138001977122402
HG00737	HG00737	0.08932489412505984	0.018201355147175483	0.07112353897788436
HG00739	HG00739	-0.817541373334992	-0.6905887765460648	-0.12695259678892726
HG00740	HG00740	-0.5568643003376478	-0.591282115795184	0.0344178154575362
HG00742	HG00742	0.035239647123058	-0.0373373026493937	0.0725769497724517
HG00743	HG00743	0.1555421885291049	-0.003637180011719497	0.1591793685408244
HG00759	HG00759	-0.6566886853714033	-0.45819677436491485	-0.19849191100648853
HG00766	HG00766	-0.41812950600560456	-0.5352492518314278	0.11711974582582324
HG00844	HG00844	0.16894434978185224	0.12653006766922772	0.04241428211262451
HG00851	HG00851	-0.2531788662120763	-0.22755543529056016	-0.02562343092151614
HG00864	HG00864	-0.9694067376431827	-0.9792384302942083	0.009831692651025589
HG00867	HG00867	-0.5400612710335431	-0.39472220242721967	-0.14533906860632337
HG00879	HG00879	0.006858266641150634	-0.09221157922875137	0.099069845869902
HG00881	HG00881	-0.0684537460236036	0.05830582275521007	-0.12675956877881367
HG00956	HG00956	-0.21369318569148515	-0.3698625590074808	0.15616937331599562
HG00978	HG00978	-0.19277560689339998	-0.13592895284527917	-0.056846654048120816
HG00982	HG00982	0.17540799027705378	0.028752284054644403	0.1466557062224094
HG01028	HG01028	0.21000552638679004	0.11740405291784556	0.09260147346894448
HG01029	HG01029	-0.07191894898438664	0.046605686494149284	-0.11852463547853592
HG01031	HG01031	-0.20102334394027319	-0.2623804114293307	0.06135706748905753
HG01046	HG01046	-0.3608282332214325	-0.18048504634061832	-0.18034318688081416
HG01047	HG01047	0.2087177987320805	0.12132955889683217	0.08738823983524832
HG01048	HG01048	0.31382978182036864	0.3223739608656615	-0.008544179045292864
HG01049	HG01049	-0.2539113935219754	-0.15196747705340385	-0.10194391646857155
HG01051	HG01051	-0.5579482840766425	-0.5876063623931258	0.02965807831648322
HG01052	HG01052	-0.3053686751572002	-0.3216980429366231	0.016329367779422913
HG01054	HG01054	0.1213916110058002	0.019626269303262243	0.10176534170253795
HG01055	HG01055	-0.023338527120216737	-0.03472228788305076	0.011383760762834027
HG01058	HG01058	-0.03181351770541497	-0.07942651710473002	0.04761299939931505
HG01060	HG01060	0.12530041679092588	0.05806452506221831	0.06723589172870757
HG01061	HG01061	-0.28747712417929994	-0.34267048821784557	0.055193364038545606
HG01063	HG01063	0.1762542020492798	0.16133114341646432	0.014923058632815478
HG01064	HG01064	-0.3387254502595259	-0.40676011878531426	0.06803466852578839
HG01066	HG01066	0.15455960381283962	0.11612905012443663	0.03843055368840301
HG01067	HG01067	-0.07647354704983936	0.019626269303262243	-0.0960998163531016
HG01069	HG01069	-0.10706859648410215	-0.03451274977996946	-0.07255584670413269
HG01070	HG01070	-0.2602637736039258	-0.2785928272409365	0.018329053637010716
HG01072	HG01072	0.018208952764917602	0.12132955889683217	-0.10312060613191457
HG01073	HG01073	0.24753988475106364	0.21939566847868264	0.028144216272381006
HG01075	HG01075	0.134736724281042	0.1491187612176873	-0.01438203693664531
HG01077	HG01077	0.10703025035988542	0.13777936813421546	-0.030749117774330044
HG01079	HG01079	-0.150402343263426	-0.09464061476755886	-0.055761728495867136
HG01080	HG01080	-0.3654327101982995	-0.1340927536599338	-0.23133995653836564
HG01082	HG01082	-0.08414047214164178	-0.14711492098867893	0.06297444884703715
HG01083	HG01083	0.295592743521255	0.15410973188700156	0.14148301163425342
HG01085	HG01085	-0.1885839333205435	-0.3209920135617722	0.13240808024122872
HG01086	HG01086	0.005871381055852887	0.16133114341646432	-0.15545976236061143
HG01088	HG01088	-0.03554138823546684	-0.04883927330374717	0.01329788506828033
HG01089	HG01089	-0.37811302534410157	-0.2152325108880177	-0.16288051445608387
HG01092	HG01092	0.05700891221628093	-0.05117209712043405	0.10818100933671498
HG01094	HG01094	-0.09857600817126458	0.030875569768249976	-0.12945157793951456
HG01095	HG01095	-0.8110242635496816	-1.011921061744215	0.20089679819453338
HG01097	HG01097	0.010420151089502089	0.18459459273144604	-0.17417444164194396
HG01098	HG01098	0.06279578518111922	0	0.06279578518111922
HG01101	HG01101	-0.273902839860701	-0.45447212789324104	0.18056928803254002
HG01102	HG01102	-0.21769653234362976	-0.14711492098867893	-0.07058161135495084
HG01104	HG01104	0.4967538333234816	0.43935538186924533	0.05739845145423629
HG01105	HG01105	0.2621445147238153	0.1491187612176873	0.11302575350612798
HG01107	HG01107	-0.10599210905620263	-0.11163582527078691	0.00564371621458429
HG01108	HG01108	-0.23466573007440023	-0.21608729718718678	-0.018578432887213447
HG01110	HG01110	0.29036167875269714	0.1346478104242124	0.15571386832848474
HG01111	HG01111	0.039463616565017456	-0.10711333646904678	0.14657695303406423
HG01112	HG01112	0.38401832405696573	0.11612905012443663	0.2678892739325291
HG01113	HG01113	0.48885152655517494	0.4290699630859308	0.059781563469244105
HG01119	HG01119	0.27225634952572225	0.1574056374374777	0.11485071208824456
HG01121	HG01121	-0.05954278010304412	-0.18682817954104392	0.1272853994379998
HG01122	HG01122	0.08956395046010168	0.19191838721744714	-0.10235443675734546
HG01124	HG01124	-0.24005786565423126	0.023342237179167558	-0.2634001028333988
HG01125	HG01125	-0.11019636228693146	-0.1672142595751211	0.05701789728818964
HG01130	HG01130	-0.2337369021792955	-0.35452885761624203	0.12079195543694654
HG01131	HG01131	-0.20671171032960864	-0.13438107962720097	-0.07233063070240767
HG01133	HG01133	0.32598030627474073	0.18459459273144604	0.14138571354329468
HG01134	HG01134	-0.010526857743819423	-0.05658214399591088	0.04605528625209146
HG01136	HG01136	0.05422768676809217	-0.07766827655723318	0.13189596332532535
HG01137	HG01137	0.006065483924835507	0.019416731200180948	-0.013351247275345441
HG01139	HG01139	0.20710620335811164	0.15613063464406876	0.050975568714042865
HG01140	HG01140	-0.39749598270221465	-0.2694689247524366	-0.128027057949778
HG01142	HG01142	-0.11308803195928516	-0.08384988715406508	-0.029238144805220086
HG01148	HG01148	0.19343476206712543	0.23531300598743837	-0.04187824392031295
HG01149	HG01149	-0.06943157413627044	-0.027188955293968337	-0.0422426188423021
HG01161	HG01161	-0.4197676778834979	-0.20560579502489418	-0.21416188285860374
HG01162	HG01162	-0.0528757222781878	-0.04363876453135162	-0.009236957746836178
HG01164	HG01164	-0.3014998158980288	-0.3628354280197527	0.06133561212172387
HG01167	HG01167	-0.031334375631334475	0.05413901908323169	-0.08547339471456616
HG01168	HG01168	-0.42993658127745266	-0.37768110206816347	-0.05225547920928919
HG01170	HG01170	-0.017084685455933113	-0.10711333646904678	0.09002865101311366
HG01171	HG01171	0.23648360604326685	0.24265911779366434	-0.006175511750397498
HG01173	HG01173	0.41226840025551253	0.38284095322014766	0.02942744703536488
HG01174	HG01174	0.020812664373405954	-0.003925505978986624	0.024738170352392577
HG01176	HG01176	0.21645133291803148	0.1793940839590505	0.03705724895898098
HG01177	HG01177	-0.1307436741435683	-0.2101818035356701	0.07943812939210178
HG01182	HG01182	-0.9067574821351954	-0.9078782348276582	0.0011207526924627577
HG01183	HG01183	-0.04086142984581754	-0.00413504408206794	-0.0367263857637496
HG01187	HG01187	-1.0948529597304764	-0.9443797221872956	-0.15047323754318065
HG01188	HG01188	-0.43618445491203167	-0.4658766789594665	0.02969222404743481
HG01190	HG01190	-0.01853696242076147	-0.07992438117507844	0.06138741875431697
HG01191	HG01191	0.005648250321934424	-0.04883927330374717	0.05448752362568159
HG01197	HG01197	-0.5184722221231807	-0.38773416690528395	-0.13073805521789672
HG01198	HG01198	0.17397701962745063	0.05392948098015038	0.12004753864730025
HG01200	HG01200	-0.24723928461772054	-0.1144371309550479	-0.13280215366267265
HG01204	HG01204	-0.2141231615426743	-0.08335202308371666	-0.13077113845895766
HG01205	HG01205	-0.2546439712713159	-0.38020083431620155	0.12555686304488564
HG01241	HG01241	-0.8690114764227007	-0.8030778178246691	-0.06593365859803156
HG01242	HG01242	-0.6444571329219929	-0.4843575703445822	-0.16009956257741068
HG01247	HG01247	-0.14288970921614488	-0.10690379836596547	-0.0359859108501794
HG01248	HG01248	0.1009265052411917	0.05806452506221831	0.042861980178973386
HG01250	HG01250	-0.10464230029995691	-0.1649683234281838	0.06032602312822688
HG01251	HG01251	-0.0029498838983931398	-0.009126014751382173	0.006176130852989034
HG01253	HG01253	-0.3248055568618102	-0.26053263784851877	-0.0642729190132914
HG01254	HG01254	-0.31890793171684273	-0.24460360314697027	-0.07430432856987244
HG01256	HG01256	-0.11171228793077889	-0.12356314570643007	0.01185085777565117
HG01257	HG01257	0.07494254635211628	0.023551775282248853	0.05139077106986742
HG01259	HG01259	0.06412018633476783	-0.07317938571795819	0.13729957205272603
HG01260	HG01260	-0.2520402106484795	-0.3019019301398657	0.04986171949138621
HG01269	HG01269	0.06094708560280238	0.05000397500116377	0.010943110601638613
HG01271	HG01271	-0.027171455974395388	-0.08384988715406508	0.05667843117966969
HG01272	HG01272	-0.03735083822496791	-0.08120129532917635	0.043850457104208436
HG01275	HG01275	-0.09956811152870401	-0.009126014751382173	-0.09044209677732185
HG01277	HG01277	-0.1586755810695201	0.023551775282248853	-0.18222735635176895
HG01280	HG01280	-0.08071724285735159	0.018351266509853303	-0.09906850936720489
HG01281	HG01281	-0.22311020802968243	-0.20538898415397855	-0.01772122387570389
HG01284	HG01284	-0.8871926206851009	-0.8592107251344714	-0.02798189555062941
HG01286	HG01286	-0.09780866814419735	-0.12992284591309725	0.032114177768899896
HG01302	HG01302	-0.12623172746045028	-0.08741537262778726	-0.03881635483266302
HG01303	HG01303	-0.053835809083588405	-0.03182343111839148	-0.022012377965196922
HG01305	HG01305	-0.33439660130748816	-0.27990331845358013	-0.05449328285390801
HG01308	HG01308	-0.8333452274754216	-1.0056560184422414	0.17231079096681975
HG01311	HG01311	-0.7784873160256662	-0.7354552235454319	-0.04303209248023433
HG01312	HG01312	-0.12360520070403623	-0.027188955293968337	-0.0964162454100679
HG01323	HG01323	-0.0016889326236279312	-0.08384988715406508	0.08216095453043715
HG01325	HG01325	-0.8458072280704582	-0.7106981845223345	-0.13510904354812367
HG01326	HG01326	0.05482649815023023	0.10873443392338225	-0.05390793577315202
HG01334	HG01334	-0.3457295631574979	-0.22193189538083974	-0.12379766777665818
HG01341	HG01341	-0.30200662736939676	-0.34267048821784557	0.04066386084844878
HG01342	HG01342	0.11940310372442428	-0.015559589909389653	0.13496269363381394
HG01344	HG01344	-0.09157758056587323	-0.08384988715406508	-0.007727693411808144
HG01345	HG01345	-0.3694954356582189	-0.3163603456070414	-0.053135090051177516
HG01348	HG01348	-1.099687793439888	-0.993652913114056	-0.10603488032583207
HG01350	HG01350	-0.0709311276356844	-0.19948107320815328	0.12854994557246888
HG01351	HG01351	0.22617519277309306	0.21667703659040857	0.009498156182684493
HG01353	HG01353	-0.08789808649529902	-0.10690379836596547	0.01900571187066645
HG01354	HG01354	-0.014464750383680718	0.05806452506221831	-0.07252927544589903
HG01356	HG01356	-0.006242478295951148	0.0902150976238772	-0.09645757591982834
HG01357	HG01357	0.17728261960594566	0.13385386215522882	0.04342875745071685
HG01359	HG01359	-0.11225108135001031	-0.17435545783955597	0.06210437648954566
HG01360	HG01360	0.20041267119618933	0.3117242622654885	-0.11131159106929918
HG01362	HG01362	0.09645558786643128	0.014216222427785391	0.08223936543864589
HG01363	HG01363	-0.04782510200126012	-0.020584853319451202	-0.027240248681808917
HG01365	HG01365	-0.12497488806071848	-0.05117209712043405	-0.07380279094028443
HG01366	HG01366	0.08156990130656437	0.040001584519632136	0.041568316786932236
HG01369	HG01369	-0.06453002587186565	0.04893851031083614	-0.11346853618270179
HG01372	HG01372	-0.3218802359752129	-0.22181290357839317	-0.10006733239681974
HG01374	HG01374	-0.10538672888266659	-0.2622718696249649	0.1568851407422983
HG01375	HG01375	-0.09531161793139588	-0.18305258492473514	0.08774096699333926
HG01377	HG01377	-0.3844018616750233	-0.34211938059888786	-0.0422824810761355
HG01378	HG01378	0.3202441956839813	0.4549528202274814	-0.13470862454350008
HG01383	HG01383	-0.10263490979265147	0.04140517772175373	-0.1440400875144052
HG01384	HG01384	0.3154284491086185	0.24265911779366434	0.07276933131495417
HG01389	HG01389	0.07112936738933508	0.05806452506221831	0.013064842327116766
HG01390	HG01390	-0.001664106739206167	0.15613063464406876	-0.15779474138327493
HG01392	HG01392	0.20467851365505757	0.1793940839590505	0.025284429696007072
HG01393	HG01393	-0.33974109922787193	-0.3588080673012882	0.019066968073416266
HG01395	HG01395	-0.22988199833196676	-0.17770216478966178	-0.05217983354230499
HG01396	HG01396	-0.09446452196988128	-0.3020673973136581	0.20760287534377683
HG01398	HG01398	-0.5546702867470766	-0.5068522112909704	-0.04781807545610631
HG01402	HG01402	0.183134516917259	0.34049950632033865	-0.15736498940307966
HG01403	HG01403	0.3583596873656194	0.29911051155067975	0.05924917581493963
HG01405	HG01405	0.07525681151574332	0.15861251152819025	-0.08335570001244694
HG01412	HG01412	-0.11360859571496834	-0.07422600833233445	-0.039382587382633893
HG01413	HG01413	0.2307878133842764	0.29911051155067975	-0.06832269816640334
HG01414	HG01414	-0.2726411719313006	-0.24489270460326223	-0.027748467328038352
HG01431	HG01431	-0.13168508852475264	-0.08384988715406508	-0.04783520137068757
HG01432	HG01432	0.0694832111212642	0.1286533533828333	-0.059170142261569095
HG01435	HG01435	-0.866662132079062	-0.7489697466138752	-0.11769238546518682
HG01437	HG01437	0.3464900781606568	0.25390841825865207	0.09258165990200473
HG01438	HG01438	-0.47978506727097164	-0.49339138687355444	0.013606319602582803
HG01440	HG01440	-0.42639129266662695	-0.39406102586850755	-0.03233026679811938
HG01441	HG01441	0.11327625578053266	-0.1356782699702308	0.24895452575076346
HG01443	HG01443	0.07880935365420273	0.05413901908323169	0.024670334570971047
HG01444	HG01444	0.045671255303563835	0.12132955889683217	-0.07565830359326833
HG01447	HG01447	0.44883008321626267	0.29911051155067975	0.14971957166558292
HG01455	HG01455	-0.5208808406476603	-0.5892269553442019	0.06834611469654164
HG01456	HG01456	-0.17293433018931725	-0.27322384378639986	0.1002895135970826
HG01459	HG01459	0.07002862489217776	0.018351266509853303	0.05167735838232445
HG01461	HG01461	0.04392714568098831	0.06355335980188098	-0.019626214120892674
HG01462	HG01462	-0.10498713541772198	-0.14711492098867893	0.04212778557095695
HG01464	HG01464	-0.04266333601301571	-0.02578536209184676	-0.016877973921168955
HG01465	HG01465	0.010562270077216648	0.05806452506221831	-0.047502254985001664
HG01468	HG01468	0.18679611473419816	0.24265911779366434	-0.05586300305946617
HG01471	HG01471	0.08483455913774623	-0.014256880048196752	0.09909143918594299
HG01474	HG01474	0.11182987034153508	0.11612905012443663	-0.004299179782901547
HG01479	HG01479	0.14468642222893668	-0.021859856112860135	0.1665462783417968
HG01485	HG01485	-0.09429382985966389	-0.06719053981360049	-0.027103290046063405
HG01486	HG01486	0.3828912982580032	0.12132955889683217	0.26156173936117105
HG01488	HG01488	-0.5714966159912526	-0.6004926372319459	0.028996021240693382
HG01489	HG01489	0.1868138797789457	0.18854598852340132	-0.0017321087444556215
HG01491	HG01491	-0.08333825249880104	-0.03959637109655885	-0.043741881402242194
HG01492	HG01492	-0.13035193975800902	-0.17040740646189073	0.04005546670388173
HG01494	HG01494	0.31263970577394384	0.1286533533828333	0.18398635239111052
HG01495	HG01495	-0.1645533900692734	-0.16889382940717046	0.004340439337897064
HG01497	HG01497	-0.2686400276336778	-0.43919689569156617	0.1705568680578884
HG01498	HG01498	-0.2042767838306877	-0.2357666898518801	0.0314899060211924
HG01500	HG01500	-0.5162763513224999	-0.5892269553442019	0.072950604021702
HG01501	HG01501	0.08459688647828596	0.01661868972005323	0.06797819675823273
HG01503	HG01503	-0.1925772520972797	-0.14060392100363972	-0.05197333109363997
HG01504	HG01504	0.2268568416024076	0.1793940839590505	0.04746275764335711
HG01506	HG01506	0.24123579853616178	0.15410973188700156	0.08712606664916023
HG01507	HG01507	-0.14612938683460203	-0.04648934418801216	-0.09964004264658985
HG01509	HG01509	-0.04552745497528496	-0.10090876532485708	0.055381310349572124
HG01510	HG01510	-0.42538847934896995	-0.2957145316817332	-0.12967394766723678
HG01512	HG01512	0.23554173835853928	0.05491058280458672	0.18063115555395257
HG01513	HG01513	-0.26302933573453635	-0.3649918227650924	0.10196248703055605
HG01515	HG01515	0.2958133148367625	0.11612905012443663	0.17968426471232588
HG01516	HG01516	0.01163122744888423	0.11612905012443663	-0.1044978226755524
HG01518	HG01518	0.1266568931427543	0.1793940839590505	-0.05273719081629618
HG01519	HG01519	-0.08062121823045643	-0.04883927330374717	-0.031781944926709264
HG01521	HG01521	-0.2012089444105422	-0.09581385009223593	-0.10539509431830628
HG01522	HG01522	-9.20209126585702e-5	-0.013275778223760408	0.013183757311101838
HG01524	HG01524	-0.07149965916801956	-0.22367526635252877	0.1521756071845092
HG01525	HG01525	0.14711679503524347	0.12132955889683217	0.0257872361384113
HG01527	HG01527	0.027506621123002506	0.1119940060423687	-0.08448738491936619
HG01528	HG01528	-0.3452382545702722	-0.2396921958308667	-0.10554605873940547
HG01530	HG01530	-0.03295714141309264	-0.046861719561275106	0.013904578148182465
HG01531	HG01531	-0.2740440305297184	-0.3286521824309602	0.054608151901241866
HG01536	HG01536	-0.4248698433860321	-0.3218265281058848	-0.10304331528014732
HG01537	HG01537	0.18175357785980603	0.19584389319643378	-0.014090315336627739
HG01550	HG01550	-0.6688946672167556	-0.8636952035361901	0.19480053631943453
HG01551	HG01551	-0.3645592602138785	-0.20517944605089725	-0.15937981416298128
HG01556	HG01556	0.18892537151912792	0.04843966286862272	0.1404857086505052
HG01565	HG01565	-0.10946662280809712	-0.10923662218265236	-2.3000062544475733e-4
HG01566	HG01566	-0.12054998353508553	-0.15104042696766556	0.030490443432580033
HG01571	HG01571	-0.15537019541002595	-0.2475077193696052	0.09213752395957926
HG01572	HG01572	-0.3410634914346062	-0.35322141712531446	0.012157925690708282
HG01577	HG01577	0.03405700837034264	-0.003925505978986624	0.03798251434932926
HG01578	HG01578	-0.033427353846217644	-0.20049696920905263	0.167069615362835
HG01583	HG01583	-0.4036984739790156	-0.3805676742610522	-0.02313079971796338
HG01586	HG01586	0.04156726561217314	0.12132955889683217	-0.07976229328465903
HG01589	HG01589	-0.4848846413510981	-0.5071044318105561	0.022219790459457975
HG01593	HG01593	0.09464544416317794	0.05806452506221831	0.03658091910095962
HG01595	HG01595	-0.3655577865850912	-0.2635951162988786	-0.10196267028621259
HG01596	HG01596	-0.15599668161160765	-0.22243146076798442	0.06643477915637677
HG01597	HG01597	0.11985420446549769	0.050213513104245065	0.06964069136125262
HG01598	HG01598	0.6541736295672781	0.5093575447681359	0.1448160847991422
HG01599	HG01599	0.07950944400935245	0.05933952785562724	0.020169916153725216
HG01600	HG01600	-0.409498323230987	-0.3956405384233222	-0.013857784807664836
HG01602	HG01602	0.3388306928632952	0.317173452093266	0.021657240770029212
HG01603	HG01603	0.29679538664619	0.12132955889683217	0.1754658277493578
HG01605	HG01605	-0.03523656438554736	-0.04883927330374717	0.013602708918199808
HG01606	HG01606	0.06114605930725557	0.03294509683037175	0.02820096247688382
HG01607	HG01607	-0.37768109196020827	-0.23865555378142744	-0.13902553817878086
HG01608	HG01608	0.2320749200717761	0.25910892703104765	-0.027034006959271547
HG01610	HG01610	-0.1308407338293769	-0.11984717783052476	-0.010993555998852132
HG01612	HG01612	0.18094654240149904	0.12132955889683217	0.05961698350466687
HG01613	HG01613	0.24074178055907514	0.16653165218885985	0.07421012837021529
HG01615	HG01615	-0.045462717805679315	-0.07427646261639897	0.02881374481071966
HG01617	HG01617	0.1322886905846906	0.25910892703104765	-0.12682023644635707
HG01618	HG01618	0.3174593439410707	0.12132955889683217	0.19612978504423856
HG01619	HG01619	0.17235981973526535	0.023551775282248853	0.14880804445301649
HG01620	HG01620	-0.09205202515654136	-0.1552335506305098	0.06318152547396845
HG01623	HG01623	0.08810264107893256	0.19584389319643378	-0.10774125211750121
HG01624	HG01624	-0.27590277977207844	-0.340084994211793	0.06418221443971457
HG01625	HG01625	-0.010242591249408593	-0.03451274977996946	0.024270158530560866
HG01626	HG01626	0.35576236420272234	0.1793940839590505	0.17636828024367185
HG01628	HG01628	-0.1392794358363876	-0.03971325855236501	-0.0995661772840226
HG01630	HG01630	0.03414396294512956	-0.07422600833233445	0.108369971277464
HG01631	HG01631	-0.5954869159302789	-0.5220364155306014	-0.07345050039967753
HG01632	HG01632	0.07320893943424103	0.09806610958185044	-0.02485717014760941
HG01668	HG01668	0.29509591808266206	0.19584389319643378	0.09925202488622828
HG01669	HG01669	0.2969774187499677	0.17546857798006388	0.12150884076990383
HG01670	HG01670	-0.07689014751056056	-0.13749104216694832	0.060600894656387766
HG01672	HG01672	0.05908659239793013	0.03294509683037175	0.026141495567558373
HG01673	HG01673	0.1418192165964159	0.1793940839590505	-0.037574867362634615
HG01675	HG01675	0.008154757608438402	-0.03764373149024321	0.04579848909868161
HG01676	HG01676	-0.045804603661217996	-0.03451274977996946	-0.011291853881248535
HG01678	HG01678	-0.27777384407903816	-0.2357666898518801	-0.04200715422715803
HG01679	HG01679	0.23175650276062199	0.25910892703104765	-0.027352424270425682
HG01680	HG01680	-0.1874408579733141	-0.029103651817422374	-0.15833720615589172
HG01682	HG01682	0.053047648727826746	0.11612905012443663	-0.06308140139660988
HG01684	HG01684	0.18724641872186656	0.16133114341646432	0.025915275305402236
HG01685	HG01685	-0.2606044217092742	-0.18682817954104392	-0.07377624216823031
HG01686	HG01686	-0.33528159659441964	-0.25158217184944076	-0.08369942474497888
HG01694	HG01694	-0.33025333917738453	-0.18183988522319117	-0.14841345395419336
HG01695	HG01695	-1.3891882877967383	-1.304415404442465	-0.0847728833542734
HG01697	HG01697	-0.36529499154223855	-0.1547356865601614	-0.21055930498207714
HG01699	HG01699	0.15421113037973583	0.1354482862749137	0.01876284410482211
HG01700	HG01700	-0.3452070286107621	-0.24358221339061858	-0.10162481522014351
HG01702	HG01702	0.21672857020957237	0.018351266509853303	0.19837730369971907
HG01704	HG01704	-0.035159932055592286	-0.1027191855944693	0.06755925353887701
HG01705	HG01705	-0.5026750552371223	-0.5180254876951221	0.015350432457999883
HG01707	HG01707	-0.22980431543406202	-0.2621393150542862	0.032334999620224215
HG01708	HG01708	-0.031483221646542714	-0.12356314570643007	0.09207992405988735
HG01709	HG01709	0.013332474334608935	0.12132955889683217	-0.10799708456222323
HG01710	HG01710	0.44234546847119505	0.22459617725107817	0.21774929122011688
HG01746	HG01746	0.09253546523672962	0.21547016249969603	-0.12293469726296641
HG01747	HG01747	-0.7680419695233905	-0.7878109426964075	0.01976897317301694
HG01756	HG01756	0.11207861266290362	0.12132955889683217	-0.009250946233928548
HG01757	HG01757	0.07616234509921876	0.09806610958185044	-0.021903764482631677
HG01761	HG01761	-0.7310879540630291	-0.7756565078219865	0.04456855375895741
HG01762	HG01762	0.1622355371112318	0.11591951202135531	0.04631602508987648
HG01765	HG01765	0.10497048504744323	0.040001584519632136	0.0649689005278111
HG01766	HG01766	0.04444285635678121	0.06072053851094099	-0.016277682154159777
HG01767	HG01767	-0.11971506840656863	-0.21665101394755765	0.09693594554098901
HG01768	HG01768	-0.10105074178234058	0.05785498695913702	-0.1589057287414776
HG01770	HG01770	-0.45975543642429917	-0.4445789295004216	-0.015176506923877545
HG01771	HG01771	-0.10553376574502636	-0.09236868565203622	-0.013165080092990143
HG01773	HG01773	0.06935576719589648	-0.021859856112860135	0.09121562330875661
HG01775	HG01775	-0.6894910299756266	-0.7241324595175684	0.0346414295419418
HG01776	HG01776	0.22383150177213954	0.2645977617707103	-0.04076625999857079
HG01777	HG01777	-0.050604093238238584	-0.016659347340464592	-0.03394474589777399
HG01779	HG01779	0.17194892391337158	0.04823969730641692	0.12370922660695467
HG01781	HG01781	0.29879090453425283	0.16133114341646432	0.13745976111778854
HG01783	HG01783	0.09106936394508056	0.11832197931362315	-0.0272526153685426
HG01784	HG01784	0.2707295639031963	0.21939566847868264	0.05133389542451368
HG01785	HG01785	0.06602963107391385	0.023551775282248853	0.04247785579166499
HG01786	HG01786	0.0736095741910577	0.047103550564497706	0.026506023626559988
HG01789	HG01789	-0.08718254939708936	-0.05870079745072872	-0.028481751946360646
HG01790	HG01790	-0.41617786896879827	-0.23204165964853024	-0.18413620932026803
HG01791	HG01791	0.18242165139690858	0.12653006766922772	0.05589158372768084
HG01794	HG01794	-0.7054684337920003	-0.6556333497236484	-0.04983508406835195
HG01795	HG01795	-0.4648529329950228	-0.3949920373270288	-0.06986089566799397
HG01796	HG01796	0.019102163115121307	-0.1185489919735119	0.1376511550886332
HG01797	HG01797	-0.24466695655254217	-0.07111604579258711	-0.17355091075995507
HG01798	HG01798	-0.6474878082327811	-0.7564437262318098	0.1089559179990287
HG01799	HG01799	-0.0658456161980158	-0.10562879557255658	0.039783179374540796
HG01800	HG01800	-0.5073659000756132	-0.5032422853633762	-0.00412361471223696
HG01801	HG01801	-0.408371126298158	-0.4819005920551717	0.07352946575701368
HG01802	HG01802	-0.2610533964615983	-0.20251366610173133	-0.05853973035986698
HG01804	HG01804	-0.4863960144677731	-0.5258119028909133	0.0394158884231402
HG01805	HG01805	-0.21013686607411994	-0.14520307846833017	-0.06493378760578977
HG01806	HG01806	-0.4004105111074885	-0.4658493568073027	0.0654388456998142
HG01807	HG01807	-0.47374044540364	-0.4889519480755553	0.01521150267191527
HG01808	HG01808	-0.019587396882623426	0.06134253714617807	-0.0809299340288015
HG01809	HG01809	0.17947697294586124	0.17546857798006388	0.0040083949657973685
HG01810	HG01810	-0.43607076408548595	-0.4247136455178261	-0.011357118567659837
HG01811	HG01811	-0.5428606679834377	-0.701392702610232	0.1585320346267943
HG01812	HG01812	-0.014850161620037605	-0.10923662218265236	0.09438646056261475
HG01813	HG01813	0.12936082267866736	-0.016659347340464592	0.14602017001913195
HG01815	HG01815	-0.1812797990087673	-0.18635400597238924	0.005074206963621929
HG01816	HG01816	-0.1226697718978644	-0.12279882302973422	1.2905113186981512e-4
HG01817	HG01817	0.12272281524372178	0.13342298120260235	-0.01070016595888057
HG01840	HG01840	-0.4292260541437077	-0.5543730583274737	0.12514700418376606
HG01841	HG01841	-0.9518967359766631	-0.8326794691383839	-0.11921726683827927
HG01842	HG01842	-0.3150671226899338	-0.43011706774123015	0.11504994505129634
HG01843	HG01843	-0.5955058484990243	-0.5345447120871395	-0.06096113641188488
HG01844	HG01844	-0.2525199679385548	-0.3846030364045873	0.13208306846603254
HG01845	HG01845	0.08792520003628057	0.2643094358034432	-0.1763842357671626
HG01846	HG01846	-0.22711455849901363	-0.18367192291188988	-0.04344263558712376
HG01847	HG01847	0.0769754923780999	-0.00806055006105455	0.08503604243915446
HG01848	HG01848	0.21295426664826564	0.0902150976238772	0.12273916902438844
HG01849	HG01849	0.15268124060913138	0.04893851031083614	0.10374273029829524
HG01850	HG01850	0.060058352847979536	-0.04756427051033827	0.1076226233583178
HG01851	HG01851	-0.4079155994048137	-0.48500501692760745	0.07708941752279376
HG01852	HG01852	-0.9265782434966142	-0.8892092476747929	-0.03736899582182132
HG01853	HG01853	0.07617879746034423	0.11740405291784556	-0.04122525545750134
HG01855	HG01855	-0.18475021636023484	-0.16390349734574558	-0.020846719014489253
HG01857	HG01857	-0.3678426490744453	-0.3375946050509811	-0.03024804402346423
HG01858	HG01858	-0.22147399196207165	-0.18854376788949595	-0.032930224072575696
HG01859	HG01859	0.0900235284033293	0.05933952785562724	0.030684000547702067
HG01860	HG01860	-0.40541434773798884	-0.23494174479274083	-0.17047260294524802
HG01861	HG01861	-0.49111310914791345	-0.4458058356214315	-0.04530727352648193
HG01862	HG01862	-0.915528628822269	-0.8711278767848969	-0.0444007520373722
HG01863	HG01863	-0.07129149639646194	-0.0747238724026829	0.0034323760062209504
HG01864	HG01864	0.008176705105186158	-0.07111604579258711	0.07929275089777327
HG01865	HG01865	-0.27907025113546957	-0.14191441221628337	-0.1371558389191862
HG01866	HG01866	-0.45895480516080717	-0.2731941528618336	-0.1857606522989736
HG01867	HG01867	-0.30804399696150464	-0.24471837671007965	-0.06332562025142502
HG01868	HG01868	-0.7044515419275069	-0.5431266072206199	-0.16132493470688702
HG01869	HG01869	-0.2982873898206	-0.22948822256876153	-0.06879916725183848
HG01870	HG01870	-0.22514193524806145	-0.22576429937034845	6.223641222870107e-4
HG01871	HG01871	-0.019965222945219182	-0.03472228788305076	0.01475706493783158
HG01872	HG01872	0.13790314009230129	0.06326503383461386	0.07463810625768742
HG01873	HG01873	-0.2111776729154517	-0.07111604579258711	-0.14006162712286457
HG01874	HG01874	-0.5005703557833449	-0.47027758758049454	-0.03029276820285027
HG01878	HG01878	0.2164321629463724	0.13385386215522882	0.0825783007911436
HG01879	HG01879	-0.24832753841222302	-0.2942274977530935	0.045899959340870454
HG01880	HG01880	0.42380879121549825	0.3042296940227971	0.11957909719270116
HG01882	HG01882	-0.3545624655596682	-0.461139371059835	0.1065769055001668
HG01883	HG01883	0.08467970050702754	0.06666332234162835	0.01801637816539919
HG01885	HG01885	-0.22618042681715006	-0.14711492098867893	-0.07906550582847112
HG01886	HG01886	-0.28258785732614594	-0.1673397538028657	-0.11524810352328026
HG01889	HG01889	-0.12038749711809477	0.12971881807316088	-0.25010631519125565
HG01890	HG01890	-0.3611772342366772	-0.3057906712056139	-0.05538656303106332
HG01892	HG01892	-0.011156566998808709	0.023551775282248853	-0.03470834228105756
HG01893	HG01893	0.03642706102889072	0.014425760530866694	0.02200130049802403
HG01894	HG01894	-0.3412093166048712	-0.34868470663204787	0.007475390027176652
HG01896	HG01896	-0.4694201466117515	-0.5574560712673702	0.08803592465561867
HG01912	HG01912	-1.1557519725039684	-1.195835644286126	0.040083671782157486
HG01914	HG01914	-0.17640552033152274	-0.07132558389566841	-0.10507993643585434
HG01915	HG01915	-0.5602335319414301	-0.5666008423276827	0.006367310386252649
HG01917	HG01917	-0.11706828640242428	-0.37014776947908107	0.2530794830766568
HG01918	HG01918	-0.50318319573674275	-0.41671975725049853	-0.0864634384862442
HG01920	HG01920	-0.46589409556609573	-0.343168352288194	-0.12272574327790178
HG01921	HG01921	0.005566318755908496	0.05413901908323169	-0.04857270032732319
HG01923	HG01923	-0.12135738938255482	-0.09777778361458332	-0.023579605767971495
HG01924	HG01924	-0.8717442926767085	-0.7980462149600498	-0.0736980777166587
HG01926	HG01926	-0.19998562193495678	-0.2396921958308667	0.039706573895909925
HG01927	HG01927	-0.329959485264298	-0.3068827356444672	-0.02307674961983078
HG01932	HG01932	-0.2525367352280087	-0.24489270460326223	-0.007644030624746437
HG01933	HG01933	-0.05124048439486932	-0.10170328959356993	0.05046280519870061
HG01935	HG01935	-0.44316732125528757	-0.46586953884747345	0.02270221759218587
HG01936	HG01936	0.009228026783458673	0.05933952785562724	-0.050111501072168566
HG01938	HG01938	-0.0918620871954259	-0.10690379836596547	0.015041711170539561
HG01939	HG01939	-0.1571515887318015	-0.374292029812932	0.21714044108113054
HG01941	HG01941	-0.519370162855294	-0.41822180689778177	-0.10114835595751226
HG01942	HG01942	-0.3671406778057985	-0.24489270460326223	-0.12224797320253625
HG01944	HG01944	-4.345161571278154e-5	0	-4.345161571278154e-5
HG01945	HG01945	-0.2878968978733056	-0.18577193110249937	-0.10212496677080621
HG01947	HG01947	0.09092703919791775	0.24265911779366434	-0.15173207859574658
HG01948	HG01948	-0.0053262623550783626	-0.013261058833450107	0.007934796478371744
HG01950	HG01950	-0.18296980880475353	-0.03451274977996946	-0.14845705902478407
HG01951	HG01951	-0.29203120174421615	-0.3068827356444672	0.01485153390025108
HG01953	HG01953	0.05459375670769227	0.12653006766922772	-0.07193631096153545
HG01954	HG01954	-0.2570657504000885	-0.2357666898518801	-0.021299060548208387
HG01956	HG01956	-0.5804496261179465	-0.623959905828815	0.04351027971086851
HG01958	HG01958	-0.007688254090247981	-0.04405784073751423	0.03636958664726625
HG01961	HG01961	-0.6120707105351605	-0.5457722024293616	-0.06629850810579889
HG01965	HG01965	-0.4368681328066776	-0.30295722966548055	-0.13391090314119702
HG01967	HG01967	-0.2950990642763389	-0.13229053339455277	-0.16280853088178615
HG01968	HG01968	-0.80524918871116	-0.5928121290606214	-0.21243705965053863
HG01970	HG01970	-0.043270486633380914	0.06326503383461386	-0.10653552046799478
HG01971	HG01971	-0.19705218624093535	-0.13459061773028227	-0.06246156851065307
HG01973	HG01973	0.14910019635369987	0.019626269303262243	0.12947392705043761
HG01974	HG01974	-0.5114237151110961	-0.519614654709585	0.008190939598488958
HG01976	HG01976	-0.060110177802269224	-0.10815173266455529	0.04804155486228606
HG01977	HG01977	-0.375454970068864	-0.382881610840559	0.007426640771694954
HG01979	HG01979	0.1492925195750368	-0.009126014751382173	0.15841853432641897
HG01980	HG01980	-0.0037885649327164053	-0.03971325855236501	0.035924693619648604
HG01982	HG01982	0.02055880251377701	0.014425760530866694	0.006133041982910319
HG01985	HG01985	0.005098244633849697	-0.030107686540577577	0.035205931174427274
HG01986	HG01986	-0.8209908117531566	-0.829797371970024	0.008806560216867425
HG01988	HG01988	-0.0387460473557535	-0.10170328959356993	0.06295724223781643
HG01989	HG01989	-0.22615983705669496	-0.3647930462611839	0.13863320920448896
HG01990	HG01990	-0.8059716650091966	-0.676059491322143	-0.1299121736870536
HG01991	HG01991	-1.0513703964114798	-1.1194058420602233	0.06803544564874352
HG01992	HG01992	-0.9309835194209053	-0.8234840809134767	-0.10749943850742855
HG01997	HG01997	-0.07383577972951333	-0.1649683234281838	0.09113254369867047
HG02002	HG02002	0.0161405348108125	-0.03971325855236501	0.05585379336317751
HG02003	HG02003	-0.012760781735603445	-0.06719053981360049	0.05442975807799704
HG02006	HG02006	-0.6319083269856183	-0.36415273643797264	-0.2677555905476456
HG02008	HG02008	-0.2917255522575798	-0.17250165601726622	-0.11922389624031356
HG02009	HG02009	-1.0504582154963205	-0.9779122672625817	-0.07254594823373871
HG02010	HG02010	-0.0813625180190021	-0.09303473174804827	0.01167221372904617
HG02012	HG02012	-0.46958456900370515	-0.30476021603681147	-0.16482435296689366
HG02013	HG02013	-0.2055630696053177	-0.30414549421984705	0.09858242461452935
HG02014	HG02014	0.12232327416865006	0.05392948098015038	0.06839379318849968
HG02016	HG02016	-0.009207466245449977	-0.1230354461683891	0.11382797992293912
HG02017	HG02017	0.30698450179115666	0.007955525957047987	0.29902897583410865
HG02019	HG02019	-0.14556644675984307	-0.253744717896916	0.10817827113707293
HG02020	HG02020	0.041212353543037684	-0.012959075624123129	0.05417142916716081
HG02023	HG02023	-0.6903885664178532	-0.604648276581429	-0.08574028983642423
HG02025	HG02025	-0.7442900381576172	-0.5963223884496838	-0.14796764970793344
HG02026	HG02026	-0.36043831053787523	-0.07864937838166952	-0.2817889321562057
HG02028	HG02028	-0.4661032523330843	-0.507917503756471	0.04181425142338675
HG02029	HG02029	0.07931247037250003	-0.1457908438751474	0.22510331424764743
HG02031	HG02031	-0.05697428311530102	0.032150572561658874	-0.0891248556769599
HG02032	HG02032	0.1066726195703178	0.036076078540645526	0.07059654102967228
HG02035	HG02035	-0.09246625636255429	0.05933952785562724	-0.15180578421818153
HG02040	HG02040	-0.56004463206343	-0.6801203381351661	0.12007570607173607
HG02047	HG02047	0.1879857704198434	0.05933952785562724	0.12864624256421617
HG02048	HG02048	0.05496802047737775	0.05933952785562724	-0.00437150737824949
HG02049	HG02049	-0.31491903971006235	-0.2813052726909519	-0.03361376701911045
HG02050	HG02050	-0.5208420527428465	-0.5273250012114877	0.006482948468641324
HG02051	HG02051	-0.07925651589766305	-0.032358695997390885	-0.04689781990027216
HG02052	HG02052	-0.4302265308035732	-0.4392817981383298	0.009055267334756575
HG02053	HG02053	-0.12209972925622034	-0.1335865681408905	0.011486838884670177
HG02054	HG02054	-0.7787100559120403	-0.7099167985841631	-0.06879325732787721
HG02057	HG02057	-0.032655105524770425	-0.11946331183426087	0.08680820630949045
HG02058	HG02058	-0.9581309051207643	-0.822863522132393	-0.13526738298837127
HG02060	HG02060	-0.5161128092355671	-0.4430725814308971	-0.07304022780466995
HG02061	HG02061	0.13822277094813368	0.1758715431555174	-0.037648772207383704
HG02064	HG02064	-0.09627605345637424	-0.10562879557255658	0.009352742116182335
HG02067	HG02067	-1.1221973472395494	-1.1442078297864646	0.022010482546915285
HG02069	HG02069	-0.23286353786664998	-0.3114026860101149	0.07853914814346491
HG02070	HG02070	0.23349450315027043	0.16877947568614043	0.06471502746413
HG02072	HG02072	-0.636786999280946	-0.6656903290767223	0.028903329795776336
HG02073	HG02073	0.1378630144639404	0.13385386215522882	0.004009152308711566
HG02075	HG02075	-0.4864327716654944	-0.25296247091609986	-0.23347030074939457
HG02076	HG02076	-0.3443643890337157	-0.24421214619651438	-0.10015224283720131
HG02078	HG02078	0.20640887220339732	0.2074647933011874	-0.0010559210977900578
HG02079	HG02079	-0.609335267755867	-0.6710166348991916	0.061681367143324665
HG02081	HG02081	-0.049979485337948104	0.11740405291784556	-0.16738353825579366
HG02082	HG02082	0.12613439218976408	0.09934111237525939	0.026793279814504703
HG02084	HG02084	-0.37156861200893687	-0.45978945652721454	0.08822084451827764
HG02085	HG02085	0.27573103987376246	0.3499826294872911	-0.07425158961352862
HG02086	HG02086	-0.2052027581932851	-0.003925505978986624	-0.20127725221429846
HG02087	HG02087	-0.16925296177120552	-0.23459772097412498	0.06534475920291946
HG02088	HG02088	0.21646988602280282	0.1971188959898427	0.019350990032960112
HG02089	HG02089	0.032134259591437335	-0.009126014751382173	0.04126027434281951
HG02090	HG02090	-0.03670002321792071	-0.14711492098867893	0.11041489777075822
HG02095	HG02095	-0.11077529616581833	-0.1220696731819772	0.011294377016158876
HG02102	HG02102	-0.1219591363023885	-0.03451274977996946	-0.08744638652241904
HG02104	HG02104	-0.4774045792168663	-0.4873035958269611	0.009899016610094805
HG02105	HG02105	-0.05056791926546457	-0.03451274977996946	-0.016055169485495107
HG02107	HG02107	0.10741815370135255	0.1877833431353792	-0.08036518943402665
HG02108	HG02108	-0.12518363696990825	-0.042670430487487476	-0.08251320648242078
HG02111	HG02111	-0.024265043702806847	0.043295949534513024	-0.06756099323731987
HG02113	HG02113	-0.12101420898955331	-0.16889382940717046	0.04787962041761715
HG02116	HG02116	-0.0509833613173416	0.032150572561658874	-0.08313393387900048
HG02121	HG02121	-0.11640476321880565	-0.003925505978986624	-0.11247925723981902
HG02122	HG02122	-0.47041341172708395	-0.39472220242721967	-0.07569120929986427
HG02127	HG02127	0.5267997644280059	0.40898147758562114	0.11781828684238481
HG02128	HG02128	-0.26664810423670277	-0.29533396343467755	0.028685859197974808
HG02130	HG02130	0.1552535566728101	0.036076078540645526	0.11917747813216456
HG02131	HG02131	-0.24872749662096216	-0.46191274224082013	0.21318524561985797
HG02133	HG02133	-0.1484179150812853	-0.18437838607933377	0.03596047099804847
HG02134	HG02134	-0.27847439829607734	-0.06172302602790297	-0.21675137226817434
HG02136	HG02136	-0.12653134422583134	-0.09841417867317795	-0.02811716555265341
HG02137	HG02137	0.13920268458447144	0.05933952785562724	0.07986315672884418
HG02138	HG02138	-0.02770690880979114	-0.07111604579258711	0.04340913698279597
HG02139	HG02139	0.02409726662274514	0.18276648256182673	-0.1586692159390816
HG02140	HG02140	0.06984043931791632	-0.003925505978986624	0.07376594529690295
HG02141	HG02141	-0.10894926332231841	-0.13716216341126714	0.02821290008894872
HG02142	HG02142	-0.7203753938282129	-0.7296373806782067	0.009261986849993744
HG02143	HG02143	0.3574541301035206	0.3968882951652631	-0.039434165061742465
HG02144	HG02144	0.25973853084899984	0.3104954809998162	-0.05075695015081638
HG02146	HG02146	-0.21077389891388093	-0.06719053981360049	-0.14358335910028044
HG02147	HG02147	-0.5749950613425322	-0.5794714758638293	0.004476414521297071
HG02150	HG02150	-0.2791254531164534	-0.2648859756533056	-0.014239477463147783
HG02151	HG02151	-0.4352971731161178	-0.33937305755913255	-0.09592411555698527
HG02152	HG02152	-0.35853089382814163	-0.03843825575895607	-0.32009263806918553
HG02153	HG02153	-0.45393673989277994	-0.2932559811975807	-0.16068075869519927
HG02154	HG02154	-0.2584932959606042	-0.22045587373431774	-0.03803742222628646
HG02155	HG02155	-0.21761397372544594	-0.24813765217550102	0.03052367845005507
HG02156	HG02156	-0.4240049169761213	-0.38443673624657093	-0.039568180729550345
HG02164	HG02164	-0.29732569404814746	-0.3237608373397961	0.026435143291648616
HG02165	HG02165	-0.5633738069241883	-0.6551317634992302	0.09175795657504192
HG02166	HG02166	0.1538512170069326	0.038653053296729904	0.1151981637102027
HG02168	HG02168	-0.008221631693099272	-0.03451274977996946	0.026291118086870187
HG02169	HG02169	0.19374617608851682	0.1971188959898427	-0.003372719901325879
HG02170	HG02170	0.1673060607165791	0.1971188959898427	-0.029812835273263578
HG02173	HG02173	-0.2112396711928043	-0.2321588632417843	0.020919192048980025
HG02176	HG02176	-3.7658687753418935e-4	-0.04756427051033827	0.04718768363280408
HG02178	HG02178	-0.5582114434533648	-0.4038482171786018	-0.15436322627476298
HG02179	HG02179	-0.2606488288172881	-0.1362160393735394	-0.12443278944374875
HG02180	HG02180	-0.5768493744650749	-0.471188577823341	-0.10566079664173395
HG02181	HG02181	-0.05279471654901566	-0.16229768275516107	0.10950296620614541
HG02182	HG02182	-0.24824784570280922	-0.1766340618021786	-0.0716137839006306
HG02184	HG02184	0.23374249218912502	0.18149147976841784	0.05225101242070718
HG02185	HG02185	-0.30048157175391976	-0.3084746342152357	0.00799306246131593
HG02186	HG02186	-0.14540235387327213	-0.17642716199625283	0.031024808122980696
HG02187	HG02187	-0.537523485484915	-0.3836673041107133	-0.15385618137420173
HG02188	HG02188	-0.3119729448043028	-0.2856402609497309	-0.026332683854571926
HG02190	HG02190	-0.3230402202414673	-0.4719602366592735	0.1489200164178062
HG02215	HG02215	0.18488692048206215	0.19271233548643069	-0.007825415004368536
HG02219	HG02219	-0.1452452075676935	-0.2839106836821884	0.13866547611449492
HG02220	HG02220	-0.05829846185698252	0.028752284054644403	-0.08705074591162693
HG02221	HG02221	-0.02285745385158546	-0.07992438117507844	0.05706692732349298
HG02223	HG02223	0.04836557769265234	0.05413901908323169	-0.005773441390579351
HG02224	HG02224	-0.13669677561994345	-0.09236868565203622	-0.044328089967907235
HG02230	HG02230	0.21463557206366235	0.12132955889683217	0.09330601316683017
HG02231	HG02231	0.04781939326365814	0.05654148637549953	-0.00872209311184139
HG02232	HG02232	-0.4434489829277456	-0.5004368769004941	0.0569878939727485
HG02233	HG02233	0.2443763264697693	0.317173452093266	-0.07279712562349666
HG02235	HG02235	0.10932524931351935	0.016330363752786098	0.09299488556073325
HG02236	HG02236	0.13560900262851608	0.21939566847868264	-0.08378666585016656
HG02238	HG02238	0.10088603382810013	0.04893851031083614	0.051947523517263984
HG02239	HG02239	-0.03125275108284964	-0.25902112990152093	0.2277683788186713
HG02250	HG02250	-0.6420779789322986	-0.6050807184772566	-0.03699726045504192
HG02252	HG02252	-0.16556962831335797	-0.22193189538083974	0.05636226706748176
HG02253	HG02253	-0.43674373200521965	-0.3720895837061107	-0.0646541482991089
HG02255	HG02255	0.007445843691611637	0.1222197782248258	-0.11477393453321416
HG02256	HG02256	-1.0120469303788522	-0.937778585718479	-0.07426834466037321
HG02259	HG02259	-0.15875665178807896	-0.18305258492473514	0.024295933136656185
HG02260	HG02260	-0.26538292925043083	-0.28012889353558423	0.014745964285153419
HG02262	HG02262	-0.1709288687662862	-0.1651778615312651	-0.005751007235021119
HG02265	HG02265	-0.43332494953784406	-0.37014776947908107	-0.06317718005876297
HG02266	HG02266	-0.4239913627504537	-0.382881610840559	-0.04110975190989469
HG02271	HG02271	-1.0053291410563858	-1.2171836256748065	0.2118544846184207
HG02272	HG02272	-0.4279789667435342	-0.37014776947908107	-0.05783119726445314
HG02274	HG02274	-0.19892520216079643	-0.03451274977996946	-0.16441245238082697
HG02275	HG02275	-0.30843774054747247	-0.33534132593777033	0.02690358539029787
HG02277	HG02277	-0.12251232171009796	-0.3620376507285983	0.23952532901850032
HG02278	HG02278	-0.07538427136900544	-0.09777778361458332	0.022393512245577885
HG02281	HG02281	-0.3769345718519045	-0.3532708233763813	-0.023663748475523133
HG02282	HG02282	-0.050367323818228255	-0.16377426832914352	0.11340694451091526
HG02283	HG02283	-1.0449410204406029	-1.0184835565509276	-0.026457463889675355
HG02284	HG02284	-0.6318992204730134	-0.43237033269833774	-0.1995288877746756
HG02285	HG02285	-0.040827407534821905	-0.03451274977996946	-0.006314657754852445
HG02286	HG02286	0.03373573422659674	0	0.03373573422659674
HG02291	HG02291	-0.1890783482198815	-0.13798890623729676	-0.05108944198258476
HG02292	HG02292	-0.36907724697786726	-0.32912401971407235	-0.03995322726379489
HG02298	HG02298	-0.25389660807133935	-0.2396921958308667	-0.01420441224047262
HG02299	HG02299	-0.18454863536907273	-0.35194641433190554	0.1673977789628328
HG02301	HG02301	-0.01485265431580235	0.07058882832061497	-0.08544148263641732
HG02304	HG02304	-0.7935381186713719	-0.8470358561957255	0.053497737524353654
HG02307	HG02307	-0.14833417196482795	-0.11362114000367006	-0.034713031961157895
HG02308	HG02308	-0.45615177527185224	-0.6484560512031895	0.19230427593133723
HG02309	HG02309	-0.1477007216924195	-0.14205604480812328	-0.005644676884296202
HG02312	HG02312	-0.4402191859896211	-0.43400893891230224	-0.006210247077318855
HG02314	HG02314	-0.9426802953332973	-0.8579423671704718	-0.08473792816282559
HG02315	HG02315	-0.024995967802641662	-0.015769128012470962	-0.009226839790170699
HG02317	HG02317	0.3004021766532635	0.19924218170344826	0.10115999494981526
HG02318	HG02318	-0.6979930056543324	-0.6701780581497587	-0.027814947504573646
HG02322	HG02322	-0.08360304458378143	-0.08795063849538569	0.004347593911604266
HG02323	HG02323	-1.4163955442273617	-1.3709050305660349	-0.045490513661326774
HG02325	HG02325	-0.730332591781972	-0.723059128387831	-0.007273463394140974
HG02330	HG02330	-0.016734472207194956	0.13777936813421546	-0.1545138403414104
HG02332	HG02332	-0.35029078436610755	-0.3986808581510559	0.04839007378494836
HG02334	HG02334	-0.2186102245952156	-0.254154086636845	0.035543862041629425
HG02337	HG02337	-0.3223428516638611	-0.5268774889875203	0.20453463732365915
HG02339	HG02339	-0.290163668743097	-0.2998687465908006	0.009705077847703587
HG02343	HG02343	-0.0430760949242015	-0.003925505978986624	-0.03915058894521488
HG02345	HG02345	0.08241186151860819	0.1286533533828333	-0.046241491864225104
HG02348	HG02348	-0.2523223191449283	-0.2497452606679872	-0.0025770584769411213
HG02351	HG02351	0.073207634920886	0.066759658860974	0.006447976059911993
HG02353	HG02353	-0.34780388853013966	-0.2148220363538712	-0.13298185217626843
HG02355	HG02355	0.1711091656488531	0.24995702237542725	-0.07884785672657417
HG02356	HG02356	-0.315105384722136	-0.18614762113429606	-0.12895776358783995
HG02358	HG02358	-0.1646214383561625	-0.14583991819527	-0.018781520160892493
HG02360	HG02360	0.007945087651871047	0.06666332234162835	-0.0587182346897573
HG02364	HG02364	0.24980880906830857	0.059129989752545936	0.19067881931576264
HG02367	HG02367	0.15244895695367983	0.05413901908323169	0.09830993787044814
HG02371	HG02371	-0.08552158349708824	-0.007851011957973247	-0.077670571539115
HG02373	HG02373	-0.4985887030499774	-0.3650878845485859	-0.1335008185013915
HG02374	HG02374	0.3562353453407155	0.1971188959898427	0.1591164493508728
HG02375	HG02375	0.38890557485398153	0.18459459273144604	0.20431098212253548
HG02379	HG02379	-0.10948690652862363	-0.18423479255288835	0.07474788602426473
HG02380	HG02380	-0.6354924303153553	-0.7021187714533881	0.06662634113803283
HG02382	HG02382	-0.9545677971358332	-0.7650563269457781	-0.18951147019005513
HG02383	HG02383	0.27793942291687246	0.3167516690464691	-0.03881224612959667
HG02384	HG02384	-0.14602479531328055	-0.2403028656141833	0.09427807030090274
HG02385	HG02385	-0.18274588032428982	-0.07111604579258711	-0.1116298345317027
HG02386	HG02386	-0.6178703449606816	-0.7017106821062042	0.08384033714552266
HG02389	HG02389	-0.1143694393729579	-0.17250165601726622	0.058132216644308315
HG02390	HG02390	0.23590573696379197	0.1971188959898427	0.03878684097394926
HG02391	HG02391	0.06523550290184468	-0.03843825575895607	0.10367375866080075
HG02392	HG02392	0.1101454522989	0.12653006766922772	-0.016384615370327715
HG02394	HG02394	-0.4192718948844314	-0.47143238189164544	0.05216048700721402
HG02395	HG02395	-0.026823836172469764	0.07058882832061497	-0.09741266449308474
HG02396	HG02396	-0.44465539552942734	-0.4048468742985279	-0.03980852123089945
HG02397	HG02397	-0.6465485839767646	-0.6277598682087847	-0.018788715767979934
HG02398	HG02398	-0.24817373607656118	-0.3525447758613155	0.10437103978475433
HG02399	HG02399	-0.305974910214391	-0.12889224488753825	-0.17708266532685274
HG02401	HG02401	-0.30743570485912197	-0.22366924354899673	-0.08376646131012522
HG02402	HG02402	-0.11012270229863273	-0.003925505978986624	-0.10619719631964611
HG02405	HG02405	0.02503893389710246	-0.009721804456785325	0.034760738353887786
HG02406	HG02406	0.10266375137682865	0.16133114341646432	-0.05866739203963566
HG02407	HG02407	0.24210109369820676	0.2643094358034432	-0.022208342105236412
HG02408	HG02408	-0.0017377259926580207	-0.01740531916730107	0.01566759317464305
HG02409	HG02409	-0.0857973902306487	-0.07111604579258711	-0.01468134443806158
HG02410	HG02410	-0.6702590370500096	-0.7570899706715717	0.08683093362156212
HG02419	HG02419	0.16671186107428984	0.16865493790246544	-0.0019430768281755964
HG02420	HG02420	-0.589274300171515	-0.6326805369695649	0.04340623679804993
HG02425	HG02425	0.058093283787283824	-0.003925505978986624	0.06201878976627045
HG02427	HG02427	-0.7676609613001406	-0.815796174260322	0.04813521296018139
HG02429	HG02429	-0.10177794411531987	-0.14779946663184096	0.04602152251652108
HG02433	HG02433	-0.1667135553514637	-0.14711492098867893	-0.019598634362784778
HG02436	HG02436	-0.304623302838442	-0.2376086584990844	-0.0670146443393576
HG02439	HG02439	0.0026268401436920046	-0.0095450909575448	0.012171931101236804
HG02442	HG02442	-0.6093055521386486	-0.6116870486643166	0.0023814965256680064
HG02445	HG02445	0.03471665482419634	0.08161630034446717	-0.04689964552027082
HG02449	HG02449	-0.3274032350286992	-0.31219236422330143	-0.01521087080539779
HG02450	HG02450	-0.6307708273921657	-0.805207471898757	0.17443664450659124
HG02455	HG02455	-0.04880741325157843	-0.14711492098867893	0.0983075077371005
HG02461	HG02461	-0.11630789631422293	-0.22490362320095303	0.1085957268867301
HG02462	HG02462	-0.7029108720447236	-0.7836116102291272	0.0807007381844036
HG02464	HG02464	-0.20579821228036466	-0.13697075587697327	-0.06882745640339138
HG02465	HG02465	0.34460970488694515	0.2319199717370793	0.11268973314986586
HG02470	HG02470	-0.4175737409268214	-0.5241663509514183	0.10659261002459688
HG02471	HG02471	-0.09037884712981895	-0.13459061773028227	0.044211770600463336
HG02476	HG02476	-0.13687274791719214	-0.09887473254930229	-0.037998015367889854
HG02477	HG02477	-1.1028902476279918	-1.1307462435681375	0.027855995940145668
HG02479	HG02479	-0.11910003887473603	-0.21126846520928672	0.09216842633455069
HG02481	HG02481	-0.3315519148638269	-0.5861112246755511	0.2545593098117242
HG02484	HG02484	-0.5591565434357928	-0.7122722885183641	0.1531157450825713
HG02485	HG02485	0.30709049046554326	0.2755587362684309	0.03153175419711237
HG02489	HG02489	-0.174585057793308	0.0031887504039331827	-0.17777380819724117
HG02490	HG02490	-0.32147377410560296	-0.29067495616618544	-0.030798817939417494
HG02491	HG02491	0.1598507407197408	0	0.1598507407197408
HG02493	HG02493	-0.3818099956525095	-0.17850548010319472	-0.20330451554931478
HG02494	HG02494	0.2683719822354276	0.2755587362684309	-0.007186754033003367
HG02496	HG02496	-0.026992278983406198	-0.01867110570892694	-0.008321173274479258
HG02497	HG02497	-1.1485514648353068	-1.1659351226182189	0.017383657782912117
HG02501	HG02501	-0.4769767945968087	-0.5393077910179273	0.06233099642111855
HG02502	HG02502	-0.09534515473693508	0.04480346622876821	-0.1401486209657033
HG02505	HG02505	-1.0248907200541173	-0.8435471227276139	-0.18134359732650346
HG02508	HG02508	-0.48524701563185085	-0.3014355730032548	-0.18381144262859606
HG02511	HG02511	-0.37343221385263015	-0.19674400950316348	-0.17668820434946667
HG02512	HG02512	-0.02332699649562142	0.11740405291784556	-0.14073104941346698
HG02513	HG02513	0.1561833323017362	0.06326503383461386	0.09291829846712235
HG02521	HG02521	-0.16213855532300264	-0.10170328959356993	-0.060435265729432724
HG02522	HG02522	-0.03961031237024502	-0.003925505978986624	-0.03568480639125839
HG02536	HG02536	-0.6220115035935969	-0.5676814357051625	-0.05433006788843439
HG02537	HG02537	-0.35800851951290114	-0.3736387086333707	0.015630189120469568
HG02541	HG02541	-0.34059961612513834	-0.23942991972435274	-0.10116969640078562
HG02545	HG02545	-0.18764533220862906	-0.18162767076864839	-0.006017661439980663
HG02546	HG02546	0.13281152660466555	0.11454668688820674	0.018264839716458824
HG02549	HG02549	0.1014140634346694	-0.011843622033484325	0.11325768546815372
HG02554	HG02554	0.07615469887730207	0.007132246065884806	0.06902245281141726
HG02555	HG02555	-0.43958421603769016	-0.42616775177884847	-0.013416464258841704
HG02557	HG02557	-0.6195898171804665	-0.7149151177378372	0.09532530055737078
HG02558	HG02558	0.0648485313213327	0.0751827251864597	-0.01033419386512701
HG02561	HG02561	0.08544375140127279	0.13614732152782377	-0.05070357012655098
HG02562	HG02562	-0.8387525597721298	-0.8490493757766672	0.010296816004537367
HG02568	HG02568	-1.7950812855357083	-1.7528321132529527	-0.042249172282755695
HG02570	HG02570	-0.0315709583551889	-0.09297590190544724	0.06140494355025834
HG02571	HG02571	-0.010464180451130775	0.11319211104372523	-0.123656291494856
HG02573	HG02573	-0.33874280176733307	-0.4522573625203223	0.11351456075298921
HG02574	HG02574	-0.6150248197264473	-0.5526531166397035	-0.06237170308674381
HG02577	HG02577	0.09051414659075059	-0.016659347340464592	0.10717349393121518
HG02580	HG02580	0.06322076037321445	0.13364432405214755	-0.0704235636789331
HG02582	HG02582	-0.4007812557694942	-0.36769354097777984	-0.03308771479171437
HG02583	HG02583	-0.5492177221680419	-0.41521086345892405	-0.13400685870911788
HG02585	HG02585	-0.4599763450853351	-0.5366908652552985	0.07671452016996344
HG02586	HG02586	-0.26652333986223176	-0.21865966621168192	-0.047863673650549846
HG02588	HG02588	-0.3651956812870842	-0.3913782625301276	0.026182581243043415
HG02589	HG02589	-0.17041483367851704	-0.18295716789631408	0.012542334217797041
HG02594	HG02594	-0.5993140216485804	-0.5812859537079931	-0.018028067940587332
HG02595	HG02595	-0.415145492855652	-0.43432870988785294	0.019183217032200953
HG02597	HG02597	-0.11759399600314323	-0.10170328959356993	-0.0158907064095733
HG02600	HG02600	-0.02324882740869985	-0.07760734498733654	0.05435851757863669
HG02601	HG02601	0.028908860976918832	-0.1672142595751211	0.19612312055203993
HG02603	HG02603	-0.9541561504684472	-0.821781838755822	-0.13237431171262518
HG02604	HG02604	-0.6898585698627993	-0.7351243832614273	0.045265813398628035
HG02610	HG02610	0.019348636942386123	0.039981060630304266	-0.020632423687918143
HG02611	HG02611	0.41198156744985504	0.3098755474202335	0.10210602002962153
HG02613	HG02613	-0.3531044163622888	-0.44213655974017463	0.08903214337788586
HG02614	HG02614	-0.08542097138567811	-0.07652609266806396	-0.00889487871761416
HG02620	HG02620	-0.13076139249290586	-0.09297590190544724	-0.037785490587458614
HG02621	HG02621	-0.8784397459921729	-0.8943117873559241	0.015872041363751248
HG02623	HG02623	0.1625333781872297	0.01364198881201445	0.14889138937521526
HG02624	HG02624	-0.28571818561134077	-0.07244923489248617	-0.2132689507188546
HG02628	HG02628	-0.1979634038925283	-0.07132558389566841	-0.12663781999685988
HG02629	HG02629	-0.00873150310194079	-0.21569106432143598	0.20695956121949519
HG02634	HG02634	-0.14312193839561185	-0.056409312734252315	-0.08671262566135954
HG02635	HG02635	-1.1347456747695195	-1.2011322458051144	0.06638657103559475
HG02642	HG02642	-0.20803173366949493	0.026668886987748552	-0.23470062065724348
HG02643	HG02643	0.21528677996745313	0.18317047563999656	0.03211630432745657
HG02645	HG02645	0.31037279299333664	0.18279237246606497	0.1275804205272717
HG02646	HG02646	-0.4990573334442293	-0.21451499890536072	-0.2845423345388686
HG02648	HG02648	-0.2656995261118691	-0.3037677801446989	0.03806825403282982
HG02649	HG02649	-0.6268889693928442	-0.7064283464627806	0.07953937706993645
HG02651	HG02651	0.16102037753282017	0.1793940839590505	-0.01837370642623032
HG02652	HG02652	-0.20073901211997697	-0.030516081930836714	-0.17022293018914025
HG02654	HG02654	0.3567567637483281	0.12132955889683217	0.23542720485149593
HG02655	HG02655	0.1397410727861016	0.21944723944179717	-0.07970616665569556
HG02657	HG02657	-0.6512510029030613	-0.7469822910001968	0.09573128809713553
HG02658	HG02658	-0.12954740050815836	0	-0.12954740050815836
HG02660	HG02660	-0.09024217617823117	-0.19619487191550433	0.10595269573727316
HG02661	HG02661	-0.27470857502698204	-0.2252787846373394	-0.04942979038964264
HG02666	HG02666	-0.10317217421324885	-0.21161302120890474	0.10844084699565588
HG02667	HG02667	-1.5006413643557557	-1.4981157706351953	-0.002525593720560479
HG02675	HG02675	-0.0335030196554886	0.04119563961867245	-0.07469865927416106
HG02676	HG02676	-0.7323697943438835	-0.5875841489303857	-0.14478564541349778
HG02678	HG02678	0.010120380223717612	-0.02930098099168394	0.03942136121540155
HG02679	HG02679	-0.9280557557710044	-0.8679330377024599	-0.06012271806854452
HG02681	HG02681	-0.5021243687386063	-0.5452767896000297	0.043152420861423374
HG02682	HG02682	-0.658078740801455	-0.5366804026067258	-0.12139833819472926
HG02684	HG02684	0.1748078541573136	0.1793940839590505	-0.004586229801736901
HG02685	HG02685	-0.36249796392346056	-0.493407844984904	0.13090988106144344
HG02687	HG02687	-0.15794773790214423	-0.08893989601638166	-0.06900784188576255
HG02688	HG02688	-0.05744914996646516	0.05287931201746687	-0.11032846198393204
HG02690	HG02690	0.055136299889610635	0.11612905012443663	-0.06099275023482599
HG02691	HG02691	-0.2059703550375192	-0.2472654640558176	0.04129510901829839
HG02694	HG02694	0.06342632672472365	-0.06024498851038516	0.1236713152351088
HG02696	HG02696	0.1588442968902391	0.06326503383461386	0.09557926305562524
HG02697	HG02697	-0.13590286873192622	0	-0.13590286873192622
HG02699	HG02699	0.010319171513909223	0.05806452506221831	-0.04774535354830909
HG02700	HG02700	-0.022200324192093113	0.15220512866508215	-0.17440545285717526
HG02702	HG02702	-0.10207887453436754	-0.09006639716681095	-0.012012477367556585
HG02703	HG02703	-0.5921494722682603	-0.5244049568311311	-0.06774451543712924
HG02715	HG02715	-1.2792096805619857	-1.4139066394272959	0.13469695886531025
HG02716	HG02716	0.023492118042233612	0.1286533533828333	-0.10516123534059968
HG02721	HG02721	-1.5271121773175087	-1.4878430515944494	-0.03926912572305928
HG02722	HG02722	-0.5923599862495047	-0.5383528252442951	-0.05400716100520967
HG02724	HG02724	0.12000781775247601	-0.03971325855236501	0.15972107630484103
HG02725	HG02725	-0.05608952867850642	-0.13229053339455277	0.07620100471604635
HG02727	HG02727	0.05198610868195486	0.19584389319643378	-0.14385778451447892
HG02728	HG02728	-0.29632145326558945	-0.3658827056409792	0.06956125237538972
HG02731	HG02731	-0.14491483584427076	-0.12068580321501939	-0.02422903262925136
HG02733	HG02733	-0.23733047208728814	-0.28575499694468454	0.048424524857396414
HG02734	HG02734	0.034322071636012204	0.04893851031083614	-0.014616438674823935
HG02736	HG02736	-0.2482738274557894	-0.2619334799004719	0.01365965244468247
HG02737	HG02737	0.12377966223665988	0.04893851031083614	0.07484115192582375
HG02756	HG02756	0.18561129868063825	0.07400510651059443	0.1116061921700438
HG02757	HG02757	-0.21128838365221397	-0.15162572402041402	-0.05966265963179995
HG02759	HG02759	-0.3451007241822145	-0.261097321822308	-0.08400340235990651
HG02760	HG02760	-0.24710693048144042	-0.29422984197735785	0.04712291149591744
HG02763	HG02763	-0.09450430542068539	-0.08777539313305169	-0.0067289122876337025
HG02768	HG02768	-0.8114435037263307	-0.8316830707364715	0.02023956701014083
HG02769	HG02769	-0.9424393752041282	-0.9343544389121234	-0.00808493629200485
HG02771	HG02771	-0.4287962120410595	-0.15645047384314242	-0.2723457381979171
HG02772	HG02772	-0.012989370230960844	-0.025242158293258418	0.012252788062297574
HG02774	HG02774	0.1686793100875856	0.13777936813421546	0.030899941953370154
HG02775	HG02775	-0.15661517588900697	-0.08638392165303233	-0.07023125423597466
HG02778	HG02778	0.03645073449723718	0.05806452506221831	-0.021613790564981136
HG02780	HG02780	-0.16525656849186798	-0.28682350629242137	0.12156693780055339
HG02783	HG02783	0.36413708763770514	0.24104598648846143	0.1230911011492437
HG02784	HG02784	-0.22023732603502186	-0.21181723771151156	-0.008420088323510305
HG02786	HG02786	0.10169901527919532	0.1867178784450516	-0.08501886316585629
HG02787	HG02787	-0.02152345691338233	-0.04363876453135162	0.022115307617969288
HG02789	HG02789	0.04630623284138444	-0.08816833229502663	0.13447456513641107
HG02790	HG02790	0.005771034470868644	-0.04363876453135162	0.04940979900222026
HG02792	HG02792	0.11848965411126858	-0.03680722659919413	0.15529688071046271
HG02793	HG02793	-0.15531609423784795	-0.12337493195664138	-0.03194116228120656
HG02798	HG02798	-0.7854211120423964	-0.616291635899688	-0.1691294761427083
HG02799	HG02799	-1.3276606640306885	-1.2773810717859306	-0.05027959224475791
HG02804	HG02804	-0.8046520041315947	-0.7569964479547926	-0.04765555617680203
HG02805	HG02805	-0.6029526778409071	-0.688418170507066	0.08546549266615888
HG02807	HG02807	0.3103959247536201	0.23723288796609265	0.07316303678752743
HG02808	HG02808	0.3509418374153555	0.19170884911436586	0.15923298830098964
HG02810	HG02810	-0.2245701963128821	-0.18555317674763502	-0.03901701956524707
HG02811	HG02811	-0.4631887114940584	-0.34927432171534745	-0.11391438977871092
HG02813	HG02813	-1.1349642236295785	-1.374740839516744	0.23977661588716553
HG02814	HG02814	-0.016344625565041404	-0.1912781476418488	0.1749335220768074
HG02816	HG02816	-0.5150092160083295	-0.5027652353988961	-0.01224398060943346
HG02817	HG02817	0.4855097430731783	0.19170884911436586	0.2938008939588124
HG02819	HG02819	-0.29075609312806266	-0.3860449484316632	0.09528885530360054
HG02820	HG02820	-0.22649979268076084	-0.3673273988533765	0.14082760617261567
HG02836	HG02836	-0.18111508349932362	-0.15827052802161778	-0.022844555477705843
HG02837	HG02837	0.17458935128178066	0.255183421052061	-0.08059406977028033
HG02839	HG02839	-0.016943536614335244	0.04459392812568691	-0.061537464740022155
HG02840	HG02840	-0.30057125816073693	-0.15104042696766556	-0.14953083119307137
HG02851	HG02851	-0.043481085977917	-0.14732445909176023	0.10384337311384323
HG02852	HG02852	-0.2430664721764721	-0.029710868070833382	-0.21335560410563872
HG02854	HG02854	0.1881325572005389	0.17504950177390127	0.013083055426637617
HG02855	HG02855	-0.011880062468565794	0.13385386215522882	-0.14573392462379461
HG02860	HG02860	-0.29972786666094975	-0.14853903808012842	-0.15118882858082136
HG02861	HG02861	-0.07126797866881017	-0.09318544000852855	0.021917461339718374
HG02870	HG02870	-0.32982757185031436	-0.40113659544149416	0.07130902359117978
HG02878	HG02878	0.19187826145487563	0.19924218170344826	-0.007363920248572631
HG02879	HG02879	-0.7071050553262427	-0.632019664186798	-0.07508539113944471
HG02881	HG02881	-0.007372074247525924	-0.016659347340464592	0.009287273092938668
HG02882	HG02882	-0.7695614604285956	-0.8143158596707508	0.04475439924215524
HG02884	HG02884	-0.22760763728955105	-0.19255886088358243	-0.03504877640596863
HG02885	HG02885	-0.6112927423964707	-0.6694792627201998	0.05818652032372912
HG02887	HG02887	-0.7984861264001514	-0.7124373247148469	-0.08604880168530449
HG02888	HG02888	-0.5526163461345528	-0.3662147282389924	-0.18640161789556034
HG02890	HG02890	0.13580829534424793	-0.013261058833450107	0.14906935417769804
HG02891	HG02891	-0.9067682188911206	-1.0103821813594551	0.10361396246833457
HG02895	HG02895	-0.7744669804275226	-0.6346417295876892	-0.1398252508398335
HG02896	HG02896	-0.09618142428404328	-0.18937546439701697	0.09319404011297369
HG02922	HG02922	-0.2796818864093079	-0.33499408685602255	0.05531220044671466
HG02923	HG02923	-0.0887475791126858	-0.14732445909176023	0.05857687997907444
HG02938	HG02938	-1.0918719964812411	-1.1794700181637892	0.08759802168254799
HG02941	HG02941	-0.35197936424045567	-0.29132786428090185	-0.06065149995955382
HG02943	HG02943	0.23882467323621975	0.161121605313383	0.07770306792283678
HG02944	HG02944	-0.41333071487566386	-0.5177046082043322	0.10437389332866834
HG02946	HG02946	-0.7478076807491039	-0.6825188814313151	-0.06528879931778878
HG02947	HG02947	-0.3432127188067422	-0.445805327326525	0.10259260851978279
HG02952	HG02952	-1.1765761532136652	-1.1111285438803025	-0.06544760933336262
HG02953	HG02953	0.024589556985732924	-0.11718476478708909	0.141774321772822
HG02968	HG02968	-0.07848241121243445	-0.09394492828287182	0.015462517070437377
HG02970	HG02970	0.1474719808934063	-0.06945158466696745	0.21692356556037376
HG02971	HG02971	-0.7093422237616022	-0.7459828316974453	0.03664060793584314
HG02973	HG02973	-0.5299196083985297	-0.5978977442951874	0.0679781358966577
HG02974	HG02974	-0.21601703272263578	-0.272579523967579	0.056562491244943225
HG02976	HG02976	-0.35578698931463754	-0.20931449013296516	-0.14647249918167238
HG02977	HG02977	0.1455735572214164	0.17229703665943813	-0.026723479438021724
HG02979	HG02979	0.49370096034988115	0.32057174060028043	0.17312921974960072
HG02981	HG02981	-0.5716414660347833	-0.6522698722896166	0.08062840625483338
HG02982	HG02982	0.017378578467506855	-0.008235795423388544	0.0256143738908954
HG02983	HG02983	-0.757153757092923	-0.8071111341239885	0.049957377031065536
HG03006	HG03006	0.05971199602181297	0.036076078540645526	0.02363591748116745
HG03007	HG03007	0.0979548063125944	0.09806610958185044	-1.1130326925603597e-4
HG03009	HG03009	-0.0266760961937032	-0.003925505978986624	-0.022750590214716575
HG03012	HG03012	-0.011137344498117013	-0.08286878532962871	0.0717314408315117
HG03015	HG03015	0.13778533619803945	0.15613063464406876	-0.01834529844602931
HG03016	HG03016	0.024616984009355775	0.06326503383461386	-0.03864804982525809
HG03018	HG03018	0.3683189868184663	0.3223739608656615	0.045945025952804835
HG03019	HG03019	-0.04285116276313078	-0.13229053339455277	0.08943937063142199
HG03021	HG03021	0.07960254243222795	0.014425760530866694	0.06517678190136125
HG03022	HG03022	-0.35852941281790623	-0.2597915344173089	-0.09873787840059733
HG03024	HG03024	-0.3254240095489346	-0.43418967772740874	0.10876566817847418
HG03025	HG03025	-0.2627940959804413	-0.2824650269933045	0.019670931012863196
HG03027	HG03027	-0.3410264409322504	-0.34571278395596894	0.004686343023718539
HG03028	HG03028	-0.21117776231009933	-0.22020429144613446	0.009026529136035124
HG03039	HG03039	0.13649765778539963	0.20575819201767437	-0.06926053423227473
HG03040	HG03040	-0.047897616487158054	0.026740525686182015	-0.07463814217334007
HG03045	HG03045	-0.14051792992954176	-0.19255886088358243	0.05204093095404068
HG03046	HG03046	-0.45237023134995075	-0.4374680330627597	-0.014902198287191047
HG03048	HG03048	-1.3593414142754319	-1.4439400995409115	0.08459868526547965
HG03049	HG03049	-0.05901271657910216	-0.10166617382783442	0.04265345724873226
HG03052	HG03052	-0.5670937062457989	-0.46610960646824684	-0.10098409977755207
HG03054	HG03054	-0.26092817689783243	-0.342225538752973	0.08129736185514058
HG03055	HG03055	0.34329543421565656	0.24584786819759752	0.09744756601805907
HG03057	HG03057	0.16114809519461123	0.011633924872148732	0.1495141703224625
HG03058	HG03058	-0.3567915990409083	-0.42538373749703173	0.06859213845612347
HG03060	HG03060	-0.4304283500928443	-0.7568848060003948	0.32645645590755046
HG03061	HG03061	-0.4872362970204446	-0.3305477671208792	-0.15668852989956542
HG03063	HG03063	0.07900778403092425	-0.016868885443545867	0.09587666947447011
HG03064	HG03064	0.014848472763374657	-0.08384988715406508	0.09869835991743973
HG03066	HG03066	-1.9059106057933337	-1.8371539378114978	-0.06875666798183591
HG03069	HG03069	-1.327125067287102	-1.2452991700032725	-0.08182589728382943
HG03072	HG03072	-0.5843685935191992	-0.5195317828746047	-0.0648368106445946
HG03073	HG03073	-0.428892422668547	-0.3293278888100758	-0.09956453385847118
HG03074	HG03074	-0.5623035317511773	-0.5920368322986178	0.029733300547440496
HG03077	HG03077	-0.4128663423063844	-0.3650166340754368	-0.04784970823094764
HG03078	HG03078	-0.8201831480551595	-0.6769048698130063	-0.14327827824215308
HG03079	HG03079	0.035129006271111034	-0.00933555285446347	0.0444645591255745
HG03081	HG03081	-1.9297455779964412	-1.9090342631864363	-0.020711314810004964
HG03082	HG03082	0.08489753091129615	-0.08384988715406508	0.16874741806536123
HG03084	HG03084	-0.3203009558493809	-0.16596105132484806	-0.1543399045245328
HG03085	HG03085	0.1720980861748801	0.2588993889279663	-0.08680130275308624
HG03086	HG03086	-0.058822989521680025	0.031064583982003374	-0.0898875735036834
HG03088	HG03088	-0.5038397874256868	-0.4296639930456877	-0.07417579437999915
HG03091	HG03091	-0.046891318619291966	-0.15464825357776135	0.10775693495846939
HG03095	HG03095	-0.028712599216480214	0.07037929021753367	-0.09909188943401388
HG03096	HG03096	-0.29497675452838734	-0.21999475334305313	-0.0749820011853342
HG03097	HG03097	0.001729260867119443	-0.003962501382920924	0.005691762250040367
HG03099	HG03099	-0.38919363474656676	-0.4719721815255471	0.08277854677898033
HG03100	HG03100	-0.006019460251813075	-0.08925993402954191	0.08324047377772884
HG03103	HG03103	-0.23208907738416296	0.05392948098015038	-0.28601855836431334
HG03105	HG03105	-0.6988353731493102	-0.8201500784722157	0.12131470532290545
HG03108	HG03108	-0.9007519424159932	-0.8849131129914894	-0.015838829424503778
HG03109	HG03109	-0.16476338374734395	-0.24697887455113227	0.08221549080378832
HG03111	HG03111	-0.15412314090617274	-0.08925993402954191	-0.06486320687663083
HG03112	HG03112	-0.1159876191638316	-0.14682328499620784	0.030835665832376243
HG03114	HG03114	-1.0654149703546991	-0.8657318114688387	-0.1996831588858604
HG03115	HG03115	-0.5230513109896537	-0.5643272015498952	0.041275890560241495
HG03117	HG03117	0.012440315897022353	-0.0915504167098552	0.10399073260687755
HG03118	HG03118	-0.08458793810309795	-0.2396921958308667	0.15510425772776876
HG03120	HG03120	-0.316783625290422	-0.35773424170911317	0.04095061641869119
HG03121	HG03121	-0.31889247434876533	-0.3884027540800162	0.06951027973125082
HG03123	HG03123	-0.44998972083853506	-0.3741126475182829	-0.07587707332025219
HG03124	HG03124	-0.4556924492927274	-0.3476826064754278	-0.1080098428172996
HG03126	HG03126	-0.6089624176778551	-0.6399684439646081	0.031006026286753
HG03127	HG03127	0.3391309823636539	0.18650834034197028	0.15262264202168363
HG03129	HG03129	-0.7863561737403623	-0.7925280825933442	0.006171908852981931
HG03130	HG03130	-0.44989904795697344	-0.3138884197804146	-0.13601062817655882
HG03132	HG03132	-0.3419816591264777	-0.21663828461896628	-0.12534337450751146
HG03133	HG03133	-1.0998533219932438	-0.9986723659443669	-0.10118095604887684
HG03135	HG03135	-0.16909077301717798	-0.08374970544828103	-0.08534106756889695
HG03136	HG03136	0.05140488261254902	0.05041386208031323	9.910205322357826e-4
HG03139	HG03139	-0.10738617494541138	-0.00413504408206794	-0.10325113086334343
HG03157	HG03157	-0.5541061541346314	-0.4797446454642341	-0.07436150867039726
HG03159	HG03159	0.00854776443876979	0.04459392812568691	-0.03604616368691712
HG03160	HG03160	-0.0539437867203187	-0.12338106564711782	0.06943727892679911
HG03162	HG03162	-0.4396669368899153	-0.3223592677386478	-0.1173076691512675
HG03163	HG03163	-0.17864935353308323	-0.2524260371923447	0.07377668365926146
HG03166	HG03166	-0.18603697683071369	-0.07132558389566841	-0.11471139293504527
HG03168	HG03168	-0.2704935728239719	-0.3020439124433324	0.031550339619360504
HG03169	HG03169	-0.48949318075141945	-0.5411298416904174	0.05163666093899799
HG03171	HG03171	-0.1972756397403982	-0.0956935091875494	-0.10158213055284877
HG03172	HG03172	0.03067541537825809	0.10847838714253155	-0.07780297176427346
HG03175	HG03175	0.007862097996354948	0.04459392812568691	-0.03673183012933196
HG03189	HG03189	-0.6091723199364587	-0.6014612764818594	-0.007711043454599323
HG03190	HG03190	-0.5190743365109364	-0.44462498801294714	-0.07444934849798922
HG03193	HG03193	-0.4068865242263852	-0.3454593563219533	-0.0614271679044319
HG03195	HG03195	-0.06718724282013792	-0.18165512881241744	0.11446788599227951
HG03196	HG03196	-0.19138945219883843	-0.20538898415397855	0.01399953195514011
HG03198	HG03198	0.1973075286659362	0.1211200207937509	0.0761875078721853
HG03199	HG03199	-0.2709793087700024	-0.10018163293134419	-0.1707976758386582
HG03202	HG03202	0.14522687666716635	0.15731288238894192	-0.012086005721775555
HG03209	HG03209	-0.7159630163545176	-0.6259596575982869	-0.09000335875623079
HG03212	HG03212	-0.03841069864824298	-0.013261058833450107	-0.025149639814792873
HG03224	HG03224	0.31401553092610196	0.2638227170798927	0.05019281384620925
HG03225	HG03225	-0.1995027403690447	-0.24064940859097989	0.041146668221935204
HG03228	HG03228	0.17613030401041316	0	0.17613030401041316
HG03229	HG03229	-0.12308774639770109	-0.14711492098867893	0.024027174590977828
HG03234	HG03234	-0.6461294186674394	-0.6944677497260272	0.048338331058587786
HG03235	HG03235	-0.9923576982699815	-0.8394194057269487	-0.15293829254303282
HG03237	HG03237	-0.7539977969358813	-0.8561569599201903	0.10215916298430888
HG03238	HG03238	-0.06646302743466712	-0.14263830739073455	0.07617527995606743
HG03240	HG03240	-1.26592587744912	-1.3289686283513438	0.06304275090222382
HG03241	HG03241	-0.5001576132002314	-0.5767079458115623	0.07655033261133087
HG03246	HG03246	-0.4018556943611645	-0.4178498835545033	0.01599418919333882
HG03247	HG03247	0.38821173318865165	0.2664327215170487	0.12177901167160293
HG03258	HG03258	-0.43162413376292563	-0.40113659544149416	-0.030487538321431445
HG03259	HG03259	-0.35397090549858906	-0.3299366468563676	-0.024034258642221463
HG03265	HG03265	-0.06802903752130701	-2.095381030813026e-4	-0.06781949941822571
HG03267	HG03267	-0.27598429424994	-0.17908142770174895	-0.09690286654819102
HG03268	HG03268	-0.33731911978120344	-0.4646111673791893	0.12729204759798582
HG03270	HG03270	0.07979274749744564	0.12844381527975196	-0.04865106778230632
HG03271	HG03271	-0.3673483513747611	-0.2975100670242682	-0.06983828435049287
HG03279	HG03279	-0.3420960504226339	-0.27723176352317686	-0.06486428689945707
HG03280	HG03280	-1.73328901793348	-1.693887278849259	-0.03940173908422086
HG03291	HG03291	-0.2770091374536562	-0.14468565885908904	-0.13232347859456714
HG03294	HG03294	-0.8427230356038842	-0.7087057969300078	-0.13401723867387638
HG03295	HG03295	-0.6173808033376248	-0.5898662322550081	-0.02751457108261663
HG03297	HG03297	-0.11104539572287801	-0.1309157622046769	0.019870366481798896
HG03298	HG03298	0.14738889589717993	0.19170884911436586	-0.04431995321718593
HG03300	HG03300	-0.2589393799018088	-0.39114407935412604	0.13220469945231722
HG03301	HG03301	-0.022141629378309408	-0.09356119895819572	0.07141956957988631
HG03303	HG03303	-0.5796465252135454	-0.5006586667848751	-0.07898785842867029
HG03304	HG03304	-0.42336933421783585	-0.2905022997758352	-0.13286703444200068
HG03311	HG03311	-0.8722029767756537	-0.8906591617812986	0.018456185005644818
HG03313	HG03313	-0.07508225873007848	0.053719942877069105	-0.1288022016071476
HG03342	HG03342	-0.03422074250918643	0.04459392812568691	-0.07881467063487334
HG03343	HG03343	-2.2729299554153504	-2.232765228373022	-0.04016472704232836
HG03351	HG03351	0.01827604461322585	-0.013261058833450107	0.03153710344667596
HG03352	HG03352	-0.19286803818399167	-0.27049598663579677	0.07762794845180511
HG03354	HG03354	-0.5913141275405938	-0.43352605950785805	-0.15778806803273573
HG03363	HG03363	-0.2640501410190006	-0.10651443517614392	-0.1575357058428567
HG03366	HG03366	-0.2565665767544602	-0.18703771764412525	-0.06952885911033498
HG03367	HG03367	-0.383344891902209	-0.3287820192985237	-0.054562872603685336
HG03369	HG03369	-0.6132781264336518	-0.5577530587557704	-0.055525067677881394
HG03370	HG03370	-0.25231770013229116	-0.3619091655593366	0.10959146542704544
HG03372	HG03372	-0.11496769755932766	-0.15124996507074687	0.036282267511419206
HG03376	HG03376	-0.6887111579706614	-0.5952994205406867	-0.0934117374299747
HG03378	HG03378	-0.4831206848284612	-0.4777987184002996	-0.005321966428161611
HG03380	HG03380	-0.15582159540759827	-0.15180482624564323	-0.004016769161955034
HG03382	HG03382	-0.33920654932615	-0.25943172132829206	-0.07977482799785796
HG03385	HG03385	0.013219972823758808	-0.013261058833450107	0.026481031657208914
HG03388	HG03388	-0.3643371319476669	-0.6095326705445885	0.24519553859692153
HG03391	HG03391	-0.3145444972838181	-0.3619091655593366	0.047364668275518496
HG03393	HG03393	-0.620262338617454	-0.4841189102968201	-0.13614342832063384
HG03394	HG03394	-0.007054242926026549	0.07037929021753367	-0.07743353314356022
HG03397	HG03397	-0.2269524105966207	-0.07153512199874973	-0.15541728859787096
HG03398	HG03398	-0.113114946400174	-0.3330596803221852	0.2199447339220112
HG03401	HG03401	-0.302308019706861	-0.11060849211644384	-0.19169952759041717
HG03410	HG03410	-0.3786393562823518	-0.22183879339136184	-0.15680056289098998
HG03419	HG03419	-0.061590858143653934	-0.1421239503193647	0.08053309217571077
HG03428	HG03428	0.06092143924450552	-0.13480015583336358	0.1957215950778691
HG03431	HG03431	-0.72585024738783	-0.582637405775825	-0.14321284161200495
HG03432	HG03432	-1.229853101770912	-1.0995717264013365	-0.13028137536957551
HG03433	HG03433	-0.18096458068647236	-0.25616946311201905	0.07520488242554667
HG03436	HG03436	-0.22836883279525955	-0.15104042696766556	-0.07732840582759398
HG03437	HG03437	-0.5302261521232061	-0.5458735474850982	0.015647395361892025
HG03439	HG03439	0.1989192239133184	0.1299283561762422	0.06899086773707619
HG03442	HG03442	-1.2040554734549465	-1.094710462423973	-0.10934501103097345
HG03445	HG03445	-0.44511447049522945	-0.4295697854598984	-0.015544685035331083
HG03446	HG03446	-0.465943182637309	-0.7500385400606319	0.28409535742332287
HG03449	HG03449	0.07754660513738054	0.053719942877069105	0.023826662260311438
HG03451	HG03451	0.03445071252305057	-0.09098798347404236	0.12543869599709292
HG03452	HG03452	-0.04352440379545182	-0.16636486982461068	0.12284046602915887
HG03455	HG03455	-0.7385361082963293	-0.6980567959370091	-0.04047931235932027
HG03457	HG03457	0.29328105040223773	0.06329910916974768	0.22998194123249008
HG03458	HG03458	0.1640809589030624	0.12472784740384665	0.039353111499215734
HG03460	HG03460	-0.3989987106389082	-0.40113659544149416	0.0021378848025859535
HG03461	HG03461	-1.2684949721523031	-1.170466128620319	-0.098028843531984
HG03462	HG03462	-2.801205134498469e-5	0.03586654043756421	-0.035894552488909194
HG03464	HG03464	-0.6881089757723098	-0.6047199428440071	-0.08338903292830269
HG03469	HG03469	-2.101768855780897	-2.0268507242153864	-0.07491813156551064
HG03470	HG03470	0.03331914687734986	0.05785498695913702	-0.024535840081787157
HG03472	HG03472	-0.12422844067738807	-0.031114461272954988	-0.09311397940443308
HG03473	HG03473	0.21500211139395717	0.0612532754661515	0.15374883592780567
HG03476	HG03476	-3.913275078260281e-4	-0.1421239503193647	0.14173262281153867
HG03478	HG03478	-1.044498594260093	-1.035830625513103	-0.0086679687469902
HG03479	HG03479	-0.9582068690063518	-0.9125082796931266	-0.045698589313225124
HG03484	HG03484	-0.38404569913862313	-0.42909970537293707	0.04505400623431394
HG03485	HG03485	-0.7841589402055085	-0.8042414006195031	0.020082460413994592
HG03488	HG03488	0.03273590776351626	-0.14972993575502186	0.18246584351853812
HG03490	HG03490	-0.41789823515882507	-0.2619334799004719	-0.1559647552583532
HG03491	HG03491	-0.036563631267741634	-0.15246349475346505	0.11589986348572341
HG03499	HG03499	-1.661074008896783	-1.3993477929292713	-0.2617262159675117
HG03511	HG03511	0.1044699356470608	0.009422291093505897	0.0950476445535549
HG03514	HG03514	-0.34539752703063537	-0.503998823137954	0.1586012961073186
HG03515	HG03515	-1.049289411171937	-1.0021251725847833	-0.04716423858715378
HG03517	HG03517	0.19611486193809152	0.25206332080322313	-0.055948458865131626
HG03518	HG03518	-0.18093987617429436	-0.06740007791668179	-0.11353979825761258
HG03520	HG03520	-0.3673277467239432	-0.39333344702608886	0.02600570030214564
HG03521	HG03521	0.42038604632870735	0.31303840801119803	0.10734763831750933
HG03538	HG03538	-0.004602058376052542	-0.06032556991558524	0.0557235115395327
HG03539	HG03539	-0.09956622728332368	-0.14123498918488625	0.04166876190156257
HG03547	HG03547	0.2170841518438626	0.05664040797076883	0.16044374387309376
HG03548	HG03548	-0.9683880419552667	-1.0689953809138388	0.10060733895857213
HG03549	HG03549	-0.5151107535404902	-0.5964216528693214	0.08131089932883113
HG03556	HG03556	0.02620278328574968	0.0736088736448437	-0.047406090359094016
HG03557	HG03557	-0.4449238789657542	-0.4592011205037125	0.014277241537958308
HG03558	HG03558	-0.35931371681853247	-0.39159332532050317	0.032279608501970716
HG03559	HG03559	0.1378385385771067	0.07058882832061497	0.06724971025649175
HG03563	HG03563	-0.7744366872382646	-0.6929543971666134	-0.08148229007165123
HG03565	HG03565	0.0672837679979588	-0.03631497004535054	0.10359873804330932
HG03567	HG03567	0.19250550892763402	0.12472784740384665	0.06777766152378738
HG03571	HG03571	0.09385399281743823	0.04872897220775485	0.04512502060968338
HG03572	HG03572	-0.10097820194008633	0.12844381527975196	-0.2294220172198383
HG03575	HG03575	-0.048719496223669514	-0.15645047384314242	0.10773097761947291
HG03577	HG03577	-0.18218437069264964	0.05524498252198101	-0.23742935321463066
HG03578	HG03578	0.0446378001221103	-0.03832749451976272	0.08296529464187302
HG03583	HG03583	-1.0070579583959636	-1.0739436408327894	0.06688568243682572
HG03585	HG03585	-0.2264887296929186	-0.19318787974771112	-0.03330084994520748
HG03589	HG03589	-0.10728428327562423	-0.06719053981360049	-0.04009374346202374
HG03593	HG03593	-0.6088178027467743	-0.5085450846934692	-0.10027271805330518
HG03594	HG03594	0.24272572186803565	0.1971188959898427	0.04560682587819296
HG03595	HG03595	-0.2523853564101224	-0.28278989064646887	0.03040453423634648
HG03598	HG03598	-0.15711313752590675	-0.1609668665798381	0.0038537290539313648
HG03600	HG03600	0.28429699507922856	0.2602326465304941	0.024064348548734474
HG03603	HG03603	-0.026849884524800777	-0.1649683234281838	0.13811843890338302
HG03604	HG03604	-0.21337010917494828	-0.11680989040760324	-0.09656021876734504
HG03607	HG03607	0.06396817347508903	0.06326503383461386	7.031396404751588e-4
HG03611	HG03611	-0.2902824358789544	-0.25605587332975116	-0.03422656254920325
HG03615	HG03615	-0.6551681321243489	-0.6457232371671124	-0.009444894957236489
HG03616	HG03616	-0.19034635394283198	-0.13749104216694832	-0.05285531177588365
HG03619	HG03619	-0.2848344061251864	-0.2274394089938141	-0.05739499713137232
HG03624	HG03624	-0.22261125394529319	-0.15023250952246597	-0.07237874442282721
HG03625	HG03625	0.17668344614501078	0.1286533533828333	0.048030092762177484
HG03629	HG03629	0.12797525190512382	0.05806452506221831	0.0699107268429055
HG03631	HG03631	0.17512418134068053	0.08161630034446717	0.09350788099621336
HG03634	HG03634	-0.06402202919371591	0.07058882832061497	-0.13461085751433088
HG03636	HG03636	0.4087646485402717	0.27994207042502245	0.1288225781152493
HG03640	HG03640	0.051297564790624	0.05806452506221831	-0.006766960271594312
HG03642	HG03642	0.1497146872124437	0.06326503383461386	0.08644965337782981
HG03643	HG03643	-0.29735139615363215	-0.2344499702565372	-0.06290142589709494
HG03644	HG03644	-0.3217070119719301	-0.2633614935912192	-0.05834551838071092
HG03645	HG03645	0.07845101174581473	0.06326503383461386	0.015185977911200872
HG03646	HG03646	0.22747757828455373	0.018351266509853303	0.20912631177470042
HG03649	HG03649	-0.25448572498368643	-0.29838434774428607	0.043898622760599616
HG03652	HG03652	0.034358748250709906	0.06326503383461386	-0.028906285583903957
HG03653	HG03653	-0.1557259536340262	-0.05874536534538493	-0.09698058828864126
HG03660	HG03660	-0.3060754726749701	-0.24873207884375007	-0.05734339383122003
HG03663	HG03663	0.2085430611842854	0.14202894495101645	0.06651411623326894
HG03667	HG03667	-0.4715279047126505	-0.36559989578090607	-0.10592800893174444
HG03668	HG03668	-0.08809290336348302	-0.28417130126617846	0.19607839790269543
HG03672	HG03672	0.13572015569873414	0.08171840736176818	0.05400174833696595
HG03673	HG03673	-0.1191247498795001	-0.12933209631592035	0.010207346436420248
HG03679	HG03679	-0.2063600332676216	-0.2547757146058139	0.0484156813381923
HG03680	HG03680	-0.06158773909582455	-0.0936949969502166	0.03210725785439205
HG03681	HG03681	-0.14875851644677257	-0.15962176775722775	0.010863251310455176
HG03684	HG03684	-0.17062282992670658	-0.23478558802744376	0.0641627581007372
HG03685	HG03685	-0.40294424519115507	-0.2876560550648719	-0.11528819012628318
HG03686	HG03686	-0.48944694537056815	-0.39290559649234635	-0.09654134887822181
HG03687	HG03687	-0.108554844323169	-0.09189357666764408	-0.01666126765552492
HG03689	HG03689	-0.19337359530807113	-0.15104042696766556	-0.04233316834040557
HG03690	HG03690	-0.14155390968969173	-0.10562879557255658	-0.03592511411713515
HG03691	HG03691	0.1839873920346145	0.04893851031083614	0.13504888172377835
HG03692	HG03692	-0.0020625332244244114	-0.027188955293968337	0.025126422069543925
HG03693	HG03693	0.128248159354425	0.20104440196882933	-0.07279624261440434
HG03694	HG03694	0.14530304727695753	-0.07364875017665326	0.2189517974536108
HG03695	HG03695	0.07904790547154929	-0.026918700977694276	0.10596660644924356
HG03696	HG03696	-0.27426559873969464	-0.18133200092706828	-0.09293359781262638
HG03697	HG03697	0.1856527145000263	0.05806452506221831	0.12758818943780798
HG03698	HG03698	-0.16527828887829313	-0.15884697060100733	-0.006431318277285807
HG03702	HG03702	-0.3625754690718214	-0.2357666898518801	-0.12680877921994133
HG03703	HG03703	-0.11767757208466587	-0.07992438117507844	-0.03775319090958743
HG03705	HG03705	-0.2730234499732058	-0.07641559275798501	-0.19660785721522078
HG03706	HG03706	0.3483378140758632	0.39168778639286755	-0.043349972317004375
HG03708	HG03708	0.032788704553782515	0.05806452506221831	-0.025275820508435798
HG03709	HG03709	-0.2216011987933761	-0.20070283245295287	-0.020898366340423222
HG03711	HG03711	-0.5369212520607979	-0.5216364260406701	-0.015284826020127854
HG03713	HG03713	-0.04782482535335706	-0.009126014751382173	-0.03869881060197489
HG03714	HG03714	-0.16641136969448567	-0.20932370638474823	0.04291233669026258
HG03716	HG03716	-0.244358413101611	-0.3353121741784272	0.09095376107681619
HG03717	HG03717	-0.22932290635473845	-0.12404874211642891	-0.10527416423830956
HG03718	HG03718	-0.2423979162646848	-0.15190361661370844	-0.09049429965097636
HG03720	HG03720	-0.14397217916427227	-0.03971325855236501	-0.10425892061190725
HG03722	HG03722	-0.019944492942280345	0.19584389319643378	-0.21578838613871412
HG03727	HG03727	0.4973169931491521	0.13777936813421546	0.3595376250149367
HG03729	HG03729	-0.03387772257023064	-0.057776199094951186	0.02389847652472055
HG03730	HG03730	0.26731549545909644	0.2643094358034432	0.003006059655653257
HG03731	HG03731	-0.24580425692011526	-0.16694556224322887	-0.07885869467688639
HG03733	HG03733	-0.035098747196052986	0.05806452506221831	-0.0931632722582713
HG03736	HG03736	0.2627705276133293	0.3159615120152011	-0.0531909844018718
HG03738	HG03738	0.07963151060217416	-0.06860495665646163	0.1482364672586358
HG03740	HG03740	0.1040619795253971	0.1793940839590505	-0.07533210443365339
HG03741	HG03741	-0.2582578172076677	-0.14087237882195042	-0.1173854383857173
HG03742	HG03742	-0.3361748257851294	-0.4432654808275402	0.10709065504241076
HG03743	HG03743	-0.2827906311397309	-0.030005148285999907	-0.252785482853731
HG03744	HG03744	-0.004828985347171716	0.13385386215522882	-0.13868284750240054
HG03745	HG03745	0.2065331869480419	0.12132955889683217	0.08520362805120973
HG03746	HG03746	0.07152058105907266	0.020623605290893493	0.05089697576817917
HG03750	HG03750	-0.014234816871427285	-0.003925505978986624	-0.010309310892440662
HG03752	HG03752	-0.22632428498847892	-0.1975328060442117	-0.02879147894426723
HG03753	HG03753	0.030109705131959777	-0.018892338511068356	0.04900204364302813
HG03754	HG03754	-0.07431988907214185	0.05413901908323169	-0.12845890815537353
HG03755	HG03755	-0.02736367111817475	0	-0.02736367111817475
HG03756	HG03756	0.06403683988053695	-0.06869756449013951	0.13273440437067646
HG03757	HG03757	-0.26811603753151864	-0.28204339206125584	0.013927354529737191
HG03760	HG03760	0.10122644971740084	0.20104440196882933	-0.09981795225142849
HG03762	HG03762	0.055152863340363706	0.12132955889683217	-0.06617669555646846
HG03765	HG03765	-0.5932829956752114	-0.5641576838679612	-0.029125311807250177
HG03767	HG03767	-0.06737562307627673	-0.09899559371406215	0.031619970637785426
HG03770	HG03770	0.061857942275797065	0.06618226781720297	-0.004324325541405912
HG03771	HG03771	0.33535684032357216	0.12132955889683217	0.21402728142674
HG03772	HG03772	-0.15563396615523334	-0.1138515066122636	-0.041782459542969747
HG03773	HG03773	-0.11937352345250683	-0.10826197110582143	-0.011111552346685403
HG03774	HG03774	-0.1545061602376854	-0.15929357723798604	0.004787417000300648
HG03775	HG03775	-0.13630121465718265	-0.03971325855236501	-0.09658795610481763
HG03777	HG03777	-0.1604294246506985	-0.13229053339455277	-0.028138891256145743
HG03778	HG03778	-0.049636196042194075	0	-0.049636196042194075
HG03779	HG03779	-0.323189193880119	-0.24061504509300002	-0.08257414878711897
HG03780	HG03780	-0.30354991630822636	-0.20202459432184694	-0.10152532198637941
HG03781	HG03781	-0.08581182054854945	-0.174094338179566	0.08828251763101654
HG03782	HG03782	0.05713252103818309	0	0.05713252103818309
HG03784	HG03784	-0.6783008257247212	-0.5892269553442019	-0.08907387038051934
HG03785	HG03785	-0.27166852562333266	-0.24331647136714307	-0.028352054256189575
HG03786	HG03786	-0.5101736237705496	-0.5109045642660932	7.309404955435899e-4
HG03787	HG03787	0.2237598980788586	0.20104440196882933	0.022715496110029265
HG03788	HG03788	-0.11885864079577967	-0.2266372193869552	0.10777857859117553
HG03789	HG03789	0.25633361259020065	0.13777936813421546	0.1185542444559852
HG03790	HG03790	-0.5933826596917093	-0.7011421735223848	0.10775951383067545
HG03792	HG03792	-0.38450254764148134	-0.4481045700027607	0.06360202236127936
HG03793	HG03793	-0.05655006698797197	0	-0.05655006698797197
HG03796	HG03796	0.11106177880448223	-0.009126014751382173	0.1201877935558644
HG03800	HG03800	0.03522388945739095	0.06326503383461386	-0.028041144377222906
HG03802	HG03802	0.07120552838124128	0.05688503963174299	0.014320488749498287
HG03803	HG03803	-0.42817858451283586	-0.3117748619988561	-0.11640372251397973
HG03805	HG03805	0.1604483882011349	0.1971188959898427	-0.036670507788707785
HG03808	HG03808	-0.06107638007092318	-0.01599341348046439	-0.04508296659045879
HG03809	HG03809	-0.19227183003960865	0.023551775282248853	-0.21582360532185751
HG03812	HG03812	-0.10023626362463474	-0.09777778361458332	-0.0024584800100514188
HG03814	HG03814	-0.6259231370528204	-0.7222872743144397	0.09636413726161928
HG03815	HG03815	0.014943134479197054	0.07354936628835276	-0.05860623180915571
HG03817	HG03817	-0.03580244925662647	-0.06719053981360049	0.031388090556974016
HG03821	HG03821	0.15007208051291118	0.13777936813421546	0.012292712378695732
HG03823	HG03823	0.10021357447357801	0.13777936813421546	-0.03756579366063745
HG03824	HG03824	-0.4976067507497276	-0.40770322276442317	-0.08990352798530443
HG03826	HG03826	-0.735717463955927	-0.6721750384855549	-0.06354242547037205
HG03829	HG03829	-0.11201717731126268	-0.12638550617266447	0.0143683288614018
HG03830	HG03830	-0.07378258571026516	-0.009126014751382173	-0.06465657095888298
HG03832	HG03832	-0.1717259270560439	-0.09777778361458332	-0.07394814344146058
HG03833	HG03833	-0.2827611170864187	-0.07111604579258711	-0.2116450712938316
HG03836	HG03836	-0.1379574260007303	0	-0.1379574260007303
HG03837	HG03837	-0.49231898914327965	-0.5764695974183269	0.08415060827504725
HG03838	HG03838	0.24666437300983027	0.24104598648846143	0.005618386521368833
HG03844	HG03844	0.037954524883728136	0	0.037954524883728136
HG03846	HG03846	0.08647188550766768	-0.07631655456498265	0.16278844007265034
HG03848	HG03848	0.040609269514543245	-0.09038142799399793	0.13099069750854117
HG03849	HG03849	0.05106029039309815	0	0.05106029039309815
HG03850	HG03850	0.04745683209702929	0.12132955889683217	-0.07387272679980288
HG03851	HG03851	-0.17416652386307802	-0.12446111660683525	-0.04970540725624276
HG03854	HG03854	-0.3658359533241663	-0.3257425483406987	-0.04009340498346757
HG03856	HG03856	-0.8891083082902482	-1.0098013818031177	0.12069307351286951
HG03857	HG03857	0.26781137804694666	0.19584389319643378	0.07196748485051287
HG03858	HG03858	-0.058280053652628214	-0.030511292931623767	-0.02776876072100445
HG03861	HG03861	-0.001079517340273367	0.08581260686041786	-0.08689212420069123
HG03862	HG03862	-0.026873078706917856	-0.05626210598275066	0.029389027275832803
HG03863	HG03863	-0.017843449225017023	0.05806452506221831	-0.07590797428723534
HG03864	HG03864	0.0196312794654621	-0.09777778361458332	0.11740906308004542
HG03866	HG03866	-0.4311380405131513	-0.5840943805174902	0.15295634000433886
HG03867	HG03867	0.45158304902839125	0.2755587362684309	0.17602431275996033
HG03868	HG03868	-0.2937772749689315	-0.27660577262286096	-0.017171502346070552
HG03869	HG03869	-0.3483407043376584	-0.3347261041169986	-0.013614600220659787
HG03870	HG03870	0.14066820455472878	0.103266618354246	0.03740158620048278
HG03871	HG03871	0.31886906025683154	0.20104440196882933	0.11782465828800222
HG03872	HG03872	-0.012744041396865136	-0.06719053981360049	0.05444649841673535
HG03873	HG03873	-0.15052388054039437	-0.1512591813225299	7.353007821355567e-4
HG03874	HG03874	-0.6679651280134902	-0.6182080884696916	-0.04975703954379861
HG03875	HG03875	0.24188733417995514	0.2205193879781291	0.02136794620182606
HG03882	HG03882	-0.2088903022371481	-0.07422600833233445	-0.13466429390481366
HG03884	HG03884	0.16762749565984067	0.12132955889683217	0.046297936763008495
HG03885	HG03885	0.13596799730486792	0.11612905012443663	0.019838947180431298
HG03886	HG03886	0.11246924140139299	-0.048851006594486504	0.1613202479958795
HG03887	HG03887	0.041612783113079976	0.12132955889683217	-0.07971677578375219
HG03888	HG03888	0.19605452545300303	0.1365098756039515	0.05954464984905153
HG03890	HG03890	-0.5931422314851083	-0.5144419440650382	-0.07870028742007003
HG03894	HG03894	0.15411109518832425	0.05806452506221831	0.09604657012610594
HG03895	HG03895	-0.20949017121892058	-0.3096459853230044	0.10015581410408383
HG03896	HG03896	0.20083187755082704	0.24032440274814137	-0.03949252519731433
HG03897	HG03897	-0.29860636662580253	-0.15163857132429254	-0.14696779530151002
HG03898	HG03898	-0.10145868563159738	0	-0.10145868563159738
HG03899	HG03899	0.07188095338761062	0	0.07188095338761062
HG03900	HG03900	0.24697147130240693	0.11612905012443663	0.13084242117797032
HG03902	HG03902	-0.2919376240331487	-0.33233040329068897	0.04039277925754023
HG03905	HG03905	-0.34168183709103533	-0.1877261504414491	-0.15395568664958623
HG03907	HG03907	-0.6501117120078403	-0.7324588290241082	0.08234711701626785
HG03908	HG03908	0.07023091204990185	0.05806452506221831	0.01216638698768354
HG03910	HG03910	-0.03953255848417703	-0.3478136759484187	0.3082811174642417
HG03911	HG03911	-0.20887163192618932	-0.29553307466302065	0.08666144273683132
HG03913	HG03913	0.04062864608057899	-0.10394922574050726	0.14457787182108625
HG03914	HG03914	0.12300476289393462	0.09934111237525939	0.023663650518675233
HG03916	HG03916	0.08187955269517036	0.12132955889683217	-0.039450006201661815
HG03917	HG03917	-0.32848920436444595	-0.103680528408615	-0.22480867595583098
HG03919	HG03919	0.12756546693426002	0.028752284054644403	0.0988131828796156
HG03920	HG03920	-0.1167607456443934	-0.19233229727181614	0.07557155162742274
HG03922	HG03922	0.36221306741268766	0.13777936813421546	0.22443369927847223
HG03925	HG03925	-0.16583860054616284	-0.09777778361458332	-0.06806081693157952
HG03926	HG03926	0.2044031612033559	0.0614628135692328	0.14294034763412308
HG03928	HG03928	-0.029409510710587915	0.05413901908323169	-0.0835485297938196
HG03931	HG03931	0.06319278489653699	-0.17250165601726622	0.2356944409138032
HG03934	HG03934	-0.08908042248610319	0.06326503383461386	-0.15234545632071705
HG03937	HG03937	-0.09355007476419255	0.04151567763183268	-0.13506575239602522
HG03940	HG03940	-0.1340623378119232	-0.30112325085792696	0.16706091304600376
HG03941	HG03941	-0.5338641371358699	-0.5763404176104815	0.042476280474611564
HG03943	HG03943	-0.3113803119781202	-0.15884697060100733	-0.15253334137711286
HG03944	HG03944	0.02171452476190723	0.13385386215522882	-0.11213933739332159
HG03945	HG03945	-0.06885402522578085	0.030875569768249976	-0.09972959499403083
HG03947	HG03947	-0.24874611799145013	-0.1351233546854928	-0.11362276330595732
HG03949	HG03949	0.2084461888380425	0.06326503383461386	0.14518115500342862
HG03950	HG03950	-0.38470900045946294	-0.36222663346747874	-0.022482366991984176
HG03951	HG03951	-0.04635835611370662	-0.17250165601726622	0.1261432999035596
HG03953	HG03953	0.210718598422519	0.06326503383461386	0.14745356458790512
HG03955	HG03955	-1.002130198890711	-0.8783600171678699	-0.1237701817228411
HG03960	HG03960	-0.05952644667238202	0	-0.05952644667238202
HG03963	HG03963	0.1550814269188721	0.2643094358034432	-0.10922800888457107
HG03965	HG03965	0.23234241932206712	0.19584389319643378	0.036498526125633354
HG03967	HG03967	0.09221555793836786	0.25390841825865207	-0.1616928603202842
HG03968	HG03968	0.12334837417366971	0.028752284054644403	0.09459609011902531
HG03969	HG03969	0.3128164092975094	0.21939566847868264	0.09342074081882681
HG03971	HG03971	0.2178931654710916	0.13777936813421546	0.08011379733687615
HG03973	HG03973	-0.07888289664537783	0.040001584519632136	-0.11888448116500996
HG03974	HG03974	-3.734425143399611e-4	0.09806610958185044	-0.0984395520961904
HG03976	HG03976	0.02374475316647997	0.023551775282248853	1.9297788423111464e-4
HG03977	HG03977	0.2598072588391376	0.15613063464406876	0.10367662419506884
HG03978	HG03978	-0.22088148824752385	-0.305927608651109	0.08504612040358517
HG03985	HG03985	-0.25631715069927763	-0.25645291358232497	1.357628830473349e-4
HG03986	HG03986	-0.1274851912348935	-0.1387994567165151	0.01131426548162162
HG03989	HG03989	0.09999246087688349	0.19584389319643378	-0.09585143231955029
HG03990	HG03990	0.013616349296994956	-0.17310369573533535	0.1867200450323303
HG03991	HG03991	-0.3142587531374235	-0.3123019987717271	-0.0019567543656964464
HG03995	HG03995	0.2501163673594056	0.1793940839590505	0.07072228340035513
HG03998	HG03998	0.04200951151759175	0.06326503383461386	-0.021255522317022112
HG03999	HG03999	-0.2475058772126198	-0.09777778361458332	-0.1497280935980365
HG04001	HG04001	0.06320715210840777	0.028752284054644403	0.034454868053763375
HG04002	HG04002	0.38709087961998057	0.3444694208097644	0.042621458810216145
HG04003	HG04003	0.13421868952416569	0.13777936813421546	-0.003560678610049773
HG04006	HG04006	-0.2326755598081946	-0.03971325855236501	-0.19296230125582958
HG04014	HG04014	-0.3664351058449396	-0.36719319685362284	7.580910086832332e-4
HG04015	HG04015	-0.6608562672090185	-0.6389805991901085	-0.021875668018909982
HG04017	HG04017	0.19495843908669133	0.05806452506221831	0.136893914024473
HG04018	HG04018	0.08018645344251346	-0.13798890623729676	0.21817535967981022
HG04019	HG04019	-0.03606167365128093	0.05806452506221831	-0.09412619871349924
HG04020	HG04020	-0.7974926246872275	-0.8406067223288121	0.043114097641584574
HG04022	HG04022	-0.19041722508846803	-0.21503727503586562	0.024620049947397568
HG04023	HG04023	-0.17196390923806107	-0.1786445493809879	0.0066806401429268265
HG04025	HG04025	-0.44843298921076424	-0.4698193684453145	0.021386379234550307
HG04026	HG04026	0.17354153521878718	0.16133114341646432	0.012210391802322869
HG04029	HG04029	-0.045138952935638355	-0.1387994567165151	0.09366050378087676
HG04033	HG04033	-0.3983757815577448	-0.4721210675290786	0.07374528597133383
HG04035	HG04035	-0.20226233683445638	-0.17076262335758657	-0.03149971347686982
HG04038	HG04038	-0.38093974704833106	-0.3041621084052604	-0.07677763864307062
HG04039	HG04039	-0.13465822695798704	-0.12608066007960594	-0.008577566878381111
HG04042	HG04042	0.05815000295321144	0.05806452506221831	8.547789099313022e-5
HG04047	HG04047	-0.0013891811970459245	0.06326503383461386	-0.06465421503165979
HG04054	HG04054	0.1268675239643217	0.1286533533828333	-0.00178582941851161
HG04056	HG04056	0.1400395010920975	0.25910892703104765	-0.11906942593895015
HG04059	HG04059	-0.2792656800943416	-0.23739306170027702	-0.04187261839406457
HG04060	HG04060	-0.2311335691622116	-0.245714575285092	0.01458100612288042
HG04061	HG04061	0.14340964952339968	0.05806452506221831	0.08534512446118137
HG04062	HG04062	0.4507518154579878	0.22187754536280413	0.2288742700951837
HG04063	HG04063	0.15529545202971604	-0.009126014751382173	0.1644214667810982
HG04070	HG04070	-0.08637088743961321	-0.08632482774555686	-4.6059694056353663e-5
HG04075	HG04075	-0.3291391331510686	-0.45664173307525935	0.12750259992419075
HG04076	HG04076	0.03056251378471815	0.12132955889683217	-0.09076704511211402
HG04080	HG04080	0.2751322412375574	0.13890308763366194	0.13622915360389548
HG04090	HG04090	-0.661229709187462	-0.5801009405928198	-0.08112876859464226
HG04093	HG04093	-0.1729713129770683	-0.26274610704276713	0.08977479406569884
HG04094	HG04094	-0.0017724261923099845	0	-0.0017724261923099845
HG04096	HG04096	-0.12279618479035914	-0.22648411705158655	0.10368793226122741
HG04098	HG04098	0.04869962229104513	0.13777936813421546	-0.08907974584317033
HG04099	HG04099	-0.04418539164995949	0.13890308763366194	-0.18308847928362143
HG04100	HG04100	-0.2761668582014063	-0.14556394156534228	-0.13060291663606405
HG04106	HG04106	-0.6280787645285636	-0.48029690739233044	-0.14778185713623312
HG04107	HG04107	0.052211596902738217	0.20104440196882933	-0.14883280506609112
HG04118	HG04118	-0.9986900857588205	-0.8902234465349466	-0.10846663922387385
HG04131	HG04131	-1.1819091064196827	-0.9787523627281189	-0.20315674369156383
HG04134	HG04134	0.1929775430618459	0	0.1929775430618459
HG04140	HG04140	-0.04261475816306916	-0.12698630560189486	0.0843715474388257
HG04141	HG04141	0.0025485225852707703	-0.003925505978986624	0.006474028564257394
HG04144	HG04144	-0.2550864569345329	-0.3371743096038699	0.08208785266933699
HG04146	HG04146	-0.3442184521283957	-0.319106958003249	-0.025111494125146662
HG04152	HG04152	0.10301506400009888	0.05933952785562724	0.04367553614447165
HG04153	HG04153	0.07829624001794669	0.05413901908323169	0.024157220934714993
HG04155	HG04155	-0.09824363813544806	-0.031114461272954988	-0.06712917686249308
HG04156	HG04156	-0.3845822895762445	-0.34832822732557545	-0.03625406225066905
HG04158	HG04158	0.24757720096231012	0.1286533533828333	0.11892384757947681
HG04159	HG04159	-0.3456215543902091	-0.23785162856802344	-0.10776992582218564
HG04161	HG04161	0.21498591124038735	0.19584389319643378	0.01914201804395356
HG04162	HG04162	-0.047911368501860806	-0.027188955293968337	-0.02072241320789247
HG04164	HG04164	-0.6302409022554122	-0.5853014493652153	-0.0449394528901969
HG04171	HG04171	0.165766177890668	0.023551775282248853	0.14221440260841914
HG04173	HG04173	-0.4944747140170077	-0.3884580373065546	-0.10601667671045312
HG04176	HG04176	0.44308528410433684	0.33362326133064923	0.10946202277368762
HG04177	HG04177	0.20252761250684276	0.09806610958185044	0.1044615029249923
HG04180	HG04180	-0.0030391828103868276	-0.00413504408206794	0.0010958612716811123
HG04182	HG04182	0.15213712378262745	0.05806452506221831	0.09407259872040914
HG04183	HG04183	0.11762745044160502	0.05413901908323169	0.06348843135837333
HG04185	HG04185	0.21201720615080905	0.18459459273144604	0.027422613419362987
HG04186	HG04186	0.01994957656307776	0.08510072058998046	-0.0651511440269027
HG04188	HG04188	0.11469362534164927	0.05806452506221831	0.05662910027943096
HG04189	HG04189	0.06039773831491159	-0.022907526325434455	0.08330526464034604
HG04194	HG04194	-0.4411462732464626	-0.6270074848784134	0.1858612116319508
HG04195	HG04195	0.0039471499311285185	0.13777936813421546	-0.13383221820308694
HG04198	HG04198	0.3322180767365822	0.25910892703104765	0.07310914970553455
HG04200	HG04200	0.028273791225044198	0	0.028273791225044198
HG04202	HG04202	-0.5071762397969498	-0.4423519922886044	-0.06482424750834541
HG04206	HG04206	-0.0917255918800231	-0.06719053981360049	-0.024535052066422626
HG04209	HG04209	-0.3833140364645811	-0.3065870658028871	-0.07672697066169404
HG04210	HG04210	0.06863156338441112	0.05806452506221831	0.010567038322192813
HG04211	HG04211	0.21593282984485002	0.13385386215522882	0.08207896768962118
HG04212	HG04212	-0.5323314681659269	-0.2896792558021843	-0.2426522123637426
HG04214	HG04214	-0.27270682950130576	-0.15929357723798604	-0.11341325226331973
HG04216	HG04216	-0.28679434972930695	-0.13229053339455277	-0.15450381633475418
HG04219	HG04219	-0.09325071960922547	0	-0.09325071960922547
HG04222	HG04222	0.20498294486755025	0.05806452506221831	0.14691841980533193
HG04225	HG04225	-0.017774848008461387	0.05413901908323169	-0.07191386709169308
HG04227	HG04227	0.003623926944085837	0.13385386215522882	-0.13022993521114298
HG04229	HG04229	0.1121271905563698	0.05413901908323169	0.05798817147313811
HG04235	HG04235	-0.45892852202053236	-0.4173176804441027	-0.041610841576429636
HG04238	HG04238	-0.21958980570313436	-0.03971325855236501	-0.17987654715076934
HG04239	HG04239	-0.14938480406248117	-0.09777778361458332	-0.05160702044789783
HG04301	HG04301	-0.1239489173393041	0.05806452506221831	-0.18201344240152242
HG04302	HG04302	-0.14752528972397036	-0.13311816450441255	-0.014407125219557818
HG04303	HG04303	0.05095200733469643	-0.18817990153329447	0.2391319088679909
NA06984	NA06984	-0.5098201155356332	-0.36883727826643736	-0.1409828372691959
NA06985	NA06985	0.07469416074954299	0.12132955889683217	-0.04663539814728918
NA06986	NA06986	-0.018570106329610737	-0.006278221565298739	-0.012291884764311997
NA06989	NA06989	-0.33534009922095726	-0.33801262273918836	0.0026725235182311303
NA06994	NA06994	-0.027306201384996932	0.028542745951563087	-0.05584894733656002
NA07000	NA07000	-0.22108581280868733	-0.1144371309550479	-0.10664868185363943
NA07037	NA07037	0.1616676845762689	0.06326503383461386	0.09840265074165502
NA07048	NA07048	0.3415290347023453	0.25390841825865207	0.08762061644369326
NA07051	NA07051	-0.25656929373482934	-0.2601866398239508	0.003617346089121459
NA07056	NA07056	0.13253272275138334	0.045013004331849515	0.08751971841953382
NA07347	NA07347	-0.5479900962049469	-0.4556808705441654	-0.09230922566078148
NA07357	NA07357	-0.03754634850603496	-0.0765776742249727	0.03903132571893775
NA10847	NA10847	-0.04228957805614187	-0.03971325855236501	-0.002576319503776859
NA10851	NA10851	0.028621185235074273	0.042386279546190064	-0.01376509431111579
NA11829	NA11829	-0.4623167007721478	-0.42251173846889284	-0.039804962303254976
NA11830	NA11830	0.22094966276166003	0.08681680911686271	0.13413285364479732
NA11831	NA11831	-0.4701489745337813	-0.3629612531978637	-0.10718772133591759
NA11832	NA11832	0.16025190379406007	0.25464591780735646	-0.09439401401329638
NA11840	NA11840	-0.03557077235637063	0.12132955889683217	-0.1569003312532028
NA11843	NA11843	-0.26067316676936975	-0.1466170569183305	-0.11405610985103926
NA11881	NA11881	-0.2112797847179709	-0.20958600655430926	-0.001693778163661654
NA11892	NA11892	0.29790435147230704	0.042386279546190064	0.255518071926117
NA11893	NA11893	0.05931579211083559	-0.04363876453135162	0.10295455664218721
NA11894	NA11894	-0.3057851729993377	-0.27809496317058807	-0.027690209828749618
NA11918	NA11918	-0.04488388911824687	-0.04883927330374717	0.0039553841855003
NA11919	NA11919	-0.1535415095199329	-0.19866844606585804	0.04512693654592516
NA11920	NA11920	1.4038604657663767e-4	0.05806452506221831	-0.057924139015641675
NA11930	NA11930	0.2055796802347291	0.24020546646788715	-0.03462578623315804
NA11931	NA11931	0.0337840911009763	0.19584389319643378	-0.16205980209545748
NA11932	NA11932	0.1373623306479607	0.12132955889683217	0.016032771751128532
NA11933	NA11933	0.12391782991196751	0.014425760530866694	0.10949206938110081
NA11992	NA11992	0.0746396558371557	0.08352090356638658	-0.008881247729230874
NA11994	NA11994	-0.11065843967010534	-0.11963763972744346	0.008979200057338108
NA11995	NA11995	0.2444458215335826	0.07058882832061497	0.17385699321296763
NA12003	NA12003	-0.20065721690943805	-0.10690379836596547	-0.09375341854347258
NA12004	NA12004	-0.07380461893467521	-0.10086352970537266	0.027058910770697442
NA12005	NA12005	0.16947414708056904	0.19584389319643378	-0.026369746115864724
NA12006	NA12006	0.10458688992536776	0.14678593740100043	-0.042199047475632676
NA12043	NA12043	-0.13272347331639686	-0.1027191855944693	-0.03000428772192757
NA12044	NA12044	-0.3465770963007626	-0.3016467384528369	-0.0449303578479257
NA12045	NA12045	0.08527963792329138	0.04872897220775485	0.036550665715536536
NA12046	NA12046	-0.24225487248007777	-0.21217200425453486	-0.030082868225542903
NA12058	NA12058	-0.14876656782558767	-0.16220197525108232	0.013435407425494636
NA12144	NA12144	-0.6430339621932546	-0.669133109020535	0.026099146827280418
NA12154	NA12154	-0.09608365766765646	-0.03971325855236501	-0.05637039911529145
NA12155	NA12155	-0.22831924456760377	-0.021859856112860135	-0.20645938845474363
NA12156	NA12156	-0.23755146755589235	-0.19868654893944038	-0.038864918616451985
NA12234	NA12234	-0.09449381351934355	0.09414060360286383	-0.18863441712220738
NA12249	NA12249	0.10311635127759657	0.08681680911686271	0.016299542160733857
NA12272	NA12272	0.04333975331004524	-0.03833597341747954	0.08167572672752478
NA12273	NA12273	0.022001456954564964	0.054427345050498815	-0.03242588809593385
NA12275	NA12275	-0.001978499282212387	-0.10711333646904678	0.10513483718683439
NA12282	NA12282	-0.0042225996970824825	-0.07185832085087893	0.06763572115379644
NA12283	NA12283	-0.03908075837379031	-0.04363876453135162	0.004558006157561309
NA12286	NA12286	0.12661917162608788	0.25910892703104765	-0.13248975540495977
NA12287	NA12287	0.21472709038204021	0.018351266509853303	0.1963758238721869
NA12340	NA12340	0.297500788750155	0.19584389319643378	0.10165689555372122
NA12341	NA12341	-0.21984277305891733	-0.19790723312180486	-0.021935539937112475
NA12342	NA12342	0.24812923461311778	0.30739600628148767	-0.05926677166836989
NA12347	NA12347	-0.39300596292360024	-0.3576750477775931	-0.0353309151460071
NA12348	NA12348	-0.9436178087249553	-0.7855991778953466	-0.15801863082960865
NA12383	NA12383	-0.09764199183289868	0.05806452506221831	-0.155706516895117
NA12399	NA12399	0.00924352117278203	0.06305549573153257	-0.053811974558750544
NA12400	NA12400	-0.2571362206405182	-0.14711492098867893	-0.11002129965183927
NA12413	NA12413	-0.15652225388444807	0.103266618354246	-0.25978887223869407
NA12414	NA12414	0.15049708233588538	0.25910892703104765	-0.10861184469516227
NA12489	NA12489	-0.12913167109965012	0.028752284054644403	-0.15788395515429451
NA12546	NA12546	-0.07094762476640959	-0.207322623534128	0.13637499876771841
NA12716	NA12716	-0.27774525053895294	-0.2702794396318495	-0.0074658109071034
NA12717	NA12717	-0.020368592121902306	0.02460883459367323	-0.04497742671557554
NA12718	NA12718	-0.09278834475272854	-0.07159710031701248	-0.021191244435716055
NA12748	NA12748	-0.36134418345663266	-0.31348752418998627	-0.04785665926664642
NA12749	NA12749	0.003034878033547239	0.11853151741670447	-0.11549663938315723
NA12750	NA12750	0.2774390976614837	0.24265911779366434	0.03477997986781938
NA12751	NA12751	0.03788036081352694	-0.03451274977996946	0.0723931105934964
NA12760	NA12760	-0.279054296134512	-0.07942651710473002	-0.19962777902978196
NA12761	NA12761	-0.0979474947015502	-0.03244322271784767	-0.06550427198370254
NA12762	NA12762	-0.16942113678578163	-0.2724180809222162	0.10299694413643455
NA12763	NA12763	-0.3801917376919345	-0.2944793685676995	-0.08571236912423495
NA12775	NA12775	-0.09507786077723535	-0.1513015466276556	0.05622368585042026
NA12776	NA12776	-0.0056888726660369315	-0.03184684002771973	0.0261579673616828
NA12777	NA12777	0.07817584966297514	0.23267213387880475	-0.15449628421582962
NA12778	NA12778	-0.3197199347948414	-0.24086625664494932	-0.07885367814989205
NA12812	NA12812	-0.2852683909171765	-0.19868654893944038	-0.08658184197773613
NA12813	NA12813	-0.026973082010496974	-0.3055982712190598	0.27862518920856283
NA12814	NA12814	-0.3298681873988442	-0.454907346109394	0.12503915871054977
NA12815	NA12815	-0.13302800349085978	-0.03631497004535054	-0.09671303344550923
NA12827	NA12827	-0.7328072997730558	-0.6647272871690802	-0.0680800126039756
NA12828	NA12828	0.2291230319178617	0.15613063464406876	0.07299239727379296
NA12829	NA12829	0.08231055901233378	0.02533238501055165	0.05697817400178212
NA12830	NA12830	-0.37133778364854186	-0.19868654893944038	-0.17265123470910151
NA12842	NA12842	-0.346179820461144	-0.08905039592646062	-0.25712942453468335
NA12843	NA12843	0.11416948454812141	0.028752284054644403	0.08541720049347701
NA12872	NA12872	-0.055347177969792924	0.04893851031083614	-0.10428568828062906
NA12873	NA12873	0.30629275924588734	0.21939566847868264	0.08689709076720468
NA12874	NA12874	-0.19162966200923467	-0.1461338191642426	-0.04549584284499208
NA12878	NA12878	-0.25333917029298114	-0.3895437662024051	0.13620459590942394
NA12889	NA12889	-0.028934122752582406	0.04140517772175373	-0.07033930047433613
NA12890	NA12890	0.062452130811050416	0.15613063464406876	-0.09367850383301835
NA18486	NA18486	-0.4747311366408932	-0.48192551386309784	0.007194377222204607
NA18488	NA18488	-0.08720449367865807	-0.17290617404505615	0.08570168036639808
NA18489	NA18489	-0.019902939362247282	-0.1246762775932439	0.10477333823099662
NA18499	NA18499	-1.2424041045792247	-1.1965267947318499	-0.04587730984737489
NA18501	NA18501	-0.2769666646170258	-0.3934665424516425	0.11649987783461671
NA18502	NA18502	-0.1402720245139683	-0.1272293918533251	-0.013042632660643212
NA18504	NA18504	0.19035244869793683	0.1877833431353792	0.002569105562557625
NA18505	NA18505	-0.09713014856591093	-0.11727941469289367	0.02014926612698274
NA18507	NA18507	-0.12345891000999643	0.05392948098015038	-0.1773883909901468
NA18508	NA18508	-0.41134197277622697	-0.42029142777901146	0.008949455002784466
NA18510	NA18510	-0.4777745203819913	-0.36038643389735375	-0.11738808648463755
NA18511	NA18511	-1.2043710846570272	-1.1089526463244108	-0.09541843833261648
NA18516	NA18516	-0.05557340841984813	-0.07885891648475082	0.02328550806490269
NA18517	NA18517	-0.14089017849170485	-0.18162939158501107	0.04073921309330622
NA18519	NA18519	-0.23636425462063101	-0.2431683455826715	0.006804090962040491
NA18520	NA18520	-0.2732407505185446	-0.33576624272391203	0.06252549220536745
NA18522	NA18522	-0.48561799591755095	-0.41537939403955826	-0.0702386018779927
NA18523	NA18523	0.20206509085063093	0.04480346622876821	0.15726162462186272
NA18525	NA18525	0.13473445730268185	0.11719451481476423	0.017539942487917626
NA18526	NA18526	0.07457042783624404	0.08681680911686271	-0.012246381280618675
NA18527	NA18527	-0.07630658209408642	0.019230376160703576	-0.09553695825479
NA18528	NA18528	-0.11497480574226662	-0.04417490155715492	-0.0707999041851117
NA18530	NA18530	-0.22918320789089203	-0.007851011957973247	-0.22133219593291878
NA18531	NA18531	-0.8025376684056151	-0.6853720220271498	-0.11716564637846538
NA18532	NA18532	-0.5987590111724113	-0.4582243046257645	-0.14053470654664674
NA18533	NA18533	-0.3038431180912362	-0.26274610704276713	-0.04109701104846909
NA18534	NA18534	0.07895741159685818	0.05933952785562724	0.019617883741230947
NA18535	NA18535	-0.08711029607038691	-0.19420227840309967	0.10709198233271276
NA18536	NA18536	-0.45090776240638897	-0.3241333741066047	-0.12677438829978427
NA18537	NA18537	-0.22252986004530334	-0.10985385817475621	-0.11267600187054715
NA18538	NA18538	0.10948387347247122	0.12653006766922772	-0.017046194196756497
NA18539	NA18539	0.10950218163272936	0.05933952785562724	0.05016265377710212
NA18541	NA18541	0.07675005803474019	-0.04859797561075541	0.1253480336454956
NA18542	NA18542	-0.01246485112113721	-0.18181402580812578	0.16934917468698857
NA18543	NA18543	-0.3586649616897275	-0.2930514195002616	-0.06561354218946594
NA18544	NA18544	0.003988653952633592	0.023551775282248853	-0.01956312132961526
NA18545	NA18545	-0.11741914112021581	-0.003925505978986624	-0.11349363514122919
NA18546	NA18546	-0.05618381192935705	0.05933952785562724	-0.11552333978498429
NA18547	NA18547	-0.28347475759695123	-0.17642716199625283	-0.10704759560069839
NA18548	NA18548	-0.11901162030382624	-0.14605867255013436	0.027047052246308115
NA18549	NA18549	-0.5034061909409682	-0.47980816692579537	-0.023598024015172768
NA18550	NA18550	-0.10065366400477349	-0.1360009025083855	0.03534723850361201
NA18552	NA18552	-0.30893118997739216	-0.27236998586449773	-0.03656120411289445
NA18553	NA18553	-0.29898136764373595	-0.4428857636470348	0.14390439600329882
NA18555	NA18555	0.25380284857167595	0.16653165218885985	0.08727119638281611
NA18557	NA18557	0.12256489566126952	-0.04756427051033827	0.17012916617160778
NA18558	NA18558	-0.019982639596770553	-0.07111604579258711	0.05113340619581656
NA18559	NA18559	0.0431170041317334	-0.10170328959356993	0.14482029372530333
NA18560	NA18560	-0.495564737513733	-0.3797189202159643	-0.11584581729776866
NA18561	NA18561	-0.0871481981158298	-0.04756427051033827	-0.03958392760549154
NA18562	NA18562	0.17442034846635157	0.05413901908323169	0.12028132938311989
NA18563	NA18563	-0.8644294294898147	-0.747508275981527	-0.11692115350828769
NA18564	NA18564	-0.4238189743997613	-0.37215272018220275	-0.05166625421755853
NA18565	NA18565	-0.10954389160293077	-0.2262749794870615	0.11673108788413072
NA18566	NA18566	0.3210824414607745	0.33489826412405815	-0.013815822663283637
NA18567	NA18567	-0.09545037677247413	-0.19948107320815328	0.10403069643567915
NA18570	NA18570	-0.13605021591103544	-0.1467669682810083	0.010716752369972861
NA18571	NA18571	-0.3368144162865544	-0.1963853086952586	-0.1404291075912958
NA18572	NA18572	-0.5766602616716964	-0.4992595942458138	-0.07740066742588256
NA18573	NA18573	-0.05589109632880844	-0.10562879557255658	0.04973769924374814
NA18574	NA18574	-0.11175638539317626	-0.08896734088193631	-0.02278904451123994
NA18576	NA18576	-0.04546120063985544	0.05933952785562724	-0.10480072849548268
NA18577	NA18577	-0.47363062503575043	-0.35132232940057306	-0.12230829563517737
NA18579	NA18579	0.07071492010158956	0.20104440196882933	-0.13032948186723978
NA18582	NA18582	-0.8788557801864167	-0.8018989763692952	-0.0769568038171216
NA18591	NA18591	-0.12819664057432786	-0.03843825575895607	-0.0897583848153718
NA18592	NA18592	-0.1302103427268798	-0.07111604579258711	-0.05909429693429269
NA18593	NA18593	-0.5242851535195113	-0.5523667313694023	0.028081577849890956
NA18595	NA18595	-0.18609835595375016	-0.14441626169532534	-0.04168209425842481
NA18596	NA18596	-0.26900602646340255	-0.17653319591190667	-0.0924728305514959
NA18597	NA18597	-0.2922693224583773	-0.3175215211845935	0.025252198726216202
NA18599	NA18599	-0.2517350037001059	-0.3214643511455506	0.06972934744544472
NA18602	NA18602	-0.02939438847461233	-0.016659347340464592	-0.012735041134147737
NA18603	NA18603	-0.06349853340689286	-0.10021664134692404	0.03671810794003118
NA18605	NA18605	-0.1308364959011964	-0.03451274977996946	-0.09632374612122692
NA18606	NA18606	-0.218228986174156	-0.16992753450758757	-0.048301451666568435
NA18608	NA18608	-0.11676012806084682	-0.1634816751815379	0.04672154712069107
NA18609	NA18609	-0.546887971637857	-0.46887522574863394	-0.07801274588922297
NA18610	NA18610	-0.6459748777886982	-0.5305262539181859	-0.11544862387051241
NA18611	NA18611	0.10540402807191694	-0.10170328959356993	0.20710731766548687
NA18612	NA18612	-0.2558040459156801	-0.2651849647751079	0.009380918859427757
NA18613	NA18613	-0.08757555270173165	-0.2765142461983487	0.18893869349661704
NA18614	NA18614	0.045298016632647785	0.09414060360286383	-0.04884258697021605
NA18615	NA18615	-0.20234776438971402	-0.2132492123637348	0.010901447974020775
NA18616	NA18616	-0.21837312796452943	-0.16889382940717046	-0.04947929855735897
NA18617	NA18617	0.09451890126743054	-0.03843825575895607	0.1329571570263866
NA18618	NA18618	0.11807499284636083	0.019626269303262243	0.09844872354309858
NA18619	NA18619	0.04703059238048407	-0.03451274977996946	0.08154334216045353
NA18620	NA18620	-0.3092299712598194	-0.2488182105822489	-0.06041176067757046
NA18621	NA18621	-0.1775061363880764	-0.14147897551301866	-0.03602716087505776
NA18622	NA18622	0.3244234221405228	0.21547016249969603	0.10895325964082675
NA18623	NA18623	-0.08168905637348169	-0.056603977712802594	-0.02508507866067909
NA18624	NA18624	-0.510347473915103	-0.5688165406067857	0.05846906669168265
NA18625	NA18625	-0.9036339892050742	-1.0081121769486927	0.10447818774361849
NA18626	NA18626	0.0015501956868374592	-0.03631497004535054	0.037865165732188
NA18627	NA18627	-0.9149416931248413	-0.6995130355153234	-0.21542865760951796
NA18628	NA18628	-0.11759456716044926	-0.03451274977996946	-0.0830818173804798
NA18629	NA18629	0.23726161392507805	0.11740405291784556	0.11985756100723251
NA18630	NA18630	0.43261030355145835	0.4763881593728438	-0.043777855821385464
NA18631	NA18631	-0.882010741526248	-0.75934159002034	-0.12266915150590806
NA18632	NA18632	0.08660844067850039	-0.025702307047322445	0.11231074772582283
NA18633	NA18633	0.12472744200355039	0.032150572561658874	0.09257686944189152
NA18634	NA18634	-0.8898538475185949	-0.8186275698617101	-0.0712262776568847
NA18635	NA18635	-0.6405515402533314	-0.6894647032637149	0.04891316301038354
NA18636	NA18636	-0.7293295285598511	-0.8128239950230346	0.08349446646318351
NA18637	NA18637	-0.18956475810308585	-0.1767332804156468	-0.012831477687439048
NA18638	NA18638	-0.47812617245673333	-0.346593948150985	-0.13153222430574835
NA18639	NA18639	0.12301523000028047	0.07769079436548056	0.045324435634799924
NA18640	NA18640	-0.522449296219635	-0.3285629717167467	-0.19388632450288834
NA18641	NA18641	0.021533016521865164	0.12653006766922772	-0.10499705114736256
NA18642	NA18642	-0.4873347275063458	-0.48732490018010144	-9.827326244361874e-6
NA18643	NA18643	-0.17279030859778197	-0.04363876453135162	-0.12915154406643034
NA18644	NA18644	-0.14311443112910263	-0.03843825575895607	-0.10467617537014656
NA18645	NA18645	-0.12799879511388162	-0.10170328959356993	-0.026295505520311704
NA18646	NA18646	-0.11976610872295036	-0.003925505978986624	-0.11584060274396374
NA18647	NA18647	-0.9822907206780398	-0.7923758197491988	-0.189914900928841
NA18648	NA18648	-0.6173229670009618	-0.6701858268268406	0.05286285982587883
NA18740	NA18740	-0.2413953199146452	-0.2532543966779485	0.011859076763303344
NA18745	NA18745	-0.33178587061977305	-0.37073579616844654	0.03894992554867349
NA18747	NA18747	-0.8321979992110237	-0.7650563269457781	-0.06714167226524555
NA18748	NA18748	-0.16736522904560747	0.06666332234162835	-0.23402855138723583
NA18749	NA18749	0.17536521250091888	-0.009126014751382173	0.18449122725230105
NA18757	NA18757	0.3749928382330479	0.23712048050947485	0.13787235772357306
NA18791	NA18791	0.14990663601316584	0.09414060360286383	0.055766032410302015
NA18853	NA18853	-0.4441666522352552	-0.3528544983826578	-0.09131215385259737
NA18856	NA18856	0.4179850190683688	0.20836819645483043	0.20961682261353842
NA18858	NA18858	-0.654747652952047	-0.6588645337658934	0.004116880813846443
NA18861	NA18861	-0.6276035363537166	-0.6243789820349777	-0.003224554318738963
NA18864	NA18864	0.056532903873111995	-0.17966185170663523	0.23619475557974723
NA18865	NA18865	0.037135796215760714	-0.07546398668782792	0.11259978290358863
NA18867	NA18867	-0.31180870375866365	-0.2449620779720135	-0.06684662578665017
NA18868	NA18868	-0.21013369108859228	-0.20428922672290362	-0.005844464365688662
NA18870	NA18870	0.22263342005744258	0.13364432405214755	0.08898909600529502
NA18871	NA18871	-0.3888664055243128	-0.47680786907440054	0.08794146355008775
NA18873	NA18873	-0.14967358782614976	-0.20441830953350293	0.054744721707353165
NA18874	NA18874	-0.4445125509992669	-0.5189040309167468	0.07439147991747988
NA18876	NA18876	-0.09092435278564244	-0.07652609266806396	-0.014398260117578483
NA18877	NA18877	-0.5344965537255445	-0.5023905288078823	-0.03210602491766222
NA18878	NA18878	-0.3001821759337095	-0.2930129187647253	-0.007169257168984197
NA18879	NA18879	-0.14535195620966151	-0.12571388946380468	-0.019638066745856816
NA18881	NA18881	-0.6048503439346942	-0.5209098891380709	-0.08394045479662321
NA18907	NA18907	-0.7416869214784614	-0.6285415607737377	-0.11314536070472368
NA18908	NA18908	-0.0678001138233242	-0.13462998979049742	0.06682987596717323
NA18909	NA18909	-0.22524829188137716	-0.07864937838166952	-0.14659891349970763
NA18910	NA18910	0.2149725461623653	0.12794713358161974	0.08702541258074556
NA18912	NA18912	0.0030464284832559495	0.023524317238479808	-0.02047788875522386
NA18915	NA18915	0.1082576537272337	0.17004234815249217	-0.06178469442525847
NA18916	NA18916	-1.1495960193218824	-1.1230733991716988	-0.026522620150183585
NA18917	NA18917	-0.2824509114042235	-0.15184694789350037	-0.13060396351072312
NA18923	NA18923	-0.6006260637919965	-0.5053577107493765	-0.09526835304261988
NA18924	NA18924	-0.871267218197383	-0.8683667135657742	-0.002900504631608681
NA18933	NA18933	-0.7258074179290435	-0.617740587319713	-0.10806683060933041
NA18934	NA18934	-0.25288710504645406	-0.08405942525714638	-0.16882767978930768
NA18939	NA18939	-0.018804417098338688	0.09934111237525939	-0.11814552947359808
NA18940	NA18940	-0.09854067980691601	-0.0788562781875953	-0.019684401619320713
NA18941	NA18941	-0.3378624938978929	-0.3562578725162894	0.01839537861839646
NA18942	NA18942	-0.35686703651015256	-0.3398461042714305	-0.017020932238722017
NA18943	NA18943	0.16739451114214865	0.09747301556635646	0.06992149557579219
NA18944	NA18944	-0.2475349412809333	-0.2743913006503135	0.02685635936938016
NA18945	NA18945	0.0052057752366096565	0.019626269303262243	-0.014420494066652587
NA18946	NA18946	-0.25750229749002174	-0.27711965884082024	0.019617361350798473
NA18947	NA18947	0.1648583081645424	-0.03843825575895607	0.20329656392349846
NA18948	NA18948	-0.4478465480510633	-0.5723733581136912	0.12452681006262792
NA18949	NA18949	-0.41338496967697114	-0.5251777760754339	0.11179280639846277
NA18950	NA18950	-0.009226935856640306	-0.08777539313305169	0.07854845727641138
NA18951	NA18951	-0.27222096653359873	-0.17642716199625283	-0.09579380453734593
NA18952	NA18952	-0.2796489307247426	-0.5185659231534228	0.23891699242868017
NA18953	NA18953	-0.22025958696506778	-0.30770690264180306	0.08744731567673528
NA18954	NA18954	0.21772507584326445	0.12632052956614642	0.09140454627711801
NA18955	NA18955	0.11999129051945272	0.1299283561762422	-0.009937065656789491
NA18956	NA18956	-0.2660959701143426	-0.322597492173314	0.0565015220589714
NA18957	NA18957	-0.07608689809358532	-0.09529959365818641	0.01921269556460109
NA18959	NA18959	-9.788352140542855e-4	-0.16889382940717046	0.16791499419311617
NA18960	NA18960	0.02918687584645773	-0.035049534517340296	0.06423641036379803
NA18961	NA18961	0.02867738857703475	0.103266618354246	-0.07458922977721125
NA18962	NA18962	0.002673805010679809	-0.005602482401765842	0.00827628741244565
NA18963	NA18963	-0.26475212469451725	-0.29011010178364816	0.0253579770891309
NA18964	NA18964	-0.3573941892428447	-0.35263430720474565	-0.004759882038099064
NA18965	NA18965	-0.17572765266412163	-0.03843825575895607	-0.13728939690516556
NA18966	NA18966	-0.026459718005397828	-0.14894988073501736	0.12249016272961953
NA18967	NA18967	-0.6437152471128592	-0.5782284511020407	-0.06548679601081855
NA18968	NA18968	-0.5580540043285818	-0.47448990996927026	-0.08356409435931156
NA18969	NA18969	0.06264691353199006	-0.012559513468295341	0.0752064270002854
NA18970	NA18970	-0.03664887590554647	-0.18023433296475558	0.1435854570592091
NA18971	NA18971	-0.2373692569556592	-0.3068827356444672	0.06951347868880801
NA18972	NA18972	-0.006366141741140849	-0.07815151431132109	0.07178537257018024
NA18973	NA18973	0.16592991164278598	0.1299283561762422	0.036001555466543766
NA18974	NA18974	-0.7470660076455	-0.8365258394798847	0.0894598318343847
NA18975	NA18975	-0.4819074761144947	-0.45390755151491613	-0.027999924599578577
NA18976	NA18976	-0.08904346090493764	-0.17250165601726622	0.08345819511232858
NA18977	NA18977	-0.5463084424610006	-0.6110745277539827	0.06476608529298211
NA18978	NA18978	-0.3093957858126036	-0.33580396595969797	0.026408180147094375
NA18979	NA18979	-0.574519147709748	-0.6579462031498552	0.08342705544010716
NA18980	NA18980	0.02848996112671265	0.10201793438941245	-0.0735279732626998
NA18981	NA18981	-0.6966516667572957	-0.6956556002143771	-9.960665429186244e-4
NA18982	NA18982	-0.2600133935328877	-0.2848437311509624	0.024830337618074697
NA18983	NA18983	-0.3924060652961557	-0.3944338764599525	0.0020278111637967895
NA18984	NA18984	0.14756596752631126	0.1471291576763616	4.368098499496703e-4
NA18985	NA18985	-0.7185333349845983	-0.6748135149246082	-0.04371982005999006
NA18986	NA18986	-1.022531457257231	-0.9722303411050348	-0.05030111615219615
NA18987	NA18987	0.22916156165008206	0.3223739608656615	-0.09321239921557944
NA18988	NA18988	0.18066262723787593	0.06875386857427654	0.1119087586635994
NA18989	NA18989	-0.1541538421843246	-0.20159380699042237	0.04743996480609779
NA18990	NA18990	-0.39794564993025017	-0.4048468742985279	0.006901224368277709
NA18991	NA18991	-0.5661157056227496	-0.5305479284143075	-0.035567777208442015
NA18992	NA18992	0.217048526053471	0.11454223764780908	0.10250628840566192
NA18993	NA18993	-0.22481580333418136	-0.0762491297675297	-0.14856667356665165
NA18994	NA18994	0.1345550827113561	0.31375982561334975	-0.17920474290199365
NA18995	NA18995	-0.19558643539861142	-0.35177534810826183	0.1561889127096504
NA18997	NA18997	-0.564527654487237	-0.5916869196491316	0.027159265161894593
NA18998	NA18998	-0.606375956439812	-0.565889691747725	-0.04048626469208707
NA18999	NA18999	0.22329096323728348	0.09934111237525939	0.12394985086202409
NA19000	NA19000	-0.22759518341705837	-0.4049560518851503	0.17736086846809196
NA19001	NA19001	-0.24284570005479403	-0.2585847627352923	0.01573906268049827
NA19002	NA19002	0.28507934018569564	0.1971188959898427	0.08796044419585294
NA19003	NA19003	-0.5478008032310628	-0.6270552378296853	0.0792544345986225
NA19004	NA19004	0.005490491578857448	-0.17426935672922997	0.17975984830808742
NA19005	NA19005	-0.9717175431115326	-1.11025391161209	0.13853636850055742
NA19006	NA19006	0.1398590058339704	0.1971188959898427	-0.05725989015587229
NA19007	NA19007	-0.14769990777498804	-0.03831992074847219	-0.10937998702651584
NA19009	NA19009	-0.5374986697357955	-0.5598389866063371	0.02234031687054158
NA19010	NA19010	-0.20162585149436804	-0.358355974778533	0.15673012328416494
NA19011	NA19011	-0.012884116230830411	-0.22483583486173303	0.21195171863090262
NA19012	NA19012	0.6115046138646288	0.6060530178053305	0.0054515960592983505
NA19017	NA19017	-0.13366629108831574	-0.02599490019492806	-0.10767139089338769
NA19019	NA19019	-0.2840796383360263	-0.3557841301895678	0.07170449185354148
NA19020	NA19020	-0.1704692674975528	-0.26755460197492503	0.09708533447737222
NA19023	NA19023	-0.5922188044521898	-0.6624444849905559	0.07022568053836607
NA19024	NA19024	-1.2342189918903013	-1.278639853093773	0.044420861203471815
NA19025	NA19025	0.1037093055319791	-0.08690520932432266	0.19061451485630176
NA19026	NA19026	-1.0847300662224895	-0.9855379259912297	-0.09919214023125969
NA19027	NA19027	-0.6821615937629343	-0.7383239935617895	0.05616239979885516
NA19028	NA19028	0.23665179269490982	0.3132479461142793	-0.0765961534193695
NA19030	NA19030	-0.33925756664017576	-0.25509668281301856	-0.08416088382715721
NA19031	NA19031	-0.367497523921275	-0.3892715830472298	0.02177405912595484
NA19035	NA19035	-0.8148279957483258	-0.6087502265374642	-0.20607776921086157
NA19036	NA19036	-0.8846384439090712	-0.8516910686623305	-0.03294737524674072
NA19037	NA19037	0.4204819884918214	0.23665750073268998	0.1838244877591314
NA19038	NA19038	0.009652670765704863	-0.14834798737429086	0.15800065813999573
NA19041	NA19041	-0.6458473595165968	-0.7023286841576919	0.056481324641095065
NA19042	NA19042	-0.09410062695390727	-0.07188044507056478	-0.022220181883342488
NA19043	NA19043	0.05620138413072801	0.053719942877069105	0.002481441253658909
NA19044	NA19044	-0.9130990171899449	-0.8276114872889594	-0.08548752990098553
NA19054	NA19054	-0.02973298864676438	-0.07111604579258711	0.04138305714582273
NA19055	NA19055	0.03431326220525863	-0.10366297651054338	0.137976238715802
NA19056	NA19056	-0.3150909565561454	-0.16357498562429101	-0.15151597093185434
NA19057	NA19057	-0.17808573770126312	-0.22876072772778566	0.05067499002652254
NA19058	NA19058	-0.48505051987397074	-0.36415578236337753	-0.12089473751059324
NA19059	NA19059	-0.1036598163410991	0.0662350298836827	-0.1698948462247818
NA19060	NA19060	-0.345528986562759	-0.16992753450758757	-0.17560145205517141
NA19062	NA19062	-0.2653260988590483	-0.3193410935113207	0.054014994652272386
NA19063	NA19063	0.08984200641504562	0.028752284054644403	0.06108972236040122
NA19064	NA19064	0.016056262546532616	-0.007851011957973247	0.023907274504505863
NA19065	NA19065	0.08436059549099727	0.18276648256182673	-0.09840588707082946
NA19066	NA19066	-0.03025331615751793	-0.1362160393735394	0.10596272321602147
NA19067	NA19067	-0.21029974781121932	-0.23073499831371008	0.02043525050249075
NA19068	NA19068	-0.15078724180334308	-0.19948107320815328	0.04869383140481019
NA19070	NA19070	-0.13833641149714948	-0.254624889313709	0.11628847781655954
NA19072	NA19072	-0.427550139345392	-0.3280105881392956	-0.09953955120609634
NA19074	NA19074	-0.33505689638751507	-0.49630715701030576	0.1612502606227907
NA19075	NA19075	0.03800729126333918	-0.03843825575895607	0.07644554702229525
NA19076	NA19076	-0.12690433904157636	-0.07815151431132109	-0.048752824730255266
NA19077	NA19077	0.5596626051154892	0.35166031196899716	0.208002293146492
NA19078	NA19078	-0.0726399990465938	-0.15940211904235185	0.08676211999575806
NA19079	NA19079	-0.3603798838862661	-0.2561397705692798	-0.10424011331698631
NA19080	NA19080	-0.3421342716210562	-0.30295722966548055	-0.039177041955575656
NA19081	NA19081	0.16254877312480154	0.06326503383461386	0.09928373929018768
NA19082	NA19082	-0.45426886672066363	-0.3376563344849274	-0.11661253223573625
NA19083	NA19083	-0.5007826326466548	-0.6300999913746491	0.12931735872799435
NA19084	NA19084	-0.2606105117031551	-0.4671132510132156	0.20650273931006052
NA19085	NA19085	-0.9619091113741733	-0.9527040573372507	-0.009205054036922665
NA19086	NA19086	-0.3625203960727166	-0.307089635450393	-0.05543076062232362
NA19087	NA19087	-0.4506601471267097	-0.46832762788981197	0.01766748076310228
NA19088	NA19088	0.30972148454625675	0.14519543008506303	0.16452605446119373
NA19089	NA19089	-0.10502409646034358	0.1191890571266413	-0.22421315358698488
NA19090	NA19090	0.14153426438455707	0.05933952785562724	0.08219473652892985
NA19091	NA19091	0.04306088978242345	0.05933952785562724	-0.016278638073203785
NA19092	NA19092	-0.8345175189657087	-0.8109259289349429	-0.02359159003076588
NA19093	NA19093	-0.14720271390726286	-0.08865541460691029	-0.058547299300352566
NA19095	NA19095	-0.759111320122738	-0.7428332718363964	-0.016278048286341645
NA19096	NA19096	-0.30998837901686876	-0.2707054254373071	-0.03928295357956167
NA19098	NA19098	-0.38356112530375785	-0.3707886466475902	-0.012772478656167624
NA19099	NA19099	-0.7731343772517412	-0.8644310450647026	0.09129666781296142
NA19102	NA19102	-1.1154202443853631	-1.028344417817425	-0.08707582656793805
NA19107	NA19107	-0.7504518559243836	-0.6671649263007566	-0.08328692962362699
NA19108	NA19108	-0.6857021982337244	-0.5924440760789438	-0.09325812215478063
NA19113	NA19113	-0.9534521374355978	-0.7971844554439187	-0.15626768199167906
NA19114	NA19114	-0.8531111247850703	-0.8948358787340112	0.04172475394894077
NA19116	NA19116	-0.6732580763136119	-0.627495557279326	-0.04576251903428585
NA19117	NA19117	-0.51737210124863	-0.5443260104511864	0.02695390920255645
NA19118	NA19118	-0.20278449647785196	-0.16674160958500578	-0.036042886892846196
NA19119	NA19119	-1.4559935727443312	-1.4957143097785535	0.03972073703422239
NA19121	NA19121	-0.2518152504361852	-0.36020345857832575	0.10838820814214055
NA19129	NA19129	-0.12198150006093025	-0.07845264098141344	-0.043528859079516806
NA19130	NA19130	-0.08861992260217216	-0.07132558389566841	-0.017294338706503747
NA19131	NA19131	-0.3532538209863388	-0.47186675680568446	0.11861293581934569
NA19137	NA19137	-0.28843061583347257	-0.41264989613555375	0.12421928030208117
NA19138	NA19138	-0.009527119690194027	-0.08384988715406508	0.07432276746387105
NA19141	NA19141	-0.5954728121521946	-0.5220104444306344	-0.0734623677215602
NA19143	NA19143	0.276976567091556	0.24733508435310797	0.029641482738448018
NA19144	NA19144	-0.2650685306440245	-0.2763913153205067	0.011322784676482189
NA19146	NA19146	-0.3493387842151826	-0.2898241683607921	-0.059514615854390523
NA19147	NA19147	-0.07542423917468077	-0.08405942525714638	0.008635186082465609
NA19149	NA19149	0.028031998695376554	-2.095381030813026e-4	0.028241536798457856
NA19152	NA19152	-0.16609305624180712	-0.01867110570892694	-0.14742195053288018
NA19153	NA19153	0.1395283451042469	0.11931780052836982	0.02021054457587706
NA19159	NA19159	0.07279936541249167	-0.027209479183296248	0.10000884459578792
NA19160	NA19160	0.07116138309554793	0.05785498695913702	0.013306396136410908
NA19171	NA19171	-0.263019998165655	-0.1431266748579219	-0.11989332330773313
NA19172	NA19172	-0.3937065067490593	-0.42389919660054154	0.030192689851482192
NA19175	NA19175	-0.326642290295607	-0.40113659544149416	0.07449430514588719
NA19184	NA19184	-0.5751473636783407	-0.5506463294150308	-0.024501034263309976
NA19185	NA19185	-0.29364429298439726	-0.3599571387749166	0.06631284579051934
NA19189	NA19189	0.21697515751647	0.3223739608656615	-0.1053988033491915
NA19190	NA19190	0.10965998836214547	0.18650834034197028	-0.07684835197982481
NA19197	NA19197	0.20214179521112036	0.24977337417658418	-0.04763157896546382
NA19198	NA19198	-0.6869397476075663	-0.8228646055446007	0.13592485793703443
NA19200	NA19200	-0.6514643724044252	-0.7718730206834152	0.12040864827898999
NA19201	NA19201	-0.2325004939658584	-0.21940953126177193	-0.01309096270408647
NA19204	NA19204	-0.09928728268790185	-0.12144942581653596	0.02216214312863411
NA19206	NA19206	-0.5688675100448642	-0.5619482958456502	-0.006919214199214094
NA19207	NA19207	-0.47895470325471867	-0.4824645698186942	0.003509866563975518
NA19209	NA19209	-0.364540997437669	-0.36523217314388606	6.911757062170508e-4
NA19210	NA19210	-0.2505870198569631	-0.16910336751025173	-0.08148365234671132
NA19213	NA19213	-0.25332396734551604	-0.24804791805800053	-0.005276049287515532
NA19214	NA19214	0.33782399716631983	0.14092837015632537	0.1968956270099945
NA19222	NA19222	-0.0875936844840299	0.04875486202072349	-0.1363485465047534
NA19223	NA19223	-0.6965971026094506	-0.714914282345865	0.0183171797364143
NA19225	NA19225	-0.3733746509299577	-0.20931449013296516	-0.16406016079699257
NA19235	NA19235	-0.6184907181243919	-0.4235519412439317	-0.19493877688046019
NA19236	NA19236	-0.10218712213135472	-0.16377426832914352	0.0615871461977888
NA19238	NA19238	-0.10116763419737183	-0.16555086455773566	0.06438323036036382
NA19239	NA19239	-0.24260327611730437	-0.2865121389739216	0.04390886285661722
NA19247	NA19247	-1.164539201225203	-1.1211247534491122	-0.04341444777609062
NA19248	NA19248	-0.12819641745564808	-0.22412979742512112	0.09593337996947306
NA19256	NA19256	-0.24561566917102529	-0.1142471885688138	-0.13136848060221148
NA19257	NA19257	-0.05509648099482127	0.06645378423854703	-0.1215502652333683
NA19307	NA19307	-0.36846290343235805	-0.36416985723190015	-0.004293046200457889
NA19308	NA19308	-0.11774997902072579	-0.00933555285446347	-0.10841442616626232
NA19309	NA19309	0.02918760874167134	-0.08115744756069038	0.11034505630236172
NA19310	NA19310	-0.3717084262289869	-0.36017829286865893	-0.011530133360327986
NA19312	NA19312	-0.2530879522493275	-0.13480015583336358	-0.11828779641596393
NA19314	NA19314	-0.29703019084218835	-0.2656339726643637	-0.03139621817782464
NA19315	NA19315	-1.7038397698672674	-1.6308035156982952	-0.07303625416897228
NA19316	NA19316	-0.28674406176612716	-0.32621272860560574	0.03946866683947858
NA19317	NA19317	-0.08915174332038259	-0.01846156760584565	-0.07069017571453694
NA19318	NA19318	-0.4419966072608736	-0.3360938442870975	-0.1059027629737761
NA19319	NA19319	-0.1511748589794401	-0.15586283256612954	0.004687973586689442
NA19320	NA19320	-1.0459644648192872	-1.0890398992574775	0.04307543443819023
NA19321	NA19321	0.3228742832274333	0.18650834034197028	0.13636594288546303
NA19323	NA19323	-0.4809773172981068	-0.4330979990307241	-0.04787931826738267
NA19324	NA19324	-0.07441677745896719	-0.15810335353016858	0.08368657607120139
NA19327	NA19327	-0.9006667439103697	-0.7147865774575621	-0.18588016645280758
NA19328	NA19328	-0.16061387889218437	-0.36313378042541444	0.20251990153323007
NA19331	NA19331	-1.4715042081276553	-1.4167747803381643	-0.05472942778949095
NA19332	NA19332	0.20482564720198343	0.12451830930076535	0.08030733790121808
NA19334	NA19334	-1.325034997257845	-1.4167747803381643	0.09173978308031928
NA19338	NA19338	-0.12725813741922354	-0.0095450909575448	-0.11771304646167874
NA19346	NA19346	0.17541454331586306	0.10305708025116467	0.0723574630646984
NA19347	NA19347	-0.2385752799976139	-0.2615520519437268	0.02297677194611293
NA19350	NA19350	-1.362328954832197	-1.2304305946920067	-0.13189836014019035
NA19351	NA19351	-0.7553853068795737	-0.6341833609389141	-0.12120194594065964
NA19355	NA19355	-1.1466933516541473	-1.143418984230142	-0.0032743674240051468
NA19359	NA19359	-0.15707411763355253	-0.2045385132078082	0.047464395574255656
NA19360	NA19360	0.08458213564839134	0.1888117347029038	-0.10422959905451246
NA19371	NA19371	0.30948395421027836	0.3296977553516626	-0.020213801141384276
NA19372	NA19372	-0.32504254334526994	-0.2806981536094099	-0.04434438973586004
NA19374	NA19374	-0.22850708314428755	-0.04366622257512068	-0.18484086056916688
NA19375	NA19375	-0.06070761836880865	-0.018008700129576068	-0.04269891823923258
NA19376	NA19376	-0.07020001575394257	-0.00413504408206794	-0.06606497167187463
NA19377	NA19377	-1.2700316086379402	-1.0910251741530375	-0.17900643448490272
NA19378	NA19378	-0.06777056076065927	0.060656292643397995	-0.12842685340405727
NA19379	NA19379	-0.5698714498115808	-0.4331878635566682	-0.13668358625491256
NA19380	NA19380	-0.28349657711328824	-0.15566108117345723	-0.127835495939831
NA19383	NA19383	-1.4371402997998866	-1.4386486254696387	0.001508325669752208
NA19384	NA19384	0.007537258074452963	-0.14790975614450871	0.15544701421896168
NA19385	NA19385	0.3791397315833468	0.2899844967992976	0.08915523478404919
NA19390	NA19390	-0.6247279103474417	-0.4832387244561688	-0.14148918589127288
NA19391	NA19391	-0.4473345701850443	-0.5806449800496921	0.1333104098646478
NA19393	NA19393	-0.8666517364633861	-0.7844784339889885	-0.08217330247439764
NA19394	NA19394	-0.006430213399051449	-0.16482815869385375	0.1583979452948023
NA19395	NA19395	-0.48325320470896044	-0.48899639543378726	0.005743190724826798
NA19397	NA19397	-0.10965191601771171	-0.023794025497045408	-0.08585789052066631
NA19398	NA19398	0.0028788203141154184	-0.013051520730368797	0.015930341044484216
NA19399	NA19399	-0.095376970962058355	-0.13480015583336358	0.03942318487130523
NA19401	NA19401	0.3358226607420801	0.3296977553516626	0.006124905390417483
NA19403	NA19403	0.016586305405013345	0.04081988066900526	-0.024233575263991912
NA19404	NA19404	0.09765973842478454	-0.018083464431914054	0.11574320285669859
NA19428	NA19428	-0.47025878955200423	-0.5906945080496371	0.12043571849763286
NA19429	NA19429	-0.1305773065988331	-0.13438107962720097	0.003803773028367863
NA19430	NA19430	0.4822722704829366	0.3744368688669055	0.10783540161603107
NA19431	NA19431	-0.5510420432379085	-0.5824043561471626	0.03136231290925407
NA19434	NA19434	-0.08279969258155917	-0.4303754127351567	0.34757572015359756
NA19435	NA19435	-1.1398249197566261	-1.1206013429350683	-0.019223576821557842
NA19436	NA19436	-1.2853721416153423	-1.1170851613081758	-0.16828698030716646
NA19437	NA19437	-0.34091345161432696	-0.2851038272259757	-0.05580962438835127
NA19438	NA19438	-1.8086996577689465	-1.8699412018512376	0.061241544082291155
NA19439	NA19439	-0.027762201234389026	-0.005928277201019294	-0.02183392403336973
NA19440	NA19440	0.411908746068005	0.4066868264508666	0.005221919617138341
NA19443	NA19443	-0.03530880090872353	-0.009126014751382173	-0.026182786157341355
NA19445	NA19445	-0.057496789682574434	-0.09658372851554303	0.0390869388329686
NA19446	NA19446	-0.9386615642634852	-0.8544249545433559	-0.08423660972012931
NA19448	NA19448	-0.2118911336745158	-0.20517944605089725	-0.006711687623618555
NA19449	NA19449	-0.2860751563650554	-0.4022227448644117	0.11614758849935627
NA19451	NA19451	-0.5716602723570928	-0.5427303295815364	-0.028929942775556383
NA19452	NA19452	-0.9265269892428764	-0.9704606151790358	0.04393362593615948
NA19454	NA19454	-0.26217004873760325	-0.15104042696766556	-0.11112962176993767
NA19455	NA19455	-1.539915750588988	-1.4892071944742926	-0.050708556114695304
NA19456	NA19456	-0.229076433959143	-0.24863613052293662	0.01955969656379362
NA19457	NA19457	-0.24912189788425834	-0.22607514422852554	-0.023046753655732805
NA19461	NA19461	-0.7769902888078211	-0.7244278119644152	-0.05256247684340583
NA19462	NA19462	0.3723417510202244	0.33362326133064923	0.03871848968957514
NA19463	NA19463	-0.4079431316433024	-0.35020550190857613	-0.05773762973472629
NA19466	NA19466	-0.9575795412488659	-1.074736103968695	0.117156562719829
NA19467	NA19467	-1.0091487425098347	-1.021091288817115	0.0119425463072805
NA19468	NA19468	-0.9039149859849207	-0.9299687654734123	0.026053779488491663
NA19471	NA19471	-0.07728241212219897	-0.16141954362392427	0.0841371315017253
NA19472	NA19472	-0.03871389531401806	-0.059043251513503515	0.020329356199485452
NA19473	NA19473	-0.21459230699773607	-0.14442248139530423	-0.07016982560243186
NA19474	NA19474	-1.3377851319751601	-1.2682359792292117	-0.06954915274594851
NA19475	NA19475	-0.14345244533524038	-0.19676778737921274	0.05331534204397237
NA19625	NA19625	-0.25173711804804183	-0.14711492098867893	-0.10462219705936292
NA19648	NA19648	0.2856366533677998	0.25390841825865207	0.03172823510914773
NA19649	NA19649	0.21531904234194157	0.19096475978149102	0.024354282560450562
NA19651	NA19651	0.29207698843667146	0.25910892703104765	0.032968061405623826
NA19652	NA19652	-1.1375423874263173	-1.1090933130816558	-0.028449074344661585
NA19654	NA19654	-0.0028161235313497457	-0.14191441221628337	0.13909828868493362
NA19655	NA19655	-0.16607412284611112	-0.24004608135437594	0.07397195850826484
NA19657	NA19657	-0.011443678357468776	-0.04363876453135162	0.03219508617388284
NA19658	NA19658	-0.04269025118001449	-0.2048911200836301	0.16220086890361562
NA19661	NA19661	-0.1207376653183719	-0.06719053981360049	-0.05354712550477142
NA19663	NA19663	-0.12526234696074667	-0.19948107320815328	0.0742187262474066
NA19664	NA19664	0.17659424612661395	0.12132955889683217	0.05526468722978178
NA19669	NA19669	-0.06757337127997676	0.05806452506221831	-0.12563789634219508
NA19670	NA19670	0.047891902093515	0.14488133417908103	-0.09698943208556603
NA19676	NA19676	-0.1594695421544579	-0.09088535567279905	-0.06858418648165886
NA19678	NA19678	0.23644706940286686	0.25390841825865207	-0.01746134885578522
NA19679	NA19679	0.16499386263986449	0.29911051155067975	-0.13411664891081526
NA19681	NA19681	-0.5129519933635339	-0.5180254876951221	0.005073494331588163
NA19682	NA19682	0.17659090438258318	0.09523716365220025	0.08135374073038291
NA19684	NA19684	0.26898033612132277	0.3592891779378988	-0.090308841816576
NA19700	NA19700	-0.3046342473904798	-0.14586818881798536	-0.15876605857249443
NA19701	NA19701	0.012959351936091407	-0.13480015583336358	0.14775950776945498
NA19703	NA19703	-0.7158195572233065	-0.7310438888962381	0.015224331672931546
NA19704	NA19704	-0.5005417127598446	-0.4587181405397132	-0.04182357222013139
NA19707	NA19707	-0.207656105140669	-0.27172478701686487	0.06406868187619585
NA19711	NA19711	-0.3673989832752358	-0.21855963366106154	-0.14883934961417428
NA19712	NA19712	-0.3744933882562891	-0.2801522286168766	-0.09434115963941245
NA19713	NA19713	0.2427347792209874	0.32449724657926704	-0.08176246735827963
NA19716	NA19716	-0.07085799502865289	-0.22923816909315062	0.15838017406449773
NA19717	NA19717	-0.3401579833121363	-0.16889382940717046	-0.17126415390496585
NA19719	NA19719	0.002562975098078138	0.06326503383461386	-0.060702058736535724
NA19720	NA19720	-0.18789596530999153	-0.26904061548411845	0.0811446501741269
NA19722	NA19722	-0.29770348928729695	-0.26891754916869104	-0.028785940118605885
NA19723	NA19723	-0.10842994108875065	-0.003925505978986624	-0.10450443510976402
NA19725	NA19725	-0.02615867955708656	0.023342237179167558	-0.04950091673625412
NA19726	NA19726	-0.5057689468821114	-0.4007350132800639	-0.10503393360204755
NA19728	NA19728	-0.055463903088079886	-0.11836263693403451	0.06289873384595462
NA19729	NA19729	-0.587032067633942	-0.5852160275087226	-0.001816040125219445
NA19731	NA19731	-0.0527616468914849	-0.10170328959356993	0.04894164270208503
NA19732	NA19732	0.0878177322928706	0.05806452506221831	0.029753207230652293
NA19734	NA19734	-0.03641139753389637	-0.016659347340464592	-0.019752050193431774
NA19735	NA19735	-0.24928761137884087	-0.3078097857302055	0.058522174351364635
NA19740	NA19740	-0.0336039680321596	-0.020584853319451202	-0.0130191147127084
NA19741	NA19741	0.2939165462069995	0.18459459273144604	0.10932195347555346
NA19746	NA19746	-0.48048880480626244	-0.5175449036876671	0.037056098881404695
NA19747	NA19747	-0.3493236616301753	-0.30710148999933157	-0.04222217163084374
NA19749	NA19749	-0.08043842464712678	-0.03451274977996946	-0.04592567486715732
NA19750	NA19750	-0.06707747864106746	-0.0747238724026829	0.007646393761615438
NA19752	NA19752	0.08601571704060561	0.19584389319643378	-0.10982817615582817
NA19755	NA19755	-1.282149102619845	-1.1539185918401926	-0.1282305107796523
NA19756	NA19756	0.15384232617423355	0.21694201715290545	-0.06309969097867192
NA19758	NA19758	-0.6041879891122006	-0.4405787713825703	-0.16360921772963033
NA19759	NA19759	0.00710808551162781	-0.06719053981360049	0.0742986253252283
NA19761	NA19761	-0.07399094451143548	-0.09777778361458332	0.023786839103147838
NA19762	NA19762	-1.0589113297335713	-1.086728052026592	0.02781672229302088
NA19764	NA19764	-0.40719828881078385	-0.387518311815802	-0.019679976994981845
NA19770	NA19770	-0.4055539338237381	-0.2898803984746337	-0.1156735353491044
NA19771	NA19771	-0.32924406700660097	-0.2684515666915104	-0.06079250031509059
NA19773	NA19773	-0.3353837363565285	-0.2615520519437268	-0.07383168441280169
NA19774	NA19774	-0.7557278188037847	-0.6976360320094974	-0.05809178679428724
NA19776	NA19776	-0.02906846675590379	-0.009126014751382173	-0.019942452004521615
NA19777	NA19777	0.18000928466545837	0.12653006766922772	0.05347921699623064
NA19779	NA19779	0.36904805306026955	0.29911051155067975	0.06993754150958983
NA19780	NA19780	0.029895144941246538	-0.06367853668052706	0.0935736816217736
NA19782	NA19782	-0.13444595949711502	-0.016659347340464592	-0.11778661215665043
NA19783	NA19783	-0.15833727558636956	-0.10170328959356993	-0.05663398599279962
NA19785	NA19785	0.001047208794386953	0.018351266509853303	-0.01730405771546635
NA19786	NA19786	0.026687458062005363	0.06326503383461386	-0.0365775757726085
NA19788	NA19788	0.5577079966124183	0.316924771037884	0.24078322557453427
NA19789	NA19789	-0.2671334793818625	-0.2653871485963463	-0.0017463307855161828
NA19792	NA19792	0.04097733736970863	-0.027188955293968337	0.06816629266367696
NA19794	NA19794	-0.09088266100048942	-0.24489270460326223	0.15401004360277282
NA19795	NA19795	0.012167342355462227	0.11612905012443663	-0.1039617077689744
NA19818	NA19818	-0.08991212424922622	-0.1351233546854928	0.04521123043626658
NA19819	NA19819	0.2753237272585381	0.254185442533344	0.0211382847251941
NA19834	NA19834	-0.3572860496916751	-0.37014776947908107	0.012861719787405948
NA19835	NA19835	-0.13917266837092077	-0.086705178860575	-0.05246748951034577
NA19900	NA19900	-0.6267976824510346	-0.5871056360658259	-0.03969204638520869
NA19901	NA19901	0.22248420039639685	0.31303840801119803	-0.09055420761480118
NA19904	NA19904	0.5836935883840928	0.31763140211520946	0.2660621862688834
NA19908	NA19908	-0.2040014916346028	-0.10289155414793644	-0.10110993748666637
NA19909	NA19909	-0.7517374342408638	-0.6992978159803898	-0.0524396182604741
NA19913	NA19913	0.0820333884026477	0.05785498695913702	0.02417840144351069
NA19914	NA19914	-0.23578272273813794	-0.15808158452855425	-0.07770113820958367
NA19916	NA19916	-0.03104503776041874	-0.018252029502764347	-0.012793008257654392
NA19917	NA19917	-0.6438414073156788	-0.7226842664182186	0.0788428591025398
NA19920	NA19920	-0.31350109670858944	-0.3349879601271823	0.021486863418592832
NA19921	NA19921	-0.543545517329199	-0.6026668260805308	0.05912130875133183
NA19922	NA19922	0.031043753400180937	-0.04384830263443293	0.07489205603461387
NA19923	NA19923	0.03509925683667524	0.09292602461449563	-0.05782676777782039
NA19982	NA19982	-0.20330413083298846	-0.08384988715406508	-0.11945424367892338
NA19984	NA19984	-0.8986687152604118	-0.7055655435717199	-0.19310317168869193
NA20126	NA20126	-0.4210595862305728	-0.2506435831077397	-0.17041600312283312
NA20127	NA20127	-0.7871735440471046	-0.7640349820139818	-0.02313856203312277
NA20274	NA20274	0.03883308947531158	0.1119940060423687	-0.07316091656705712
NA20276	NA20276	0.2927761393947647	0.12042090963805101	0.1723552297567137
NA20278	NA20278	-0.4638695190291521	-0.504114887828473	0.040245368799320946
NA20281	NA20281	0.11487721193275406	0.19170884911436586	-0.0768316371816118
NA20282	NA20282	0.048872896830426255	-0.07652609266806396	0.1253989894984902
NA20287	NA20287	-0.7466335300539398	-0.74167626923974594	-0.004957260814193898
NA20289	NA20289	-0.38994664523014455	-0.1496242373328307	-0.24032240789731385
NA20291	NA20291	-1.0262473292178274	-0.9467926912824624	-0.07945463793536499
NA20294	NA20294	-0.5877621434433207	-0.6481279041618109	0.06036576071849016
NA20296	NA20296	-0.011644488605707971	0.03481414602138102	-0.04645863462708899
NA20298	NA20298	-0.17639251235120587	-0.14191441221628337	-0.034478100134922494
NA20299	NA20299	-0.40230833132823896	-0.4676358257187531	0.06532749439051413
NA20314	NA20314	-0.01996841553457264	-0.05345214079912985	0.03348372526455721
NA20317	NA20317	-0.2782769182483482	-0.22762459921650585	-0.05065231903184238
NA20318	NA20318	-0.4520155814661486	-0.42517419939395046	-0.02684138207219816
NA20320	NA20320	-0.0016942081802701764	0.05292444009486351	-0.054618648275133685
NA20321	NA20321	-0.10729160060945919	-0.16085380323544377	0.05356220262598458
NA20332	NA20332	-0.3263588820982818	-0.4090484008891508	0.08268951879086901
NA20334	NA20334	-1.1202881089552696	-1.1172946994112571	-0.0029934095440125544
NA20339	NA20339	0.24921759894094295	0.32057174060028043	-0.07135414165933748
NA20340	NA20340	-0.054380965810026896	0.014216222427785391	-0.06859718823781229
NA20342	NA20342	-0.7318259926286134	-0.6139710335759446	-0.11785495905266874
NA20346	NA20346	-0.5346169382092048	-0.6558142020483502	0.12119726383914538
NA20348	NA20348	-0.24510110380851688	-0.15124996507074687	-0.09385113873777001
NA20351	NA20351	-0.7161730415188057	-0.6689030553563499	-0.04726998616245581
NA20355	NA20355	-1.4430104773628567	-1.531486329218722	0.08847585185586528
NA20356	NA20356	0.38645873392767355	0.19170884911436586	0.19474988481330768
NA20357	NA20357	7.45262011519851e-4	0.1222197782248258	-0.12147451621330595
NA20359	NA20359	-0.126460153708487	-0.2357666898518801	0.10930653614339308
NA20362	NA20362	-0.08424942376095951	-0.24489270460326223	0.16064328084230273
NA20412	NA20412	-0.562924540196393	-0.5743392202113755	0.011414680014982501
NA20502	NA20502	0.020434059339106025	-0.07262962284730741	0.09306368218641344
NA20503	NA20503	0.19690322399975657	0.019626269303262243	0.17727695469649432
NA20504	NA20504	0.24663991456024223	0.1821642868104391	0.06447562774980312
NA20505	NA20505	-0.13817425446887877	-0.021859856112860135	-0.11631439835601863
NA20506	NA20506	0.0724071512406535	0.16133114341646432	-0.08892399217581082
NA20507	NA20507	-0.3743388814541197	-0.394682645262219	0.020343763808099317
NA20508	NA20508	-0.03728421258593759	-0.17770216478966178	0.1404179522037242
NA20509	NA20509	-0.27815850858342245	-0.37375559608917686	0.09559708750575442
NA20510	NA20510	-0.3859076497714829	-0.3259391737403348	-0.05996847603114807
NA20511	NA20511	0.21388341471159975	0.20104440196882933	0.012839012742770415
NA20512	NA20512	-0.2760385261091	-0.3105177324265242	0.0344792063174242
NA20513	NA20513	-0.0439868085218008	0.06326503383461386	-0.10725184235641466
NA20514	NA20514	0.30659544524021143	0.21646749848732727	0.09012794675288419
NA20515	NA20515	0.13216999622801678	0.018351266509853303	0.1138187297181635
NA20516	NA20516	-0.6544663475184477	-0.6647760790539905	0.010309731535542767
NA20517	NA20517	0.18699363399018123	0.11612905012443663	0.07086458386574461
NA20518	NA20518	0.020007443730000928	-0.04363876453135162	0.06364620826135255
NA20519	NA20519	-0.4126271653742166	-0.41041114934487266	-0.0022160160293439525
NA20520	NA20520	0.05929851316704325	0.13777936813421546	-0.0784808549671722
NA20521	NA20521	-0.329743986371609	-0.24358221339061858	-0.08616177298099044
NA20522	NA20522	-0.22980385581715226	-0.23921795841306448	0.00941410259591221
NA20524	NA20524	-0.11059035008510971	-0.08440262122860878	-0.026187728856500937
NA20525	NA20525	0.40269357328500704	0.3132479461142793	0.08944562717072774
NA20527	NA20527	-0.6364421797839374	-0.365808298299904	-0.27063388148403333
NA20528	NA20528	0.22850896132176085	0.16133114341646432	0.06717781790529653
NA20529	NA20529	0.11531692105433569	0.12132955889683217	-0.006012637842496483
NA20530	NA20530	-0.014185186800123109	0.06305549573153257	-0.07724068253165568
NA20531	NA20531	0.22575747649336508	0.21939566847868264	0.006361808014682446
NA20532	NA20532	0.12031458418396875	0.08161630034446717	0.03869828383950158
NA20533	NA20533	0.08888258325445615	0.06326503383461386	0.02561754941984229
NA20534	NA20534	0.23787043580154504	0.06618226781720297	0.17168816798434208
NA20535	NA20535	-0.4104043452928613	-0.2595014413469471	-0.1509029039459142
NA20536	NA20536	-0.03784621200332654	0.08161630034446717	-0.1194625123477937
NA20537	NA20537	0.08808416225574196	0.11612905012443663	-0.028044887868694662
NA20538	NA20538	0.4081413967848436	0.1793940839590505	0.22874731282579314
NA20539	NA20539	0.016722298355093895	0.11220354414545	-0.0954812457903561
NA20540	NA20540	-0.04462205036565188	-0.018252029502764347	-0.026370020862887533
NA20541	NA20541	0.10238517343677966	0.06726170168374662	0.03512347175303305
NA20542	NA20542	-0.09524406164183957	-0.1575348257706501	0.062290764128810516
NA20543	NA20543	0.15382691203886278	-0.04627980608493086	0.20010671812379366
NA20544	NA20544	-0.4644445673877492	-0.38937213431228884	-0.07507243307546034
NA20581	NA20581	0.5507930223694936	0.4549528202274814	0.09584020214201218
NA20582	NA20582	0.09367711250622793	-0.03018855329137294	0.12386566579760086
NA20585	NA20585	0.0035235965647214124	0.05806452506221831	-0.0545409284974969
NA20586	NA20586	0.5772574266402861	0.36885881985072044	0.2083986067895657
NA20587	NA20587	0.12870644860003722	0.11887590757105498	0.009830541028982238
NA20588	NA20588	0.13292289642238678	0.02581299277953808	0.1071099036428487
NA20589	NA20589	0.03854275564328173	0.12730163139058276	-0.08875887574730103
NA20752	NA20752	0.333018745746358	0.3136305866064504	0.019388159139907615
NA20753	NA20753	-0.09592117488408525	-0.2174154233420268	0.12149424845794154
NA20754	NA20754	0.09173480568347245	-0.021859856112860135	0.11359466179633258
NA20755	NA20755	0.30527549845688956	0.33882377010304476	-0.033548271646155224
NA20756	NA20756	0.006253987043783209	0.05806452506221831	-0.051810538018435104
NA20757	NA20757	0.19777360151685786	0.12132955889683217	0.07644404262002569
NA20758	NA20758	-0.21399069587322073	-0.2576265459647402	0.0436358500915195
NA20759	NA20759	0.03457012970090328	0.02650722191901876	0.008062907781884515
NA20760	NA20760	-0.09679863169885024	-0.02578536209184676	-0.07101326960700348
NA20761	NA20761	-0.1886395884829123	-0.20517944605089725	0.016539857567984942
NA20762	NA20762	-0.03282883456612372	0.05785498695913702	-0.09068382152526074
NA20763	NA20763	-0.09870031936347931	-0.03971325855236501	-0.058987060811114295
NA20764	NA20764	0.13303049814742496	0.13777936813421546	-0.0047488699867904854
NA20765	NA20765	0.3380135500798913	0.4430196196073667	-0.10500606952747538
NA20766	NA20766	-0.4323494392551701	-0.3187411050428636	-0.11360833421230646
NA20767	NA20767	-0.6535766515696653	-0.5853014493652153	-0.06827520220444988
NA20768	NA20768	0.01794954202811591	-0.18133200092706828	0.1992815429551842
NA20769	NA20769	-0.07948705544396618	0.04893851031083614	-0.12842556575480232
NA20770	NA20770	-0.2625032074616981	-0.37743547006906014	0.11493226260736207
NA20771	NA20771	0.01465192634781981	-0.04363876453135162	0.05829069087917143
NA20772	NA20772	-0.15908573063620843	-0.20892153345048425	0.049835802814275826
NA20773	NA20773	0.15425078925539074	0.1791845458559692	-0.024933756600578488
NA20774	NA20774	-0.47556230047409864	-0.3514512644382194	-0.12411103603587925
NA20775	NA20775	-0.19023756243636328	-0.21173167681554333	0.02149411437918006
NA20778	NA20778	-0.39458879688206205	-0.4632060988456942	0.06861730196363212
NA20783	NA20783	-0.3336790212739178	-0.31502513716695835	-0.018653884106959454
NA20785	NA20785	0.18342121677452516	0.05806452506221831	0.12535669171230684
NA20786	NA20786	0.15347134554296862	0.10578942068386818	0.04768192485910045
NA20787	NA20787	0.28146570811160954	0.4451753744157031	-0.1637096663040936
NA20790	NA20790	-0.19961109917591166	-0.13296455894596879	-0.06664654022994287
NA20792	NA20792	-0.2583028371003296	-0.3109150961041451	0.05261225900381551
NA20795	NA20795	0.2994136255841224	0.24933148121926935	0.050082144364853046
NA20796	NA20796	0.42173578004127926	0.33362326133064923	0.08811251871063001
NA20797	NA20797	-0.11749143371320647	-0.07631655456498265	-0.04117487914822382
NA20798	NA20798	-0.27414097451865665	-0.23244949784711932	-0.041691476671537324
NA20799	NA20799	-0.15039729087013018	-0.27468339786864815	0.12428610699851797
NA20800	NA20800	-0.005925856740646732	0.09806610958185044	-0.10399196632249717
NA20801	NA20801	-0.3239561646597469	-0.10690379836596547	-0.21705236629378144
NA20802	NA20802	-0.2438001756317699	-0.14711492098867893	-0.09668525464309097
NA20803	NA20803	-0.1381532460467026	-0.2324199829017743	0.0942667368550717
NA20804	NA20804	0.15854319088830116	0.11612905012443663	0.04241414076386454
NA20805	NA20805	0.07705592526031385	0.019626269303262243	0.0574296559570516
NA20806	NA20806	-0.06410301333548703	-0.04384830263443293	-0.020254710701054102
NA20807	NA20807	-0.18200118140665772	-0.06954325539991259	-0.11245792600674515
NA20808	NA20808	0.16541209230322473	0.19584389319643378	-0.030431800893209043
NA20809	NA20809	0.07896087259297135	-0.016161483270116142	0.0951223558630875
NA20810	NA20810	-0.08815315212082062	-0.13749104216694832	0.04933789004612771
NA20811	NA20811	-0.4266442226148882	-0.323312589386478	-0.10333163322841021
NA20812	NA20812	-0.018322040230718064	-0.041801039455458544	0.02347899922474048
NA20813	NA20813	-0.3897031395040463	-0.36719319685362284	-0.022509942650423467
NA20814	NA20814	-0.004331388986351048	-0.13749104216694832	0.13315965318059728
NA20815	NA20815	0.21265542328863854	0.22459617725107817	-0.011940753962439637
NA20816	NA20816	-0.030584172018883776	-0.16760936498176304	0.13702519296287927
NA20818	NA20818	-0.3569669281094128	-0.4022079065209254	0.04524097841151262
NA20819	NA20819	0.16551246223531185	-0.016659347340464592	0.18217180957577644
NA20821	NA20821	0.32977591002238327	0.11220354414545	0.21757236587693327
NA20822	NA20822	0.17144682885045093	0.07777692610397936	0.09366990274647156
NA20826	NA20826	0.05056819142346682	0.030875569768249976	0.019692621655216846
NA20827	NA20827	0.2909048526569812	0.09806610958185044	0.19283874307513077
NA20828	NA20828	-0.14325614980600368	0.004471994354389629	-0.14772814416039332
NA20829	NA20829	-0.3174554716240113	-0.2802026803116315	-0.03725279131237982
NA20831	NA20831	-0.08007080521150753	0.018351266509853303	-0.09842207172136083
NA20832	NA20832	0.08967968247149045	-0.09777778361458332	0.18745746608607378
NA20845	NA20845	-0.49701394080986205	-0.6726782154350076	0.17566427462514558
NA20846	NA20846	0.32300521051869346	0.16352254251250997	0.1594826680061835
NA20847	NA20847	0.3328180120983198	0.1793940839590505	0.1534239281392693
NA20849	NA20849	0.05446894756561815	0.07518269470892847	-0.02071374714331031
NA20850	NA20850	-0.01818304251303765	-0.19155411038082093	0.17337106786778328
NA20851	NA20851	0.1101040609977532	-0.003925505978986624	0.11402956697673983
NA20852	NA20852	-0.23402906591029668	-0.29096566336229446	0.05693659745199778
NA20853	NA20853	0.15069027921314992	0.317173452093266	-0.16648317288011605
NA20854	NA20854	-0.8129848944035728	-0.7977665684528185	-0.015218325950754322
NA20856	NA20856	-0.47962678060914377	-0.5667021791916341	0.08707539858249036
NA20858	NA20858	-0.5472220216456873	-0.701430499489652	0.15420847784396463
NA20859	NA20859	0.16556942370854427	0.13385386215522882	0.031715561553315466
NA20861	NA20861	-0.208187475786697	-0.18339537148061213	-0.02479210430608485
NA20862	NA20862	0.06174077288565584	-0.03843825575895607	0.10017902864461191
NA20863	NA20863	-0.28547735970609844	-0.15432821556460108	-0.1311491441414974
NA20864	NA20864	0.22406977849801746	0.20104440196882933	0.023025376529188114
NA20866	NA20866	-0.02433979771380143	0.06441984677221624	-0.08875964448601767
NA20867	NA20867	0.07566292748702143	0.023551775282248853	0.052111152204772575
NA20868	NA20868	0.18193285035063803	-0.009126014751382173	0.1910588651020202
NA20869	NA20869	0.7093982614836627	0.6170061486316846	0.09239211285197814
NA20870	NA20870	-0.5468423003271029	-0.5853014493652153	0.038459149038112476
NA20872	NA20872	0.3433214512013796	0.09806610958185044	0.2452553416195291
NA20873	NA20873	-0.2784919001319714	0	-0.2784919001319714
NA20874	NA20874	0.1384604362249753	-0.03971325855236501	0.17817369477734032
NA20875	NA20875	-0.23572250260528763	-0.22104525947943326	-0.01467724312585437
NA20876	NA20876	-0.13656111826873243	-0.10690379836596547	-0.02965731990276695
NA20877	NA20877	0.0549946692136872	-0.06679923369083557	0.12179390290452277
NA20878	NA20878	0.23282308709607974	0.35865689440397547	-0.12583380730789573
NA20881	NA20881	0.19697544048230653	0.19037575459952932	0.006599685882777197
NA20882	NA20882	-0.5189116924395341	-0.5008926500333473	-0.018019042406186816
NA20883	NA20883	0.0658738468957035	0.018351266509853303	0.047522580385850194
NA20884	NA20884	-0.44851361320964694	-0.33649532836861906	-0.1120182848410279
NA20885	NA20885	0.3471069680583454	0.20104440196882933	0.14606256608951604
NA20886	NA20886	0.3432487349483192	0.30343720875680447	0.03981152619151471
NA20887	NA20887	0.011296364775007756	0.07058882832061497	-0.059292463545607216
NA20888	NA20888	0.08543774343381975	0.1793940839590505	-0.09395634052523073
NA20889	NA20889	-0.6956494139194582	-0.6202346199192107	-0.07541479400024748
NA20890	NA20890	-0.09648314212757073	-0.1144371309550479	0.01795398882747717
NA20891	NA20891	-0.5725137375637197	-0.5641576838679612	-0.008356053695758588
NA20892	NA20892	0.2737815878188166	0.292779706674628	-0.01899811885581138
NA20894	NA20894	-0.2643219048250869	-0.28697872260818263	0.02265681778309578
NA20895	NA20895	-1.546746715422636	-1.5443534254790285	-0.0023932899436075066
NA20896	NA20896	-0.04119302394204884	0.005488834739662676	-0.04668185868171151
NA20897	NA20897	0.20819196099721313	0.20104440196882933	0.007147559028383785
NA20899	NA20899	-0.5538720162286875	-0.39330151562253013	-0.16057050060615738
NA20900	NA20900	-1.024021470133976	-0.9306692542741075	-0.09335221585986848
NA20901	NA20901	0.186699305109989	0.2643094358034432	-0.0776101306934542
NA20902	NA20902	0.059826705848247744	0.023551775282248853	0.03627493056599889
NA20903	NA20903	-0.07820131668173688	-0.027188955293968337	-0.05101236138776854
NA20904	NA20904	-0.920679918771662	-1.0030772379424888	0.08239731917082682
NA20905	NA20905	-0.21989888694954868	-0.09777778361458332	-0.12212110333496536
NA20906	NA20906	0.12741645747556682	0.023551775282248853	0.10386468219331797
NA20908	NA20908	-0.9304555112785727	-0.8083342978556175	-0.12212121342295526
NA20910	NA20910	-0.4303038488670323	-0.3597112635150552	-0.07059258535197707
NA20911	NA20911	0.006525143951843421	0.036076078540645526	-0.029550934588802105
NA21086	NA21086	0.1705677812980127	0.06326503383461386	0.10730274746339884
NA21087	NA21087	0.0646851653109585	0.10046483187470585	-0.035779666563747356
NA21088	NA21088	-0.1776550181903678	-0.22671926415059712	0.04906424596022932
NA21089	NA21089	-0.20517860308850516	-0.23516584562603388	0.02998724253752871
NA21090	NA21090	-0.3704066172908731	-0.3175730600953102	-0.0528335571955629
NA21091	NA21091	-0.5331292205959192	-0.5293432951781434	-0.003785925417775749
NA21092	NA21092	-0.3525811165432601	-0.3000916781136766	-0.05248943842958351
NA21093	NA21093	-0.1829175722168035	-0.15653823191463023	-0.02637934030217326
NA21094	NA21094	-0.4767061165840851	-0.3631132818991319	-0.11359283468495321
NA21095	NA21095	0.4636545295313951	0.25390841825865207	0.209746111272743
NA21097	NA21097	-0.18102043277194313	-0.13480937208514662	-0.04621106068679651
NA21098	NA21098	-0.11171403191406566	-0.008072348637506388	-0.10364168327655927
NA21099	NA21099	0.31138486917699315	0.3712542164023034	-0.05986934722531021
NA21100	NA21100	-0.266581669749136	-0.2143054608022794	-0.052276208946856584
NA21101	NA21101	-0.0071646297632022155	0.05413901908323169	-0.061303648846433904
NA21102	NA21102	-0.01874696751742786	-0.009126014751382173	-0.009620952766045687
NA21103	NA21103	-0.18175307660234402	-0.2733575931051746	0.09160451650283058
NA21104	NA21104	0.0764929650043301	0.05806452506221831	0.01842843994211179
NA21105	NA21105	0.1235261648918709	-0.03971325855236501	0.16323942344423592
NA21106	NA21106	-1.084492160732769	-1.0544037434882485	-0.03008841724452066
NA21107	NA21107	-0.4454010234082091	-0.48787487758090714	0.04247385417269805
NA21108	NA21108	-0.203331265441129	-0.10858750746701844	-0.09474375797411055
NA21109	NA21109	0.024008701772160496	0.11612905012443663	-0.09212034835227613
NA21110	NA21110	0.10541870108812673	-0.04363876453135162	0.14905746561947836
NA21111	NA21111	-0.3363970322475314	-0.1965226361295208	-0.1398743961180106
NA21112	NA21112	-0.7876288008974575	-0.8428470476355869	0.05521824673812942
NA21113	NA21113	0.09581220655810414	0.11220354414545	-0.016391337587345855
NA21114	NA21114	-0.3842734676780035	-0.3273693136172369	-0.05690415406076658
NA21115	NA21115	-0.5529403453696413	-0.6133538854774088	0.06041354010776744
NA21116	NA21116	0.0741947014159698	-0.07034448207123208	0.14453918348720188
NA21117	NA21117	-0.6064570891921497	-0.6949725375189446	0.08851544832679493
NA21118	NA21118	0.06286110803417108	0.040001584519632136	0.02285952351453894
NA21119	NA21119	0.3004019143403871	0.2836536919232458	0.01674822241714129
NA21120	NA21120	-0.26020741708509604	-0.30112325085792696	0.04091583377283093
NA21121	NA21121	0.08193765130485302	0.05806452506221831	0.02387312624263471
NA21122	NA21122	0.13878580960468845	0.11612905012443663	0.022656759480251826
NA21123	NA21123	0.10391644905384584	0.13777936813421546	-0.03386291908036962
NA21124	NA21124	-0.3062531256235145	-0.36335671194829045	0.05710358632477598
NA21125	NA21125	0.06258130217593233	0.01679740601778043	0.0457838961581519
NA21126	NA21126	0.27691899281347904	0.2664327215170487	0.010486271296430325
NA21127	NA21127	0.4378732683766756	0.33882377010304476	0.09904949827363087
NA21128	NA21128	-0.1115390438270965	-0.3047249303774443	0.1931858865503478
NA21129	NA21129	0.02672006461887855	-0.002824552869424256	0.029544617488302807
NA21130	NA21130	-0.4421520087312527	-0.3683137906715274	-0.07383821805972528
NA21133	NA21133	-0.2076737339868458	-0.12326747586484997	-0.08440625812199581
NA21135	NA21135	-0.07903466804559062	-0.3057734226575121	0.2267387546119215
NA21137	NA21137	-0.27692428312534184	-0.08384988715406508	-0.19307439597127676
NA21141	NA21141	-0.015659494972319613	0	-0.015659494972319613
NA21142	NA21142	0.25335881390338255	0.12132955889683217	0.13202925500655036
NA21143	NA21143	-0.22141338405593736	-0.20800391961820425	-0.013409464437733104
NA21144	NA21144	-0.2505085186626369	-0.1649683234281838	-0.08554019523445311
